708069,3378874,1581392,1143892,3359131,701749,5129016,8739272,6111816,488880,822957,3437425,6791696,1132707,1185014,2860438,606092,6209483,2175531,3527701,415077,3516354,2783156,3157651,940266,1133190,4713003,1264988,7624493,1030232,1000016,1047821,3470666,583544,543298,6115710,828022,490725,5656648,1040584,4661883,3435245,3023474,6347671,4420208,6101671,3486847,614837,6073979,6347800,792573,979076,1205097,988757,7016180,3361971,6110997,859122,628945,2972913,1034650,2788842,2838156,925015,6973549,3144662,629845,6642291,1071967,465355,4479156,2840035,778495,1165710,5460542,1259937,5806414,700752,545584,809054,752066,469861,465649,2895323,674294,1143719,8857328,2868261,778472,6134443,3491461,951412,3679820,3195685,3559799,2740885,5152695,6110843,720685,3523392
1581393,1184641,4661884,3157652,708070,822958,3437426,8739273,6982151,6288471,5152696,3023475,3465555,543299,1143893,3359132,6111817,628946,2393750,3486848,1033984,6110998,6347672,7035675,1264989,5886428,2990568,2860439,701750,2982531,990303,3378875,1040585,1030233,2175532,6209484,488881,3526659,2895324,1170547,583545,581930,3555084,3003986,7051792,2991242,1261295,1143720,5553080,799710,3263580,1052890,8857329,3361972,3393463,2788843,6026091,3841757,1047822,3470667,743627,2970008,3210996,6791697,7016181,599303,6579994,3516355,2878125,828023,1185015,859123,1071968,2986685,2803565,6010970,925016,606093,3144663,2857912,3559800,1194980,3227570,5423445,6339920,924217,6347801,5460501,6821962,5912700,4598127,3356993,1018865,890354,1199811,7073034,1444090,5300586,778496,616094
3486849,708071,1581394,628947,3437427,1184642,3437285,7035676,2878126,8739274,543300,3378876,5152697,5345762,3555085,1052891,4563195,6821963,3210997,1030234,773296,5460544,3023476,6982152,5794003,5300587,1139129,6288472,5813791,1178469,877043,3263581,2982532,2866033,6339921,3256240,1040063,3260576,2860440,946807,1015015,4598128,3359133,1169356,2730127,1116836,1264990,2960994,5625056,635301,488882,2738215,3517935,3515267,931725,2890005,1095111,1071969,2872584,688322,890355,1040586,5991351,1159061,2754134,526938,606094,7051793,2757612,1939290,938590,505000,2803566,2986228,2857913,2788580,860337,940518,1199812,1781628,4505095,1314689,645387,1004015,5553081,6110999,2885289,6145834,789977,1535758,929211,970794,2809479,2735760,517835,6143751,6114154,3006525,748222,3213574
6982153,6099378,9835694,708072,3486850,6114155,1184643,3210998,1116837,628948,3526589,7051794,543301,1030235,1052892,748223,3369079,6327785,828025,940519,9731946,4567133,981635,992352,2735761,708381,1002646,7035677,1040064,938591,5578129,1071970,1167255,773297,6134220,6259946,4519567,8739275,1178470,4563196,526939,2314475,2982533,6266180,6288473,688323,497100,1059064,964415,839390,2720339,992804,2986229,5991352,2878127,8988247,2809480,1010429,507023,3523395,6231737,1169357,6807686,2754135,5460545,581664,1140877,812425,3248278,7006216,4771436,5999624,2991231,1040587,6195419,656074,5813792,635302,2817058,8810768,2784847,5002323,720688,2259937,929212,525856,3002584,3288187,5417225,4512709,4505096,789978,2890006,617728,6854957,491698,458440,717973,860732,4471477
9835695,6288943,5984952,4856674,9402829,6231738,4445815,529082,1011736,9909605,9854329,938592,6178383,5373175,1938847,617489,5465254,1179357,6266181,4390498,729231,1071971,771991,2928165,993962,5761688,4496759,761530,964416,902682,6288474,5525402,990826,5853408,9463017,1171249,9607353,3274548,5320964,6335034,881539,4471478,552344,5740347,3210999,426848,932139,5593390,9880507,497101,5914483,6351253,4874865,4424825,6854958,9482790,2301656,645389,2890007,9752170,9921657,4435360,622247,9677670,5570853,5581474,815897,1178471,9629736,9847242,1135449,2314476,1356261,9757529,1011445,9618360,413366,5238597,601200,4562697,5418951,5740831,673675,2100050,4484738,9806467,4744655,4691336,9645418,2325267,5780332,855810,653175,881779,4550889,4426466,5840183,1082843,2095281,4645217
9835696,5984953,529083,1040066,771992,761235,548465,5761689,6178384,941663,634388,5914484,516894,1177604,4435361,729232,6854959,3020386,647853,646673,4414354,442104,990827,665426,3274549,9581341,6139231,5955284,1071972,5696396,6266182,5853409,2068557,938593,1011737,881780,6351254,1187568,5949968,4743346,4471479,497102,790357,6288475,425051,4562698,9800959,4437575,854415,4484739,2031828,1035791,709996,2921413,529938,5734884,3143725,886815,2981591,552345,2356010,755054,429864,2828778,1082138,2961166,942521,757337,3212350,591050,4483979,5953822,9575271,5966500,645390,9751816,908245,4980708,4513791,3247627,5840184,5049237,9620247,2734940,2958774,881540,2031698,1305375,3312361,996543,1178472,5815264,626643,9773837,1169897,9629737,6015885,1082844,887134,1283640
941664,679088,3007386,761236,1187569,2068558,516895,397324,3143768,9410984,3260701,9581342,4600866,886816,4924906,9575272,977489,5735471,2981592,891092,2734941,2984401,9372031,548466,646674,2761094,938594,679661,411963,492049,665427,601180,771993,2828779,4471480,917668,4414355,2031699,2961167,9526504,3143726,2919632,9620248,4985931,6139232,930673,5174213,4984930,3002812,422537,517864,683591,4484740,2776391,830089,508674,9790641,530250,5934981,2875047,804029,5838930,3470893,3312362,5731987,6138841,2885205,6288476,1218343,2893532,5984954,855375,2859943,3007613,881781,427748,3191841,506404,5933145,2314478,3144173,5887006,5431606,889135,479961,512682,757338,3272520,522266,933144,1177605,2734610,1011615,5696397,996544,529939,554643,9869917,1947836,885302
761237,9372032,891093,427749,4984931,9569084,411964,2112706,2031700,930674,4487919,5431607,429866,9573874,771994,5320984,9628512,2113403,9582985,739972,938595,9869918,9411515,9526505,9429627,6010255,4924872,8019352,1087673,9812030,2049861,1160708,9986786,5428798,837929,783214,9490732,4530883,9395358,9587684,942349,9561700,9914384,1105740,7110185,9789661,9481385,655612,829606,9801079,9559387,647295,9814611,9807365,4622041,5425337,1107774,508675,1068271,9492558,5885499,456513,5086375,9537404,5851719,5264898,9620249,1998707,9569484,9371540,1149522,5773114,5735472,9710619,9379249,4504266,9552761,4601036,9446593,9776072,2734942,5419702,729385,2143062,413342,9814981,4980405,9606369,445037,9770424,9429399,4898968,9605287,470023,799484,4600867,4494679,9383850,5838931,1189226
761238,427750,891094,9986787,9582986,429867,9432995,2074205,4487920,9628513,4984932,9830197,9464037,9708300,9814612,5320985,9914385,9589349,9372033,9446594,5037803,4530884,8019353,930675,783215,9526506,9492559,9569085,4772174,9490733,9869919,9478624,837930,5789736,9858486,9589625,9537032,938596,5080809,9691143,9710937,1149523,9429628,647296,419090,9556911,4907612,9714387,9738316,4536131,5735473,5785214,9601709,9403747,9801080,5885500,9807366,4560176,9519392,5428799,9704006,4980406,9407054,589893,5691058,718697,1068272,9575886,4924873,9462022,4445166,2143063,2031701,4504267,9812031,411965,1160709,5971373,9537405,787439,2225194,9818329,701441,9843105,5086376,559973,9668748,9447588,957865,9411516,2048675,479805,4695995,5140445,9507772,9776073,1958146,5819600,9468382,7110186
761239,589894,9601710,891095,1068273,4530885,2074206,6173664,783216,429868,9464038,515960,9446835,4574851,4487921,9531684,4963088,4655497,1149524,9814613,9704007,9811142,1989784,4907613,6010257,5735474,9503249,9447589,427751,5080810,9582987,9914386,9833121,419091,4560177,9492560,5885501,5473155,5320986,5784264,1188530,938597,9845252,5365438,4654592,5691059,9858924,739743,821638,9419438,9704903,411966,4758022,9407055,9432996,9713611,5909114,726017,9502638,4971338,5773116,9671341,4553683,461097,9468383,559974,9589350,5971374,647297,621617,9691144,9858800,9464092,1083371,5818529,9383852,9529194,9417380,5316335,9915876,1355896,4762939,1007024,543781,1257486,701442,5348201,5851721,9595536,9773450,5430207,9663637,4656260,9556912,9776074,888648,718698,2001265,6671849,9775857
9531685,6671850,9419439,589895,9888324,426015,9553860,891096,783217,1188531,2074207,4920870,9797972,6298824,9496486,9434057,430412,761240,1149525,9704904,2001266,5700922,4963089,5914682,4769681,5061521,9704008,6173665,9591067,6156732,9507987,729658,726018,867376,9400558,4544112,6085704,515961,543782,891051,9775858,1068274,9594887,9726319,4654593,5788117,9529195,9417381,9400302,2122136,9749752,5784265,9804832,559975,9543024,6327543,9518198,9493322,6113795,5316336,1192112,847415,6182652,659215,4971339,668917,539541,5365439,9535885,7087234,9433844,1355897,1083372,2794707,9468384,4463763,673267,2049545,5975165,768924,9530721,9815125,5430208,958745,9464093,9410930,9668750,1007025,9922745,577293,5691060,9814614,621618,6294721,585450,9407056,9574521,2019275,9493221,1006669
1188532,871077,783218,2122137,9888325,787442,9553861,768925,9531686,9913785,4544113,9400559,5136487,9691461,6671851,9634405,426016,543783,2074208,430413,9417382,5715984,9419440,9818524,5061522,9468385,2194533,5346619,457186,978534,9403098,9747999,9400480,7087235,9507988,9433845,1006670,4920871,9543025,4769682,729659,9815126,2211771,4418318,487602,9493222,9668751,9559401,5784266,4392525,750483,867377,6548571,2073354,9434058,9704009,9807959,2121917,9833266,9397165,726019,5871964,6266154,6156733,5140424,541764,9775859,6063233,2317625,9823285,1355898,5975166,958746,761241,847972,577294,6136223,9594888,847416,2225845,976314,9529196,6327544,6148778,9831144,515962,746008,9603610,9585088,9635387,9590564,6142250,837641,9497839,741783,9918099,9470785,9518199,9447393,5364503
783219,9372628,768926,9913786,9450202,9403099,787443,9531687,5136488,9553862,867378,4434311,659217,9397390,5423202,7087236,9447394,9549760,5715985,9543026,457187,9595561,4544114,9634406,9594889,5730952,9572861,9508107,9478783,4449656,871078,847973,9417383,837642,9633158,4942014,6671852,2018798,958747,4406766,5346620,4418319,6136224,5586167,2122138,726020,6171209,9391565,5784267,9502732,9568854,5061523,9941040,9493223,9559402,5703361,543784,2225846,636255,426017,486348,6219369,729660,746009,6156734,9468386,9415034,1188533,9704010,9823286,4427003,5053861,2100206,756514,5097289,1227618,5423409,4526420,2033251,9697209,5308683,6159425,9480730,9790208,6001370,5036989,9797974,9379478,781470,2078946,4920872,464356,9397166,4555150,5572042,9400481,1006671,5871965,2121918,9892032
9372629,5423203,9531688,543785,783220,9508108,9549761,9913787,4418320,756515,9450203,9633159,781471,9831537,958748,6136225,9543027,4427004,5693546,2078947,411442,5586168,746010,4449657,5426859,9815128,5730953,787444,768927,9559403,9506674,5418000,1041591,7087237,9447395,9735389,5061524,9747971,729661,5701616,4406767,9397391,9400482,9808279,5784268,2100207,9697210,9490482,901764,9403100,9731111,9736020,9578912,9702051,9480731,5053862,837643,5114831,2146962,871079,5136489,4531062,4967864,587301,6001371,854597,4434312,9790209,9727626,6171210,2018799,9469145,5871966,9489185,2028866,6294724,2447785,9585063,5845986,5308684,6064733,9797975,9683129,2302918,9833562,3455343,9594890,9493224,9535842,9502733,9534123,604402,1006672,9393484,6219370,5768144,9392767,9568855,4697304,6184554
9372630,756516,543786,783221,9815129,9563582,9633160,855955,729662,9549762,5693547,2078948,9531689,5586169,9913788,9450204,9808280,9404074,9736021,9543028,958749,4418321,781472,5417463,9530090,9508109,790478,9535026,9389086,9404240,4449658,5845987,5423204,7516775,604403,4434313,754985,9635214,5418001,787445,4972095,5693441,653329,9531972,587302,9427288,9447396,5784269,2124928,901765,4780824,6293054,5427535,9653065,9422000,9431302,9568483,854598,5488406,5079870,9559404,9607507,3455344,582424,9683021,512483,9578913,9490483,4460619,5746428,4568371,1158240,2100208,9831147,9506675,9727627,6323894,5348206,9535843,9790210,9480732,1006673,6219371,854339,6436679,5789290,5949440,5768145,486350,784942,2019793,9797976,2173077,6027506,9683130,2018800,9823288,5097686,9537428,1031795
756517,544381,9530091,9372631,1356452,783222,5427536,9404075,729663,543787,855956,9653066,5845988,2078949,1031796,5693548,2195415,9815130,9449022,7516776,9389087,5368736,691824,4418322,568537,5417464,4449659,1006674,9633161,4780825,9404241,9439733,653330,523004,9736022,5423205,5573471,854599,5348207,486351,691691,639163,5488407,5813316,781473,9913789,9568484,5784270,9727628,5419140,790479,7516767,1266758,5789291,512484,587303,5966456,9635215,4434314,5746429,9615126,9431303,6436680,5846769,5729215,5949441,787446,2019794,5846548,5317639,9427289,491136,9578914,9543029,4431020,2018801,9623983,1963323,9808281,6548537,9663552,9450205,1191809,5097687,9535844,6323895,4601451,5881384,4452873,5728550,448174,6250785,9820617,5805299,9767712,9422001,5737798,5061526,5422976,9596261
1356453,9372632,756518,543788,1031797,2297727,5693549,9407044,1006675,9572736,2405570,9653067,729664,5966457,4450198,855957,5845989,4450609,9404076,891428,9658148,2195416,617140,9439734,5957478,5779996,2383596,4976147,544382,4449660,9563000,4646176,639766,9467811,5075171,9445280,1304408,5784271,9889864,5423206,4647221,9495834,5573472,5488408,9479322,988581,9613242,1266759,5979278,5368737,2168287,783223,9412489,9430081,5767854,5430438,4568800,9548202,4780826,7087240,4767487,587304,5958140,2078950,9452426,5082463,9425900,9525164,6005768,9613443,9586443,9530092,9564926,9449023,5599200,691692,6138857,7711884,9986111,9480821,9442791,568538,4980974,9828994,2018802,4653594,9588316,691825,9768591,5768479,2118102,4693785,9914062,1084224,9567427,9624362,6147208,548696,9396974,4628363
5272160,2297728,2405571,496938,1356454,878315,5419142,7167093,620783,5702709,4450610,7502440,7851959,1031798,5693550,855958,4443362,5845990,9534988,4590059,1115011,9372633,9563906,9846325,9470441,9407045,5174658,580525,671996,625361,9575875,7426817,684527,4483799,587996,9624363,5784272,9515444,9452427,9563001,1068217,9007235,7570614,6025799,7538803,5392686,9823291,9577619,9546219,1319578,9586444,901768,4450199,988582,639767,4963497,4976148,5958141,9396956,1309195,9548203,5417880,1011937,8296230,5368168,5846550,5430439,639653,5075172,568539,9420742,9425901,9592507,9624138,2195417,9467812,5058431,2032664,5080654,9574405,1266760,9782736,5759174,9986112,9387136,4450671,2036119,2045618,5694444,9596263,5789293,617141,4434316,9430674,9913791,4591520,4698269,4449854,5140392,9711081
7851960,639654,7167094,6439584,2297729,7502441,5787418,5419143,9577620,625362,4698270,5693551,9704624,2143953,5702710,589250,587997,855959,4443363,1191934,2405572,1115012,9548204,9837385,496939,671909,5768481,6102354,7538804,9407046,1031799,1356455,5023937,4963498,6217017,9517893,9518160,684528,9824577,4445832,5784273,1319579,5759175,9749645,9858196,6041067,5080655,9552264,9846326,411391,5789294,9515445,5366727,4450611,580526,5846551,9776052,5109895,9664932,5368169,1304410,721900,5295043,4388920,9560323,4600919,9395690,9534989,4759386,400526,9821086,9470442,9715049,671997,9546220,9425902,9565083,9393863,9596264,9940750,5845991,5417881,2196476,620784,4434317,9676923,9592508,9575876,4524491,5272161,8296231,4585058,4420464,9771529,4483800,5798995,9496268,4983340,1125848,5957480
4776149,5195412,7938503,4675862,6439585,5427565,4861081,4774488,2229873,7851961,4752618,4745785,9675965,4603164,4622691,9529969,4584798,4415576,4856429,5689594,7848219,4589831,2306965,7167095,4541108,9415473,7857084,9937833,9691348,8082515,4621192,9390321,9797626,5365187,9624675,5346179,4656418,2002526,1176605,1191935,4581000,4653842,8034560,4929371,5119872,5320788,9920575,4676087,4925081,9761657,5842803,5170561,4998469,5356345,9429394,5312598,4624213,4621808,7538805,2087640,2134001,4911903,4572307,9442776,9599578,4764434,4532596,1077840,2234602,9610450,2297516,9473411,9566625,9400614,9401182,5693650,9735423,9794298,9503485,9387596,1088786,9464131,6217018,6675234,9468169,9575701,7860372,2128983,4444984,9749081,9917047,2027288,4899539,9518161,7849145,9820510,9753046,5202133,4589878,9572399
5195413,6439586,4856430,9901637,5202135,4819853,8082516,7848220,5365188,5737363,7372407,4774489,5338506,5427566,5842188,4776150,4622692,2103447,2229874,9937834,9555240,4983343,9540924,4911668,4415577,7672983,9405946,9379794,4524258,5136061,5768598,6217019,4621809,2036496,9552266,7851962,4898381,5773101,4650596,9611854,1013016,9610451,443956,1176606,4786829,9518756,5759934,4589832,5230151,5785261,4540605,7955077,9376751,9412844,9735424,5470764,4633266,4861082,9917048,9390322,4542346,4541109,9606544,7538806,9500740,9797627,7894787,5032635,4540715,5842804,5910109,9790197,9812421,5689595,5886165,5885493,5823933,5346180,9605715,5806534,9788373,5768061,7427679,5896293,9592069,9534991,4931060,8084926,2185810,6031437,5691154,4606269,4525094,4632339,9532884,5047953,5763694,5807356,9599579,9823960
7372408,9901638,7655034,4763483,7324887,1380755,6439587,844700,5202136,5896294,5195414,950874,7310961,9937835,4778708,4820655,1404641,4524259,7402792,1407586,4861083,9834720,5338507,5376081,4856431,4819854,7620298,9540925,7453424,4714494,7847903,2103448,443390,7711889,1042453,1453980,7488440,5427567,7501265,848308,5768093,9379795,6645936,751749,4696242,1351587,5490007,5824307,9968355,4931061,4898382,7177994,4540606,5789171,9552267,2233444,454230,6017885,6212575,5781430,5807357,9917049,8082517,9372721,490667,4540716,7538807,9412845,969359,607659,9989237,5842189,1651658,5346181,7715647,1355062,9447186,4745787,9790198,9288454,5481332,1381986,4651639,5006245,5464058,5842240,4776151,1360062,5737364,8121276,2302453,5694014,5694015,9791668,1176607,5759935,7589637,4942414,7267372,4851315
5661898,6941637,4778709,6439588,4824575,5508636,4763484,4851316,4846472,6645937,7324888,5526736,832680,9006186,9921388,9937836,4747357,4820656,5196235,4801806,6745426,4863214,5006246,6981686,7003685,5203037,5200083,9968356,9853053,4843502,1094116,4819855,4830833,6983554,9963276,7039461,1066129,4660765,6212576,950875,7655035,5501065,5376082,5569335,9901639,3536104,844701,6336796,1055389,5005836,5487170,1203847,5003030,5623908,4714495,9995511,2234719,2418837,5410196,4524260,866930,4745788,677236,4776141,3442735,9540926,1184911,5896295,5202136,6190214,5587758,4862001,5487744,5269231,943480,5606823,969360,4789229,7372409,5345629,6259949,1042454,5621658,4603214,5219379,4950784,9963659,4606499,9834721,9989238,5427568,6782181,714866,5584487,5422711,1459738,9917560,4752168,5574396,1440023
7810232,2726411,9345271,6904577,9321665,4801807,5661899,7815431,5526737,6791964,4824576,7775572,7084825,6789576,1771357,7024590,6791753,8536242,4863215,8804979,9158270,9341903,6745427,7485554,2709003,7085091,8991776,8576376,5438963,6770595,3302412,5525663,6231154,5655882,1775091,9148860,8303453,719977,2620687,7049056,5676477,3977675,6936612,7786108,4182746,1905160,2722562,8395378,1911967,7039462,5527955,6941638,7643154,714867,7766643,7160998,4000852,6903462,6790381,9266541,2698267,5623909,1593770,4864775,6636694,3480630,4005066,7063508,9145250,8536836,4732987,4137035,6994097,1788584,4731302,6439589,5461819,6344627,9043403,8573175,8448307,6792477,9272864,2561656,6928649,2534041,4330525,9316061,4281280,9350006,2678083,2437449,4199481,5564142,6343217,1885349,8450708,7487727,5665758,1915163
7810233,9341904,2726412,4801808,9345272,7786109,6791965,6904578,5661900,9321666,6770596,7024591,5526738,6936613,6789577,4863216,6745428,5655883,4824577,5534128,2698268,9158271,2534042,8991777,1729990,2709004,7030880,7085092,5676478,3977676,3302413,7815432,6779692,9185365,4850616,8536837,7820210,3433796,3480631,5634407,5527956,1775092,4330526,1885350,7485555,7039463,7613376,6653107,9188905,5461820,5738853,1593771,4649203,1771358,9367169,5438964,9249874,8279986,8472714,5525664,9272865,7824213,6344628,8489599,8450709,4182747,9313589,8806523,5665759,9367035,9090567,7766644,719670,2507664,9261211,8804980,1904432,3356053,6070797,7085246,5528107,4823064,7485747,6636695,2708014,2630402,8614874,6650411,9369944,714868,4148429,5339370,7534239,4264837,1826309,8536243,7049057,6994255,4177990,8573176
4815210,9321582,6950007,9210733,8448309,2470265,5675421,2536000,7039464,6797285,5686184,4870002,7046954,7685101,7810234,719965,2726413,5634552,714869,5738854,8625395,7786110,5661901,4300686,2562243,9248433,9192733,9213042,4850833,3498494,2622618,7030461,1915289,9322662,4084793,7085093,4731304,1826310,7740038,7624968,8489600,9254053,1237629,8490290,7738743,714740,6740128,9357292,5639658,6745429,7657403,9308281,9309020,9126582,8988825,7826842,6770597,7677254,5566201,9970623,6343219,7049058,5677904,7778423,5196238,7051361,6996521,5509237,5462414,9268936,7025070,6875454,5294102,4662411,4200310,8411532,8621369,5456848,7505787,3328784,6281787,9321667,6344629,7659034,9310912,7485556,4086094,7804096,8511068,6977249,6936614,9320233,9156555,5527957,9346022,8449121,9316063,4297278,5147925,7024592
5686185,9321940,7036264,9248434,6912189,2562321,9995984,6797286,8448310,4200311,6938770,9210734,5632520,8621370,5528685,6344630,5456849,9340226,8511069,7685102,5450300,7624969,9872727,5462415,5539579,2437663,7017071,5306100,8628688,7783401,719966,2536001,6791607,5630134,7804097,7810235,6791193,5459886,4662412,2719746,5633904,714870,7657404,5738855,844486,6788680,5409053,5665691,8490291,5514887,8454787,4637790,5450570,7002656,9361952,7030483,5566596,8630764,7026624,7086695,5674108,4863945,5527958,2562244,8411533,711006,8450250,8446967,5636642,8084268,6792208,7675851,6654264,5623912,6653964,8576687,8450711,2561506,5509238,796609,796993,7826843,6307274,5450259,6740129,827991,5655614,9289108,5528332,7049162,9211140,7032607,9268937,4817487,5663456,2561835,8139899,4731667,6129821,5677905
5686186,9995985,2562322,4662413,6912190,5632521,5639560,8454788,4200312,952125,4816215,5665692,9248435,8630765,9872728,6797287,6938771,5633905,9210735,7783402,9321941,5450301,6307275,844487,8511070,6214314,6828562,5409054,5615664,5528110,3355761,4815063,7036265,2232530,6789052,7085095,796994,5310031,4851330,4803352,8084269,5626054,2437664,5450571,5462416,706331,5738856,9971796,4801811,7657405,6777613,8448724,4851397,711007,5306075,5528686,4731306,8449029,7068314,8633809,7853786,8486603,7017072,8411534,5459887,6791299,5677696,6788681,8448374,7453028,6983341,9970625,5539580,6791608,2562245,3444655,7659046,6379794,9348778,7049163,5450260,7451529,6344631,2719747,4804564,4822101,4604652,8448752,4817488,5655615,2471333,749307,5542070,6844396,5614640,8625397,5682171,6654265,5639660,9340227
5687231,5626055,5682172,6912191,844488,5665693,2562323,7685104,8448753,8630766,5686147,5686187,8511071,5634555,4801812,9348779,6828563,5615665,5639561,5633906,2232531,4195065,5632522,8140833,6214315,7451530,5514837,5542071,5375042,4816216,2561837,5639823,3355762,8525140,7049164,4874585,5594317,6257423,4662366,6789053,4804565,4251364,796995,5629307,5615131,8805190,9872729,5559058,6314589,4851331,8450252,2562840,8454789,9971797,9321942,749308,6344347,6777614,2561508,6817622,8084270,6072975,6904779,7030485,7659047,6797288,6940639,4731307,5450261,6653111,6941883,5625894,6788682,8448334,4265304,2724324,6636699,3444656,5459962,5628526,8410515,9257455,7061189,9188909,8448725,4662098,7853787,6023912,4802701,9971583,5669095,6668128,9248436,7685026,5545441,5198358,5512947,1161898,7728721,8448375
2562324,6940640,8084271,719969,844489,5626056,5375043,5625895,8995763,6344348,6949506,5412488,4816217,4851332,5686148,4829592,6733454,5409390,4714923,5309344,5514838,6904780,5686188,4835487,4851399,5664713,5628527,6024306,4852121,4662367,4861062,5129145,2562841,6314590,4636572,6631865,5176310,8140834,4797804,8465192,4874586,4647621,4841285,5629887,5638115,6493037,2387864,5682173,5629308,5409454,5656875,5450262,5613725,4812428,5506416,5666082,4804964,5639562,4802657,8448197,5460447,6070787,4869341,4832253,6973972,5665694,5408405,5409610,2585748,4804998,8448726,6256920,4195066,5668442,5669096,8464113,4604654,6631577,6365451,5615666,5376279,5512948,2724325,8448127,5310848,4844158,5524407,9094135,6777615,5662590,6355521,5409056,7810238,5458451,4832539,9066944,5466450,5384056,6927375,5366242
4851333,2562325,1740920,6940641,6904781,2724326,9321944,844490,6787815,4714924,4861063,719970,5626057,4825988,5412489,4195067,3470338,4816218,6821229,4797805,796719,6070788,7241327,7691580,5625896,8084272,9188911,8448727,4852122,6306523,6777616,3355764,2562842,8622096,6343062,5615133,4263678,5633908,831206,3418600,5682174,6912058,6826602,9094136,4835488,4841286,3539383,6492286,7682120,5193532,5526800,6073018,5687233,5515233,5533212,4662368,5639563,5290367,5449403,8448128,6949507,5375044,5666083,5615667,9180895,7074450,6771915,5541936,4995793,5176311,4832254,6305326,4717144,5309345,6933104,6973973,5570612,5409391,5643136,5306078,7685028,8450222,4662100,5304873,6258858,9368004,9210636,4996332,5508867,6667971,6912193,9872731,7459344,7647098,6652464,5460448,6342731,5376280,5615446,4649246
6343063,5409392,2724327,4861064,5682175,9971800,831207,3539384,6940642,8448728,9321945,4851334,9357459,7682121,5633909,5615134,7691581,6984481,2562843,4825989,4263679,719971,5640840,6342732,4714925,8621375,5515234,7728724,8622097,9094137,1762321,5412490,5639564,9269627,2508872,9188900,3470339,6305327,4818969,6791659,5626058,9188912,9208942,4797806,2631071,4354156,5672903,7612770,6912059,9210637,9368005,7626293,7487971,6807217,796720,9188915,4816219,8988831,6849543,5675530,8084273,6787816,6985035,1740921,6306524,5541937,4717145,4200316,5616906,8712694,6631867,4718675,4122725,9308597,9999373,4121241,5335714,3418601,5666084,7439563,8853186,5633672,5626603,7506198,5533213,6940812,1769549,3355765,2562326,7647099,7833636,6986856,6631579,8421039,9274726,8472274,9266607,844491,5540705,7656154
6343064,5682176,9157249,9357460,4861065,1743147,6807218,831208,8621376,4825990,8472275,9094138,7728725,3470340,6925118,2562844,9319695,4310694,7810241,8471351,7727006,1912944,4718971,8303119,6904817,9188913,1716356,5633673,9142088,2631072,9188916,5633362,9210683,9298570,5656878,6346964,2724328,4264552,6821231,1934779,1934540,1740922,9348783,5687235,6940643,8526648,9188201,7739940,7647100,9210405,1818222,5911875,4851274,9188901,9185899,9216288,6925791,9313830,4263680,5409393,7729855,6790635,9358657,6941001,6791660,5372757,9144184,7048179,3418602,7626294,7682642,9274727,7027882,1163677,9181855,9211498,4818970,4851335,7506199,2508873,9148822,1676701,7836214,2618068,9146936,7059962,7795116,4198634,6073020,9041063,3397360,9248479,5533180,8623027,5667703,4175545,4200317,1741904,3520206,5540706
831209,4310695,1743148,1934541,6804786,5682177,6343065,1887105,2508874,9357461,1882863,4264553,1716357,8622856,9321789,6904818,7066537,7682123,6789499,9210406,8623028,7728726,2724329,1873857,9188902,1912945,4719911,8526099,7625467,6789147,7082888,9188917,6937658,7031232,7813809,9349601,8292530,9348784,9157250,7029832,8448730,6128132,9090343,4825991,1933042,5533181,9321947,6732912,8472276,9094139,3510492,8395137,9313831,7741765,7558721,9370965,6791661,9275788,9157918,6260847,9161935,1625542,1769393,9188202,7812267,5687236,7812442,9020115,9216289,6941002,7525308,7659052,7811448,4861066,7740880,1769890,9179415,9186801,9276366,6986596,7487415,8353722,7676343,9342223,7610032,9344232,8303120,9312190,9178090,7659493,7459479,7784550,9339370,8622099,8526649,9274728,6826460,9319696,5526803,7729856
1769891,5665609,2613906,8292531,9157251,1934542,6789500,8394986,8623029,7780034,1873858,4861067,1163679,1934766,3979487,9357737,9342224,4815950,9157305,2629174,3510493,9181857,1741253,4265836,5533182,9218486,9159906,2563189,9275789,6912866,9215527,9311500,2724330,4310696,9189900,831210,8422044,1743149,7525309,6804787,8396022,4174714,7740881,9280290,7591187,7558722,2698326,7029833,3444936,9210407,5639881,7066538,5687342,3316584,2698347,4825992,7647804,1674869,6747123,9271575,8460637,8424191,1717418,6341823,7828446,4333327,9319354,7812443,4174939,1912575,4264554,3431662,6905037,8990500,9134080,7792090,8356545,9186802,7676749,7273392,3418604,7808856,2569862,710476,1828450,5528183,9173973,1863178,3781750,2534273,4203043,6343066,4302997,7490554,2645564,8395138,6791379,9274836,6747014,1887106
3979488,5665610,7740882,1769892,1934543,6789501,1743150,5687343,9159907,9357738,1934767,4310697,9280291,9216639,831211,8990501,2563190,8296306,3510494,7780035,1793063,5528377,1163680,7676750,7727036,3316585,7066539,6071797,4360558,9157252,4189077,8595072,4031590,8292532,9218487,1872527,9187149,9321791,3431663,8395139,9341664,1820739,7735592,9181858,7837132,8623030,9275790,7490555,2613907,7571873,2603894,3539388,6023103,9096941,2698348,7591188,9188904,7531668,949144,9288358,6745866,7032044,4333328,9363184,4264555,1706374,4009686,9971519,8612378,4302998,8450063,9188204,5339469,9184263,4174715,9215528,9371207,5686569,7041102,5673015,6826611,7610925,1912100,4338522,9361661,6744717,9227510,6822491,2630600,7458478,7822856,8256107,4815951,4174507,4168822,7001459,9343730,8616574,8394987,6912215
3979489,5687344,6789502,1769893,9342226,9218488,1934544,1934768,5665611,9357739,9343731,9341679,7733938,9288359,9188905,9159908,7783911,6802275,6826612,2603895,2563191,1743151,7740883,9216640,4360559,7727037,9041529,9305667,7824542,9275791,8613425,9225687,8595073,7673425,9361662,4251372,7780036,4801715,6071798,5686570,5678760,6905376,7611748,8583733,9317970,6303416,3316586,2698349,8573005,2717609,4174508,7457661,3510495,8488985,6822492,1912948,9157253,714818,831212,9320373,1793064,1163451,4302999,2613908,9177431,3781752,2628932,4139544,2561602,7726328,9312193,9971520,3530021,9188730,9225093,4189078,8990502,4174716,7723189,7823115,9187150,5673016,7598763,9321896,4353151,9188205,1163681,9176701,6948995,8481267,4029865,7658469,8623031,8612379,8296307,4263089,7507559,8871184,8973683,5528185
9192501,9320374,2534276,4199226,6789503,1769894,5687345,5464087,1827047,2724333,2402410,5686571,8421120,9343732,9216641,3979490,5665612,9341680,2623801,6905377,6777263,9305668,1743152,4336338,1743784,1934769,9181860,7673426,9218489,9308144,5684944,4823476,7676752,9177999,4338933,1934174,5510561,9361663,9971521,8595074,2613909,2714418,8573006,7727203,5638967,2394837,9210592,9337581,7726329,8489711,4139545,7763055,7025526,9171064,8509673,2569304,7031468,2698350,1912949,7613677,6936229,7788043,9127112,4360157,7024867,4233672,7733939,8537298,7610334,3505018,7032150,7723190,9310698,6795629,7680646,9357740,9288360,8450065,1878151,1742192,1934545,1887109,7835271,4252209,7824543,9093113,5542496,831239,9184041,4301994,7083196,7728262,8612380,2677201,2470828,5526807,7782050,7598764,7818515,8623032
5464088,6848733,6492690,7549055,5666944,7054591,5629278,6357865,6651391,2461133,6932280,3442909,9901055,6947577,7007722,6277455,5551986,5602694,7837135,6283060,5460611,9906735,3347663,9994657,5550952,6642450,7581064,7032047,4730812,6936230,5641545,4869445,7488152,3467689,1441391,7062176,5614205,7068102,6044690,3318719,1116512,1878152,4994817,985778,1158619,9305669,5602941,4854206,3275994,6551813,2561604,3538291,9370701,3483758,5198330,7761973,951594,7053561,9956372,5287534,4617304,7561030,7728608,5414681,9257485,5542497,1047974,6779238,8259596,3985359,6434760,1111765,4874240,7032828,5654751,916002,1462617,8806483,4689949,5655305,6880685,3503656,6537326,9177735,6738434,1579891,1168003,9380660,2402411,5404937,6809407,6047544,2077944,5667266,5165458,5343800,9019321,6022206,6496975,7060379
5464089,750213,5553429,6228036,9395680,5385983,5253893,1158620,6283061,6779239,4613421,1009261,6224935,4944620,708791,9870740,5654752,4712195,6298528,9901056,5079886,689112,4948168,7390636,7527845,9484908,1181429,3736285,745721,5598208,3263994,4652954,4977615,858677,5596746,1034411,574231,5592946,5414682,4955196,5274246,5765508,2004017,5669913,871074,501610,6047545,9955614,9466103,5366648,890501,5863374,6537327,5381107,625646,708508,3440564,5587304,4443621,9465538,9956373,5189910,6217957,4559934,505296,5071832,4572185,729615,4400200,1338604,5927545,2941037,1947503,2461134,487599,5981921,7848715,6054233,5903859,5875074,5550953,1070460,9662169,4421108,847685,9515829,6325723,985779,5420863,9418732,4493473,843239,9432390,541722,9610456,9732626,9513287,4759066,706717,6048570
5464090,6224936,6848735,750214,5669914,5385984,6283062,5553430,4792196,5422419,4944621,8437777,789647,6334239,6228037,841646,4998937,9992350,1143938,2355738,5969022,5381108,5165460,1947504,1113345,890502,4692360,4714241,5587305,1070461,4977616,1181430,6325724,4957955,6217958,675519,939282,2367486,9466104,6298529,5297241,4714110,7390637,9956374,9909826,4937883,1076379,5199064,5927546,1240707,9688274,5045071,9457622,672561,5189911,4748753,9901057,1296937,5490595,4714273,689113,4878194,453239,2027983,745722,5496598,1153980,4603596,1244727,5765509,6389679,1142311,5033320,2393427,759209,4962903,5690624,4649960,5641547,1009773,1326626,4602482,6048571,5414683,4747984,9395681,910476,9515830,505297,4527711,6288983,4768356,9769872,5323212,5863375,5830044,7527846,6165673,4757699,664063
5464091,8437778,4847030,5385985,5496599,4714111,5254920,9926618,4680204,1244728,9688275,1270478,4962904,5065962,9524627,5098328,4977617,2032499,5511140,5669915,4503499,4680268,6511819,6228038,5422420,5490596,9853926,9992351,9946202,4972837,9668594,9900451,7508010,2367487,5425989,6514794,4975423,4747985,4878195,4602483,4580723,5348201,4843560,4692361,5414684,7460356,9917106,5196148,4648668,841647,5553431,9867129,9658425,9743053,4585593,5226060,664064,5578387,501612,5140554,1514628,4980309,8448114,9901058,9569555,4620463,5037011,9479462,9850887,5589573,4765780,5381109,4749617,6595390,4714274,9802784,4754223,682164,9797354,5605496,4757700,9391336,4661461,4845336,4937884,5171390,4537472,1326627,6597923,6978025,9453127,2355739,9861179,4644920,4529587,4711500,9466105,9474126,4730030,9721980
6929485,4648669,6369539,4792198,1181432,5464092,6813375,6025545,2391672,5658993,5226595,5552195,9661073,5802531,1171913,4836563,468904,5554891,1047791,5767431,2124938,6830801,9410999,4439172,7508011,7460357,9892136,4792238,5348202,2367488,8448115,5285261,5641549,6650648,2056683,6290310,4714112,750395,2074283,4470285,9737446,4776312,9947388,5767800,9956929,8437779,9865535,4429393,5262136,5789772,830165,5422421,5861832,941512,2074207,4660281,6563720,760873,9513290,5855469,659784,9823856,5789905,782361,748658,585450,9804832,2147870,9776006,6647739,5430162,9407056,4971339,5728622,6224938,4661046,5205631,5216672,977062,9707334,4783033,787622,5391333,5708013,5111254,4603598,9479463,9762689,4426333,1077961,9853927,959361,6323890,4561696,6537330,5895445,6456975,6648929,4958681,6842110
4776313,6211907,6224939,1160938,4648670,5464575,716715,1160712,4837461,4792199,4536264,5421661,1951912,4753138,2124939,9898628,9471024,9622929,4654296,6668015,4463325,6173513,9532073,6813376,749963,1103857,942965,9613042,5972880,9737989,764429,2393430,9669309,5342680,1169782,9654945,6648930,9616924,6647740,9672103,6108215,5887171,6647957,4507601,9595856,5473281,4652009,659785,9535685,9900129,6244960,5372905,9490398,6539913,5487731,9804833,9903408,6263730,9410776,9477218,9564014,9931555,4755675,2028064,4537023,5428776,5091167,2108165,9460988,2189938,4478216,5870501,9407057,1135048,9449599,5111255,9398044,5791460,1231888,750396,9737447,9667396,959362,4847032,9478825,4766751,5895616,2131182,9990406,5338003,9541553,9635265,9518470,9564196,9809630,9442760,5598212,4728121,9513291,9829512
4776314,6647958,6211908,1160939,2028065,9471025,2131183,5291385,2147221,9672104,9518471,2393431,1955962,9898629,5342681,9742925,9438968,2047164,9406797,9622930,9498008,5428777,9762691,9718184,5429021,9990407,9795965,5487732,2135060,5338004,4537493,5354876,2064296,9677906,9547807,9797599,2253719,6345956,4648671,5329729,5703747,9665314,9414831,4760694,9459403,2121839,9700242,9475527,5312113,9830427,9550276,5096582,2189939,5598213,5346785,9571494,5499835,9564015,4557294,9375029,9801787,4590754,9434642,9804834,9849504,2120524,2125005,9432892,9654946,9407058,4950852,5267959,9405690,4537440,9455748,5693864,1129012,9594518,9394253,5359366,6224940,9677786,9699572,9450049,9561200,9474760,854001,4559319,9625826,9809631,9564197,5027980,1403270,6251170,9658354,4792200,9533983,4536265,2168569,9835990
5209099,9870445,9737010,4537494,9789838,5780172,9555667,4533122,9517205,5703748,5471039,9653556,9494608,9939809,9672105,9609839,9847896,9418306,4775069,9981173,9658355,2131184,9681970,9377793,9490999,9498009,9738773,5386327,9805538,9518472,9438969,9428306,9391754,4972119,2052999,9811007,2221382,4542730,9629788,9914222,9539697,2124950,9564016,4744051,9398366,4678837,9471502,9809632,9552606,4760695,9830428,1955963,9513468,5354877,2071583,9571495,9533984,5429022,5693668,9398018,5858687,9567005,2147222,9487520,4620369,2330723,9406798,9990408,5356120,9791957,5137403,7857738,2104951,4573193,2027152,9429256,9546677,2125006,759165,5312114,4536489,5342682,4574265,9747262,9742926,5693865,9396866,9610754,9380620,4976302,9510882,5904785,9463427,9455749,9654578,2105424,9547808,9644822,2121840,9691148
9912457,5209100,9811008,5471040,9609840,9571496,4568302,9593299,9383822,9644823,2053000,5234617,2131185,5396480,4620370,9529717,9791958,9457783,9681971,9530298,9382815,4877614,9396867,9932341,9567006,9418307,9653877,9691149,9507521,6001410,9931593,9443927,9653557,9426400,9374355,9570316,9809633,9654579,4593322,9517206,4587700,9554783,6378485,9870446,9739223,9774098,5099140,5137638,9867512,9917312,9376119,5329731,9518473,9816166,9635244,1024389,9914223,4676018,9375031,9509851,9386978,4450589,4460475,2135062,9548550,9548763,5093712,9768021,9571180,9915465,4711345,9471503,9633236,4775070,9401014,5693669,9597882,9802511,9503176,9803336,9761344,9633405,5780173,1989706,9738774,9478444,9564017,9610755,5368442,8082556,2069301,9801699,9831975,5084098,9609697,9479490,9744092,9536591,4395425,9455750
6191183,5062863,5396481,4587701,4755679,5368266,5076474,9968258,4648674,5491163,4460476,2023400,4993399,2112355,5096742,9681972,4972168,4885410,5378192,5084099,9473493,9981184,5430304,9818298,4426016,5234910,9507522,2120983,5115556,9591184,2409621,5076531,4537861,9801649,4775071,9378258,5329732,603492,2104953,8188798,9628926,9688527,9518474,9653558,5181818,2920850,9771601,9575160,9870447,5368443,5856631,9988400,9630260,9612923,9385394,4766809,9722168,9493432,9567007,9818427,5174631,5377377,9462653,9381405,4541451,9917350,9419992,5836269,4539933,9588029,9739224,9911540,5037531,4766105,4984628,9649261,4714117,9567561,1170938,4766755,9457527,2366415,9691150,9627854,9519799,6099975,4531853,5101664,9421835,2036018,4976187,2069302,9660405,9588664,4440346,9502969,9471371,2170171,9654193,9609822
6191184,9818299,4885411,9381406,5377378,1170939,9649262,9722169,5573958,9602740,4412221,5879795,5368267,2253723,9607297,4587702,9445608,2040114,4972169,9627855,4415092,9718352,9625657,9508151,6002546,9471372,9564019,5058203,4764650,1946921,4993390,9564703,9531022,4993400,9844420,9390165,9802062,9660406,9896340,9686416,9513754,9473494,9483370,9428130,9414127,9620494,9697627,9466959,9580701,9654194,9476331,9596955,9508293,9666271,5338008,9615153,9886210,9529339,4389715,2194882,4488791,4591621,4784067,5342685,2350004,9401038,9598270,9572518,2065410,9451195,4941206,2052951,9426334,2170172,2324401,9491441,1067930,9470522,9594705,2023401,9958716,9476626,4976048,4984629,2366607,4613819,2126457,5014866,9982333,9378259,4434336,9463831,4754670,9488020,9768150,9391052,2113181,5583323,6165247,9390827
9505337,9625658,9657772,6164205,9440492,4554750,9899229,4559670,1936234,9747965,9986369,9773389,5368417,9460686,5256567,9417510,9672109,9495151,9451610,9616443,9801308,9704678,4889066,5176913,9423638,9918019,9811709,4536451,5096840,2366736,9722662,9803902,5699056,2103201,9845908,2035802,9460392,5949307,9421719,9372193,422379,9791961,9735078,9492509,5789829,4552073,9556577,4575619,4620655,9664919,9552533,5096691,9396964,9696092,5110020,9630971,4754671,9564704,9609447,9479059,9802063,1937635,9545894,9468331,9828867,9592113,9686735,9544315,9548785,9521132,9847691,5063043,9629835,9616371,9386582,9809288,5768399,4617364,496858,9810160,9989082,9800624,5850169,9707276,5070788,4545087,5983513,9381170,4847678,4968187,9460292,9536393,1183496,5014867,9798271,9485127,9462559,9390940,9525949,9532057
9583308,2035803,4693441,2130588,9677711,9749399,9664920,9899230,9657773,9381171,9456109,9398117,4919480,9509106,5851823,9495241,4537600,9529462,2103202,5768470,9657964,4434488,9442269,9441842,9914911,9505338,9605624,2104735,2194761,9986370,4915155,1936216,4524937,9456263,9558794,9506744,9548786,4536452,9428616,2079343,4894435,9869866,9821652,9440493,9625659,5346284,9525950,9791962,9808369,9697901,9611068,5809741,9989083,9433993,9421926,9392514,4652213,9478595,9486061,9768556,9632969,2137847,9822596,4941571,9428761,9667870,9673355,9606486,9403688,9707277,9986515,4907531,2117175,5256568,9485058,4522600,4775084,9845909,9923093,9423639,4644988,1183497,9480398,9601338,5071414,9843749,9734739,5234585,9572922,4434199,5110021,4620656,9805174,9674329,9445288,9587331,9635066,9756025,9430039,6240287
9528147,9546283,721816,2018794,9674730,5851824,9529463,2031903,9755858,9456110,9811203,9493778,9778727,9923094,2130589,9590296,9609002,9441843,9411967,9660116,2156372,1984335,9764697,9506745,4524938,5809742,9648352,9667871,9607095,9543660,4536453,1946028,5346285,9749377,1988336,9805175,2121002,5234586,4490219,2031333,2129193,5071415,9674330,428402,9558795,9822597,5694929,5768471,9749400,9630394,5693740,5295570,9459764,6284617,971255,9503929,9542549,5773226,4651675,9532059,9631343,1183498,9570277,9810644,1994737,9763027,9743788,9673356,4693442,9930105,9569587,4589864,4661228,9523325,9486062,5239321,4592143,4751927,2405562,430369,9517635,2122293,2035804,9686202,9381172,9511131,4950180,9473562,9427317,9505339,9632970,4915156,2019257,9813796,9771978,500311,9373566,9896888,4894436,5960846
1946029,9570278,5851825,5084025,9419136,9411968,9580468,9805176,9771979,9479326,9519017,9573034,9810426,9609003,9648353,1988337,9588302,9498789,9475440,2018795,9392395,9503930,9628911,9896889,9532060,9816082,9635166,5694762,9528148,9390410,2156373,9718032,5694930,1984336,9781314,5346286,9582958,9795672,9811204,2045004,9789297,9674731,9845066,5136916,9571876,9601297,9441844,5076173,9667872,4985311,9607096,9773737,1945882,9535683,2036363,9669298,9505340,9743789,9529464,971256,9624640,4756041,9459765,9799623,4751928,5045222,9451552,1218610,9442758,9810645,9770025,5115625,9630708,4412909,5427757,5162328,9889688,9479816,4929274,9448714,9551293,9543991,9579704,2023387,9592116,2272683,9821906,9693784,9460145,5089016,5349959,9507645,8056752,9635068,9404118,2164600,4894035,9416047,9543661,9484503
9810427,5851826,5688557,9588303,4532761,9712677,9570279,2050204,9422538,9577885,5089017,9792500,9582959,9635473,5248176,9374722,9943338,9918023,9771980,4756933,9580469,9635167,5041145,9669299,9624641,9383525,5472773,9538078,9989841,9789298,971257,9519694,2302486,9571877,9392396,1988338,9487205,9816770,569904,4568538,5084026,9635069,9858734,9585946,9376196,9789173,5789526,9498790,9571190,9466018,4544323,9628570,5346287,4539641,2048870,9402849,9718424,9505341,2018910,9795673,9586779,2221586,5176917,9692536,9602190,9617911,9416048,9752105,9848211,4654515,9821907,9618057,1980724,9553173,9419137,470643,2155701,4915158,4775087,9529389,5364210,9411969,9501694,9601298,6330742,2272684,4656653,4881153,9472829,9479327,9621023,2045005,9778279,9755227,9376075,9519018,9712640,9738723,4490221,9457188
1135597,4744666,9771981,2230106,9392854,9576506,9602191,5688558,9383526,9618058,9918024,2194451,9810428,9569333,9505658,9738724,2050205,9378049,1984338,1963704,9771220,9834917,709587,9669300,9956982,2048871,9601299,1081132,9712678,9789299,9712641,9755228,4751930,9689079,9519695,9812481,9424567,4945623,9607631,9743791,9542019,9692537,9789174,9501695,9793094,9682516,9422539,9396697,9588419,971258,5359951,9541449,9648355,5329704,9528535,9442201,9858002,9452365,9635070,9635474,9918144,9847696,9829236,5759642,9770741,5809745,4393735,9687689,9517738,5789527,4656654,9452794,9410199,1966579,1191865,4652504,9373882,4752830,9477611,9588304,9620988,1953990,9593246,9810647,9608387,9662474,9402910,5041146,9586676,9420470,5427759,9812735,9470305,9505342,9758250,9472830,4555743,4947416,9515379,4769568
1135598,4947417,2103293,4924480,9488830,9847697,9442202,9373883,9383527,9421749,9548505,9767219,9462796,4876753,4393736,9616035,9918025,9601343,1984339,9601300,9533657,9422540,2065737,9396698,9743792,9607845,9609778,4451869,5694569,4573772,9413765,9798859,9378050,9771982,9465716,9602192,9793095,9617418,5690820,9468582,9421173,9480876,9477808,9442429,9789300,5694765,9687690,9467112,1265979,9529376,5119218,2019958,9672115,9377950,9515613,2023688,9423809,2130593,4893777,9635071,9569334,932150,4654015,9671917,574357,4769569,9614522,9392855,9513579,4780021,9516565,4559676,9654152,6181477,2000983,9636470,9658528,9507135,9456434,9817073,9402802,9382970,9399459,9608388,9745327,2220103,9810429,9631436,4576585,9678508,9848790,9738725,9753110,9615461,5355989,9515380,9628304,4450247,2033022,9811325
9988478,5779932,9478296,9560453,574438,9502552,9401751,4947418,2103294,4950946,2226179,9426581,9648357,1214641,9616036,9588784,9456092,9529377,9795118,9820059,5096903,652967,9637357,9849203,9516953,9467438,640072,9396699,9504546,9473526,9847698,4451870,9391340,9568207,9472483,9707788,9385565,5273807,9488028,9447131,9426445,5851919,4623484,5356232,1962552,9751515,9429360,5694570,4924481,9409170,5690821,2126659,9540992,5368452,4584887,2220255,9753111,1135599,9475966,2073159,9990451,4885589,9608389,2221752,9405094,9671918,9404096,9659891,9665720,9607846,4876754,9576711,5329992,9389843,2146730,4538514,9771983,9743793,9564189,9673132,4752064,5766712,5909466,9540411,9692539,5081571,9842558,9413766,1318744,9378877,1958032,9423810,9389055,5368211,9669302,2121582,5260905,5694766,2150936,9610327
9424284,9467439,9771984,9451298,5960852,9810882,9479376,9648358,9444739,9516954,540330,9421396,9637358,4687946,9382200,9560454,640073,4693434,9577835,5273808,9835062,4920839,1946047,9671119,9988479,4928810,4412924,4881563,5915558,9590302,9391341,9533367,9447132,9689082,4623485,2002829,9481438,9671784,5093310,2226180,9575693,9810431,9932642,9623123,714139,9392400,9508000,5779933,9474779,2224517,4767509,9755513,1135600,968229,9718428,1958033,9849204,9378878,9618583,4542332,9478297,848021,9820060,9446939,9479426,5065967,2169355,9453230,9617168,9816752,9665216,9776403,9721643,9800427,9744621,9816827,553022,9832618,9888766,9665721,9990452,9379256,9631836,1955728,874950,2073160,902513,1191821,5368212,9638751,9688280,4464535,1955864,9686504,4954565,5777164,9473359,5356233,9424620,9616037
9771985,9755514,9508001,540331,1191822,9391342,9581724,5960853,851051,1947795,9671785,2002830,1946048,9611062,9590711,9467440,1135601,9888767,5093842,9932643,9849205,9578821,968230,9691479,4541678,9925136,9519164,5693235,9717801,2138045,5841694,4533273,4693435,4881564,9451299,1955865,9572486,9479377,5999222,9378879,9561243,9577836,9491847,1266576,9614525,9783770,4954566,9850660,2112425,4488487,9718429,9756270,848022,2408323,5851417,553023,9835063,9392084,4920840,470648,5922985,5986063,5473336,9688281,9444740,5368213,2120850,9712948,5967748,9481439,2001811,9557001,9517742,9383858,4681141,9560796,4560206,4928811,9392401,4687947,9590303,5119191,9560455,5093311,4538516,2048875,4767510,4759809,2125053,9587768,5971637,4757164,625385,2078693,4912045,9424621,9412503,9516955,9848948,4430924
1135602,5960854,5350297,8077023,9671786,5909635,9771986,9849206,4434179,9755233,9614526,9755515,4767511,4685424,4588519,9396702,6001923,2169445,4623453,4724256,9392085,1078550,2048876,697156,5693236,856855,4681142,552553,9562194,9530274,5762947,739750,9396054,5472415,5694855,9791399,4889531,5093312,5971381,4697404,1947796,9925137,5789532,4533274,5364715,9467441,9490956,2002831,4585636,9515039,9915558,9699584,9921888,5093843,9517743,2036035,848023,9412504,2078694,9515470,787458,600132,9508002,5412946,2226182,9802478,5690035,5472876,9801999,5693320,9542544,1988330,4740201,9682521,4943137,4529879,9383334,9769404,4541679,9835064,4654521,9717802,722027,9850661,479467,9578822,9572487,9391343,9512854,5971638,9663350,9822649,5473337,5841695,5459747,9901537,4755765,9451347,803403,9674326
4711437,9849207,9614527,9392086,5350298,9467442,2294261,5768409,9663351,9915559,5273811,5909636,5851419,5472877,9516957,9566714,9791400,5808546,5809222,2124367,2048877,9755234,9738325,4681143,5002404,9555071,4893782,4724257,9921889,9393801,1135603,5459748,5690036,4928813,4954790,9734135,4413663,4740202,9515040,2028858,9490957,5692406,9486524,9682522,9802479,4942080,1998084,1235309,9835065,9930405,4685425,2305820,9575696,2001785,2169683,9592576,9451301,5960855,4396251,2169446,4588520,5502975,5694856,5411252,2302787,492493,5294721,5473338,2070348,9511144,9721646,5364716,1958821,1946050,5922987,9374288,9423089,9576821,2116299,2363202,9560457,2168924,9636475,9429240,5802586,4954568,9431684,2124642,2001813,9582229,9423710,9517744,9497502,5359877,2010782,9956988,9755964,9484426,9866207,2226183
9513233,4693606,6178768,735379,9481129,9397491,4744755,9527130,684199,9377956,9734136,2001814,9553987,5218164,9516958,5955777,5791062,2073552,5585818,4885514,9614528,4561256,2036147,5294722,6233475,4533528,9560458,2224571,4755665,9792025,4627590,4430852,1959492,9757273,9749220,9453578,1946069,4753230,4757927,9849208,4552006,9394160,4622336,5093763,5394287,4523364,9469331,6060700,9537699,2003065,9721647,440257,9383176,9413771,5809223,1321898,9507836,587958,5110871,4407876,5255449,5851420,9921890,5422500,2027552,9760500,4430383,9845615,6548435,2306672,9457863,9590198,397576,4506816,5759649,9476997,4626450,9566758,462847,5186606,5781053,9986643,4992899,4541681,4571756,6217829,6055076,9650408,9602754,2294082,9617498,9430051,4469051,9569420,9724244,9572608,9576840,682172,9417881,9491630
5381774,9636045,9798505,4692297,9614793,9581032,5689806,9671534,1963082,5097183,2117798,9567257,9451716,9721771,9411057,4586725,9504534,5828485,4745883,5357897,5520957,5360719,6061172,9441302,5062990,723988,9491691,9590889,9379262,4461299,9844100,9480359,9402281,4764283,9739927,9597795,4911242,9758369,9384844,4887214,9695072,2233633,9739263,9659058,2234175,4934821,5393634,9585206,4594518,9744697,4413470,673680,9715710,2027643,5110476,9514277,9421734,4547072,9386173,9506365,2405246,9548589,9433680,9408456,5358382,643027,9747725,9446275,9833845,9404306,9490428,9398646,4942398,9576951,9587920,5521190,9930928,9414566,1962385,9636824,4881947,4532689,4998338,4499215,9486975,574795,9514625,2104728,5691004,9674485,412676,9608009,2023858,5903791,4536412,9596367,5089141,9596080,5396200,9843740
4532973,6550723,9634571,5703236,508694,5353915,9384845,9576952,9478744,2194749,9458311,574796,4533927,9805188,9451717,9386173,5905515,2221155,9559625,9987782,5381775,9432762,9425479,9559981,5903792,4711589,9558336,4963460,9674486,9673213,5521190,9847785,9495595,5283472,9661612,9421735,9581033,9750541,4751005,9746318,5689806,9446276,9633592,4537882,4760054,4594519,5171410,9437427,1955871,9843093,9805137,9754402,1288494,9658078,9550770,9805131,5243351,9433681,4787384,9480360,9844101,5356545,5358162,4451317,9383775,4856562,537670,1955390,5040815,9617830,4589748,1988261,4538942,4530199,9717658,9769807,5223015,9739264,9597358,5281498,9834187,4911837,1945957,9636046,9389043,9482805,1997227,5075939,9566818,9576613,9555820,9671535,4582792,5080148,4651565,9695073,9568434,9486976,9931309,5110477
9478745,2234177,5084435,1355944,9444493,2133621,9896283,803669,5208910,2126624,9901090,4449697,5312106,1235312,9382655,4547652,5053702,5411325,9375615,5758828,2198947,5395517,9446040,5354214,4757930,9694305,9578112,9505678,2233210,5140975,9483766,9641029,4911736,4772551,2032080,9690709,9484441,9438083,5217726,9450862,5182448,9606540,9421028,9744499,2074736,9787414,5111171,9622065,9712539,9744287,4754001,9772442,5110788,9551670,9553314,9600773,9467188,9664002,9598174,631070,5283554,9498205,4525188,1012010,5392874,4646677,4698565,4680822,9519765,5080149,9632661,4584204,848029,9848529,5877225,9524284,397557,4760055,5243351,4669769,9537702,9692917,4877257,9821032,4766559,9885181,9987324,4847225,9768514,9488148,2113662,4663644,4580835,9433682,9613126,9749222,9517507,9615343,4948697,9922423
4757931,2198948,9994701,9519766,4586439,2133622,4755938,4540118,9790880,9848530,9940715,2234178,4406305,4531451,4645088,5092841,9796942,5175618,4451847,5076020,2032081,5140976,5230616,9469014,9730684,9483767,5430281,9477014,9469270,9421029,4766089,9384800,9446041,9746145,4748408,9605382,4907912,9488102,9802383,2019549,4696285,2195820,5093989,4903788,9560179,9543139,9607336,9567453,4593343,2000895,9565538,9823552,9375616,9820052,9844734,9459211,9437475,9692026,5776261,5053663,9515179,1998164,4919860,9834758,4765893,4691767,9583211,5118958,5014718,9607168,9374087,9896284,5028361,1355945,9405233,5124390,9623655,9452816,9581656,9768804,4669770,9912041,2137781,9372733,9645613,4787246,5491964,9746173,9814772,9820396,5417391,9591745,4751385,9768515,9438084,9472414,5338057,9397020,9590857,9754749
4787855,5360236,9584976,9941264,4757932,2138127,4696286,6233920,2234179,5076021,4536644,9438085,9730020,9678042,9735197,4984841,5024119,9570926,9487710,5118959,9893525,9675208,5365964,2019550,9415192,4858512,9805317,9569800,9940716,9402442,4748409,4626932,9607337,2079265,9389092,9560131,5691009,5430282,9479013,9797522,4584418,9498045,9574095,2122394,4919918,9412037,9455430,4524051,9610681,9481650,2194240,9444495,4536119,5058510,1235314,9384801,4881174,9774188,9623656,9467190,9519767,9437476,9612788,9915579,9610981,9921972,9521786,4787247,9924127,9797163,2151905,1963135,9422838,9412292,9652701,9715608,9760620,9471360,5784421,9419342,2068771,9849748,9801742,9662748,2018956,9424212,9445908,4430038,4911246,9797194,4531452,9451369,4619192,4791218,9615879,9721681,4532976,2230116,9811270,9636464
5580656,4697961,9730021,2122395,9415193,9412293,4885476,9570927,9438086,4881175,4619193,1183236,5417588,663380,9666391,5294756,4390167,5088781,4907580,2137783,9479014,9569801,5092843,431469,9739643,9467191,9686444,9424694,726328,5080032,9678043,9814029,9893526,4695470,5855391,2194241,830175,2190328,9817693,5090113,4858513,9372144,9413101,4392750,2018957,5768533,4691607,9412571,9817052,9647340,2253394,9382225,2019551,9471361,4993900,9521787,9748494,5273404,9402443,9799429,1988478,2070562,9584977,9821182,4993598,9529445,9434722,9710532,9481651,9890233,9940717,4941715,9759639,5757622,4787248,9775085,9427067,9797164,9574096,2079266,9623657,9446824,9607338,5093383,5573774,9730575,9559821,9669566,9745477,9464654,9527353,4547488,4412810,9636465,4488467,9430247,9384802,5824247,9484753,2003629
9821183,880868,9438087,431470,2301972,541952,9678044,9415194,1183237,5974672,9730022,6180729,9759640,2919718,9453644,1963088,9415290,9748495,4576953,9569802,4392751,9669567,4574865,3362099,587385,9814744,2137784,511789,1024254,726329,2871083,5817249,754842,5092844,9578797,465553,537175,9475937,5998018,945181,2314502,712125,596393,9606870,9890234,9745478,6351120,5805308,4885477,547642,9957480,422923,9593180,4599020,5700735,9735434,6241175,5878317,9469273,6163640,683869,5122674,4529750,1317913,4480533,9464628,4976241,3186340,9607737,9686445,5824248,5703181,518255,755637,5177499,5904696,5430879,9419344,647216,9615181,472206,6173609,4744136,9384803,9920992,1023500,9432250,9746260,8058887,428521,4754005,610312,9565541,1048590,2122396,431869,9893527,464561,5369191,9695733
2919719,1023501,954700,4744137,6180730,9438088,9814745,880869,6173610,4519031,6064246,9850143,963751,610313,592561,512905,4543170,1109202,9831971,9593181,1162137,1204766,6043077,3362100,9682249,889877,5312111,2871084,534627,9821184,667557,4921233,3142001,619494,4878683,2257242,2847615,4745461,669069,4616944,945597,4976242,9453645,4517210,2941207,5698100,431471,5308259,9415195,1007356,950597,6148452,466868,614799,954214,9704125,504890,2146621,2314503,9569803,936481,9484822,5743530,4545104,6284926,804343,511790,9517583,1099007,6163949,755401,9385838,1954633,6292053,1015645,614998,763939,422924,9374007,4574866,9669568,9432251,872016,5789307,555821,587386,9491944,815518,4981908,884351,9578798,1036383,3259105,9503024,6189476,1077669,606591,6115307,4490748,884830
9682250,9374008,9488860,2230157,824710,3171533,512906,6369233,3189426,4921234,2552223,9831972,9814746,583011,6064247,2257243,5430748,9438089,4540725,6327507,5970883,5420548,9920503,4583303,6148453,4539881,9491945,9453646,5232991,5892244,954215,4759978,950598,9503803,6263791,491308,5699482,9558413,9675123,534270,4976243,5755532,6184310,461207,5939914,614999,6063764,1954634,4837461,5862795,9557270,9531290,6053716,4415555,9896551,614878,6054475,9507710,9514460,942287,2073517,6026702,682662,9667286,1097286,1097446,3246623,736873,5943515,5315316,5092627,2078946,776946,729587,9710369,2374848,4517211,6346367,721835,9850144,803454,4941112,5423202,9387600,9455364,9890473,3485787,954701,2356383,3523371,9387546,5325824,511791,9608890,9639477,5966974,499634,696813,2230120,937148
6779771,5111483,5232992,4656790,4583304,9374009,7130271,6138854,2073518,9576000,2066008,853920,2552224,5024691,777004,724967,5891260,3485982,755047,9889861,9676079,9663550,1270790,3104890,5933963,3406493,516448,9634534,2783078,9675124,1047086,9843548,686246,6880364,2871179,616578,9745481,9668690,6142742,816245,983074,6218012,9704552,4967075,3438798,1954535,2032309,4676373,4953748,437611,9717064,6085707,6026703,5981755,1075858,755062,466811,747377,5430749,6265287,5430220,4746988,782379,2230158,5928293,1106833,2360081,4612383,1158224,4592675,6369234,758997,7185465,4930300,9842460,9614434,4785905,747647,6648563,2130975,3442265,534271,9761106,5771598,9503804,4941839,5113892,9535043,958576,4885494,9477784,5731432,2000829,3357076,9524185,5720690,765003,902334,7184792,499944
5256506,958296,958577,774547,4697559,9775955,9573472,2871180,976800,4517035,724968,2073519,9573176,902335,9663551,5111484,5891261,767554,766086,6138855,9889862,2195414,9374010,9651029,2064210,4885495,646911,1169133,2301475,526199,2360082,4976245,9624418,9445485,4520568,9809587,9502854,9635401,9634535,9455366,1189085,4676374,9540699,741110,559986,5430313,2175818,4522364,890313,9668691,6084653,5425001,5819029,9420608,569368,5965916,9745482,989783,1179562,766468,1962313,742086,5430221,870712,1218075,729480,9850558,426758,3638216,9555469,816246,9449021,2126307,1047087,9467734,2552225,814001,9462723,4416365,564997,6182575,2113043,1497781,760399,7130272,515607,761597,7185466,9829077,9576001,9675125,9955592,4568747,4915978,2066009,6227628,9810902,4599024,509277,7674947
4697560,9771130,774548,9466975,552172,4599025,4563583,9509496,742087,5933771,9668492,2294168,457788,6108121,422149,9489612,5256507,9743271,9627706,761598,944980,2360083,659207,767555,2552226,9462724,526200,1231692,766087,1029301,5891262,1271378,7130273,1109185,426797,5814670,473845,4533554,463759,9579857,516450,6135187,936485,9775956,3045301,4493053,1109732,9374011,984249,1077673,976801,9467735,782488,6227629,5980928,4529718,6082022,9720138,559987,9375495,2932732,551354,9555095,4476945,4930302,1106835,9502855,9386018,3638217,515966,9420609,6142625,1140774,473092,1079193,3555541,9956636,6358786,902336,9663552,724969,755585,683599,6084654,736802,3523374,760400,4557772,871765,9716091,6220718,3246626,5974712,4426235,5791365,9618552,718635,934667,867959,1188004
2360084,4445908,4557773,4599026,9656902,4529719,1213087,585394,9763938,937152,9489613,1127770,5731119,5760924,9536252,751460,9716092,1010416,9535615,4614380,620608,5110440,9502010,1266759,1140775,4426702,680182,1048114,5423206,2113045,1179229,9858167,4554956,742088,5420552,4924165,1009879,9843970,1247270,4923770,782489,9653067,9743272,1957799,6358787,4894363,7570613,7259796,5699697,4697561,5075171,1188556,5705879,774549,9374617,711900,9941376,5054178,9833528,9771131,5428096,551355,724970,772002,435134,5057652,466748,2410050,9409832,9655597,1088922,5955394,4929064,6005683,9829886,9388012,972774,561913,1332438,5851857,4524453,9462725,9748004,552173,7488613,9395626,1068216,1963324,9375496,9386493,2980745,963415,2220003,9730163,9507714,9715371,4775376,671334,4478560,938621
4782461,2113046,9395627,9375963,4647292,5423207,5368738,2392836,5758860,6210720,2040211,9899341,619817,9489614,4523936,7715643,9580724,5500045,9429124,2280534,5961252,9623045,937153,5129543,9586444,7259797,5720694,6334226,4450610,9957234,9773381,4984439,1102573,9507715,9545101,9886494,2028277,9502011,6334769,6042543,2037086,9941646,1257316,5703690,9805515,9501171,1975743,9439541,9575875,9861989,5075172,9470089,9569468,9428539,9452427,9480556,1332439,9542675,5396772,9544271,9845275,522878,972775,4599027,4894364,4942332,4775377,4976148,579300,9843971,4902825,9462251,4620770,413870,4928881,9375411,9462591,4549884,963416,5346484,5346252,5851858,9400931,9845498,938622,5248153,9785595,4392506,5354415,9392707,9754100,5839752,5308645,9715372,4920114,4798317,6284625,9929265,9544051,9441693
5346253,4873474,5195422,6186158,6848726,4845746,5720695,5486340,2196476,5153668,5596327,9903984,2124044,4783977,5572228,4713696,5005290,5992464,4784386,6322186,6432733,9767200,1989080,6047518,4447953,9910088,4556513,4577160,9994718,5425834,9706135,5423208,5009160,5239046,5585691,9480557,1959081,4890352,5565031,5694445,2212576,9752942,4661754,4847134,5491564,4756700,9870233,4766900,9495001,4854654,2447807,1023465,5316826,1956548,2045619,5660196,2392837,522879,4543787,9548832,4854500,4924404,6464613,2130256,4856372,4618645,5576708,9525420,7469002,6022356,2038471,4984440,4696566,4785765,2131453,9620014,6550802,4762903,9455739,1278960,4638316,9590179,613882,4711411,4762459,5024097,9408621,5338606,6147661,2259369,4499335,2003034,5485722,1016075,4697942,4782462,6045184,2044807,9986849,2170591
4761744,9972608,4668319,2131820,5057035,5005291,7508020,5621206,4762904,7954847,4779546,4642914,5289694,7847714,5337163,4987087,9852552,4799793,4669979,4682789,2291244,5247914,4551886,4772107,4880054,4757219,6316431,4871851,8437879,5431449,5909605,9689316,6322187,4659679,2198933,5310511,2186186,4628767,2050661,4609723,8256607,8026012,4713586,9910436,4711591,4651257,4854501,7855919,4856901,2388080,9868765,5572229,9603618,5381982,6550803,4711820,5365186,6675912,4653019,9928059,5081916,4865944,4995445,7857154,5346746,4651447,4759986,9922462,2921147,4670183,9873369,9551104,4747073,9926073,8061075,4590107,9777313,9994701,4629078,4856428,5562874,5471642,1987372,7860279,4729226,5357085,6021495,5390377,5137445,2369535,4837224,9460977,6780252,9624140,5852756,5381721,9436177,4760984,2233442,774954
7470359,4821416,5339087,9873394,7596438,7488617,707713,4846630,7860150,7508021,7511081,514747,7390453,4770173,2594471,2186187,4609724,7808781,4787363,9985283,4729760,672573,9921654,454238,7530537,7097087,4858360,5088842,7457579,5727906,5088799,5005292,675591,7712847,4676622,9635808,9709053,4772108,9822210,7562166,8024089,4759987,6243557,6577348,7088100,843890,9985385,4563735,2253025,9621361,2131821,1405189,9776465,9792523,4532524,4784756,7258800,9897725,2044672,9691091,5350419,6017981,1324355,1342892,5354133,4427994,5909642,5407928,9789244,2185809,5154503,1462122,5419166,5267197,9509290,2018545,7847715,5178832,4946389,7267497,5361114,5396205,5109947,9493591,9830358,9701233,4646853,2010048,4976864,5041576,7159486,1105461,4669353,787632,5855052,9574832,2049258,5725022,9433839,9798161
7511082,1404601,7596439,5005293,9288455,5269231,454239,5071554,7258801,1406872,7488618,7216262,7182456,7319229,1342893,7698920,7769874,4609725,7669522,7202601,444604,707714,7177994,9875237,782495,5850590,1355908,1462123,5908999,1406109,1305072,536944,5423211,1562364,1359687,7847716,1466505,8084985,5781368,5725090,9569077,1342602,7267498,9815698,9709054,1405039,4643269,419109,691697,1487926,567148,9914155,7091041,7630935,7464810,1992310,9792524,700517,9384394,9911804,9820376,729532,1651659,729531,1360472,1769021,679811,7428080,5394104,5789097,751795,855681,5781367,1355714,9701234,9955744,4729761,1360254,1359626,2001114,829536,1351707,4695262,5806931,2169418,4942660,1066737,9776466,1405991,1579701,397886,7508022,1351544,1453980,7664891,5806453,481861,9440768,687637,7545060
4643270,9973686,5593930,1462124,1404893,5229710,1404602,2254253,6659458,5590646,5656608,5630444,4842732,7596440,5574526,5777506,2071772,2393826,7018653,5356586,5779153,6879465,5500943,924429,1056067,4723532,982801,6882390,6267545,6920622,6911393,6913439,7511083,1458783,6308008,1122530,2254519,7006269,5555977,9914155,5438771,1405040,6707115,4925441,5423212,2927839,6511016,1126325,7165524,6355767,4392449,5007500,4713746,5276906,1428815,1692469,4642215,3486749,4648508,3805767,7172014,4783043,8011973,6503526,5289317,9777127,2066591,7506603,3508536,7942816,6473205,1493889,1457949,5607218,2042614,950835,4762085,8436744,5339089,4723122,5385475,1342894,5209697,584776,7267498,7583970,831435,7254758,9485312,2425151,1185554,7467304,4711823,1407857,445826,1459054,6148595,5486637,9556902,9920252
9109226,7626357,3327485,6968743,5527121,7693136,6920623,4214399,6307334,5193447,9210425,9266315,4130633,7031639,4120731,7798595,8396362,4643271,9159539,5647965,7652236,5624656,852773,3648909,7643488,2416706,3510695,9973687,6995379,4004002,1913178,7530701,2525515,7068679,7028201,1643104,3499904,3867574,9258457,2718652,2632271,4841789,7603287,7836025,4244833,9224963,9248251,9355312,8141383,7688458,3273890,1677200,3501903,9095329,1826206,9211511,7676636,3307392,5638115,1855996,1830812,5675003,9334487,4776203,6815804,8462510,3489587,5686540,6126915,9272383,2465902,830433,9267340,9365258,1835877,1915680,3497410,9356424,9186378,7135796,2513195,8506015,1677647,8510857,1836928,9039196,6977141,8122044,8525122,9322469,9098915,7339939,1623505,4330486,4110595,1605455,9347635,6979790,4122112,9144547
9266316,3535081,3499905,7820236,8972615,7666621,9180707,9126899,7454524,9323687,6743772,4307247,4309111,957388,6925791,9248252,6071916,4776204,4252577,9220682,4231701,7622443,1873470,8688271,5641765,7071684,6823534,7068680,3425183,5533104,5339528,9109227,8466685,8583993,7603288,4120732,8384004,4192075,9355313,8828724,2197309,3329953,1913179,2472343,4087727,7922495,4198989,7489820,6467616,8998405,7319055,2525562,9159701,1783397,6936709,7072595,4840490,8526693,8306184,9322498,1873305,9248447,4822401,7716659,7657436,9345428,5684026,5438316,4139630,5675823,9106992,2525516,3682610,1766282,4203168,7621982,7277619,2368401,9156711,7664661,8538988,5305549,9072736,5685370,8447186,7525897,6261545,4842734,9180672,4219572,4324032,4110596,7587851,5159540,6870570,4060207,8508639,9250552,896213,2599924
6849097,5207432,5662155,9918643,4658711,6467617,4120733,6389906,7856960,4861906,7311880,2550983,1407472,9899035,6655481,5197771,4757824,8028873,2462986,1442246,6818862,7597388,749425,1238465,5558095,6366343,4779058,6667884,5427206,5447344,5304289,6906725,5405427,5086101,5653949,1429981,6631154,8442271,1523018,4498017,4757289,6968745,5336671,8658308,4718320,6319994,6340648,4869784,3467824,6354862,6385973,5524480,6993829,7505025,5636036,9949819,808418,9180708,7860957,8440172,7141747,5283891,5306451,8144398,5069594,5670452,9898514,5306018,3690131,5356510,4681401,8450042,6347861,8850778,6357888,5382059,8471028,4776205,2557736,5653132,5533105,5356589,827479,1462780,4970600,8060682,5593933,8255942,5256872,905801,7038507,7004620,2119600,1407069,6994269,5300662,4819028,6244017,2529426,4664127
2550984,6587142,4658712,5376284,5271246,5524481,6589536,2529427,5662156,7856961,4779909,5387737,4729086,8028874,5197772,4862419,489244,6387701,4804999,5653033,6615547,4833748,2103063,4674771,5382060,5304290,5207433,6354863,6131334,7856835,6364804,6832117,7038490,944919,5301147,6159865,7597389,5835881,1618051,6363719,8370558,8440691,1697059,5306145,9854557,7938923,4807310,5510737,6222016,9621476,5300663,4919161,9976092,7052791,4949179,4741047,5447345,9899036,9917684,2132800,4611644,5561997,2590579,6390157,5356590,4784762,6366955,2557737,6603734,5485754,2022601,5615566,4822013,4978409,5236944,9946981,6668953,5254181,6833679,4615393,6437147,5357448,5585018,5207313,5000363,8438137,2372892,6108608,4748941,1169852,5400944,8400641,4865955,5151795,5129224,1066150,4688592,8029158,4819070,7977314
6847811,6300421,5611688,5659546,6547058,9947166,5578150,5586528,6442465,1159668,5506257,4757051,2861799,5524482,6048530,827841,5906552,5197773,5588690,7006249,7929531,905803,5880455,8928358,1429983,1439469,5487215,2334597,7038491,6877145,5592276,4833749,951455,2127097,1161632,1404575,6330394,832597,6373686,6908238,6808519,1026736,6186199,6167470,5143830,1404495,6929061,4818476,5449473,9616791,5622119,5570582,1404185,3412076,5344863,4847171,5300219,6846395,648699,2718448,6977207,7597390,9566121,2505860,5422955,3629210,723914,5387541,7986924,640239,2031829,6376094,6328077,5506310,6651831,2098786,6655365,5308699,4713928,1506048,706131,754257,502665,2124004,5459456,913255,5758066,6192237,6561466,8993034,1383741,837780,5387738,6026445,6234629,4970602,1170611,9533377,4547856,795097
6957691,5586529,804441,5308700,6062817,1989190,5506258,6808520,9636502,5032140,9482739,9533534,773202,5270234,599481,9384036,2374554,3736630,2228690,4657484,657554,4448421,9843724,5226248,412032,9811319,4855034,5482104,2775717,3270495,3368887,6048531,755449,2111912,954796,9445708,9862083,5948633,9395171,9697051,9451187,714131,9843640,4968569,4524470,4539450,732014,5490956,3362021,5469953,979231,650636,2068718,9815368,5355431,5577982,9535166,9556692,5874975,9665595,2079415,9561540,6151096,1078306,1159669,612541,4686528,9761716,6216650,9533378,4675976,5418642,9564652,9375349,5767604,6136157,634640,905804,9571706,3246595,6156562,3638128,6064802,9432235,5720661,785211,6473732,4697947,5588691,2861800,9392792,4586882,9605760,9467124,2289916,1188162,634611,5115396,9709445,746865
5308701,4648591,4898740,6957692,4645924,6156563,5583971,5596315,9555661,9392793,5506259,724512,5905302,9843725,6958208,9696015,784936,500193,5586530,407441,5744422,5032141,9388762,2289917,9673126,9375350,9699559,658456,4544708,4976437,9554406,568530,6946880,2225404,616313,5346750,611963,4656886,6349505,628774,5308493,570101,776218,9418300,508240,5570584,449392,5865560,6361787,4594707,9932613,500648,5173712,512602,841645,4657485,812155,6727789,5745219,578347,6026164,1097752,3081482,521474,610007,847413,776760,5720662,9702271,474164,5340692,1189493,650637,754852,562648,4542685,553319,9842750,5702544,1168944,5200212,838216,526091,6323673,9620217,412033,6174136,9478324,9659640,2551345,2275638,522775,9372210,3211294,9723010,4577514,922346,535758,5482105,423715
5308702,4523782,5340693,5971631,6050027,9625086,6048533,827844,1317232,1181607,754853,4955794,6369703,457061,611767,7130566,696810,724513,784937,5741277,2040147,941432,3439389,888283,721961,1169344,9691515,9889371,5024687,6957693,751840,522122,9464470,9732109,9889879,1168902,1168945,4775754,568531,9609156,4392558,7151718,6958209,7150029,4627086,4577515,4553890,621494,5570585,6085703,3522465,5032443,553320,9419438,2330596,802383,4971940,9503619,6537967,2906743,658457,4898741,4542686,1947936,508797,773431,986962,9739873,4531080,426131,5596316,5482106,789023,812156,9434056,5754449,464610,789647,9845523,1313543,880639,444150,9478325,4699998,2172680,5409151,5762600,4697154,3245094,6327817,958098,539596,8077016,522776,4438762,1089877,9632412,479727,5660484,741105
5578030,5570586,6235493,9469898,4688401,559915,424471,9825819,2297716,6027653,4653964,9774804,9588579,9374846,9517101,4689152,9885867,9609599,4977399,5779751,1993839,4472991,9549214,1356047,4559862,4928864,1240564,4963439,461452,1959207,9857668,860115,5019125,2314041,9447895,869782,4577489,4941324,5596317,1187785,800358,9756275,5758136,9751770,842261,4577516,9563139,9515812,4592241,4963947,9592287,4846194,1218347,5781018,9472263,9779180,5828369,1154944,5950914,1007301,4898742,9505084,6183297,9957620,9662336,6347774,9831290,9627271,9452324,1047231,9540248,9557127,665431,4942446,5269151,1209326,5490933,4751444,5213760,9795304,9578581,3192133,9577711,9445182,6163326,5162226,4434967,954799,9987412,838953,5573298,6073506,901128,9545835,863592,6146227,9740011,9665346,2174045,4504189
4777447,4617731,466980,6027654,9703210,6006644,2276102,4881535,9617736,9508353,5423374,5111448,9627272,2194243,9535209,9761929,5397128,5578031,5114167,9607515,4684826,9683042,4602680,9515026,5432055,9746771,1109742,6299030,9756396,9395083,9533023,9866254,1078787,5269930,4885752,9462902,2045419,4437163,2123274,5433575,4990368,4725487,5828492,5964108,5424841,9924081,9588795,4579388,9621848,9612219,877927,4855286,9793263,9840761,5801670,4412212,1960517,9602331,4920491,471145,5243170,5688214,5702616,5090593,9503138,1088032,4678980,5049711,9651670,2022607,9771653,4529391,5395850,622058,5923348,9506170,5690517,9459270,5186527,5469957,9517102,9740012,9828638,9828483,4434744,9412040,9816669,538822,2297717,9630908,4787193,4553952,4653291,9543590,9754875,9438145,4954969,5083439,976880,9696684
4777448,5174323,4648595,6370466,2035226,5305535,6328083,5242840,5486889,8439609,9957282,1109828,6344641,9858311,5461038,5952409,877928,5424710,9685708,4748190,2082124,9957898,5103512,1189197,2147428,4932747,9528744,5113150,4874319,705609,9734257,856231,1252624,9503729,9395034,4745816,6443352,5648453,9719833,4656327,9503300,4568064,5153295,4585180,2551180,9533491,9383435,9523952,861208,4698761,4779960,4658003,4950974,9639110,5032248,4514296,4434260,6552407,9798669,9703211,7982698,4602681,515866,4861515,4567690,9755493,9739050,4529323,9841444,870840,5758810,1984539,9692923,9983878,4504425,8439655,9832530,9938133,1040774,2054131,5759693,9448201,4921205,4594711,9543326,2130532,1942080,9597895,5558469,5254845,397119,5079675,9936877,9941526,9921765,1078877,2168204,5367180,5570588,6299031
1209329,9669188,467987,5691403,9708734,5886597,9586535,4950975,5424711,5631536,5857565,4767732,9717132,4459973,9538037,9440154,6378374,9654641,5570589,2095692,5575812,5140598,4898745,6212465,5755396,5173717,9411571,4426670,9724296,2147808,5785653,9629273,4993609,4772913,9489150,4421781,9663956,5912721,9387361,2119661,4529324,721866,9812215,9803193,4560152,5606468,9780190,9496454,5095800,2033069,4979911,2457390,604806,5341534,9636365,9395035,6182455,4924567,5809638,4538378,9419603,5256264,6108510,429560,5605279,9608975,9462220,2069363,9480706,9543284,2022609,665434,941493,9740134,9458180,5786622,5781869,5980508,1335563,9938792,6299032,9669058,4594745,4613826,1317402,9575222,9822091,4993955,2095529,776469,429451,5948131,9609214,9445163,6389831,9565949,9373532,4473150,9795658,9792282
4613827,9489151,9778252,9648887,5810958,882317,9598893,892659,9587586,9575629,9786817,2095693,471432,1189476,734963,554610,4677396,1940694,2003151,9696659,1003220,4920138,5728063,1191940,5810875,1078401,783269,9610392,1014952,1335629,5754312,9611281,9513804,465838,4898746,590726,5955789,5940914,5904833,9733671,9579411,5862305,9847153,9460725,4412459,9407714,956806,9804108,9708735,7774910,5971918,735466,411572,630302,4531867,787518,5235009,2147951,9804394,9702197,9862058,510189,9477042,6331470,5095801,9503550,9473719,2320201,5025430,457051,9765977,9678598,4523247,6163347,9656843,410709,892859,795860,4413589,1068255,9584532,9470846,2120767,9899348,9419556,665781,5744684,1179415,551271,6183083,2314391,977096,9668672,9798806,4389527,559919,4546783,5354853,1196698,1179819
410710,5460571,4507008,408839,2033288,457052,5584793,1179416,9513805,6175400,9511925,6354875,620755,9767914,798549,5586745,4520502,492670,9587587,777333,5032160,9394379,9534875,892660,9453721,2275645,9475587,4527644,9730192,4473462,4536468,9733672,9814345,752461,7446052,4462435,2301349,679239,770420,7674018,1335630,5023002,621500,397613,9847154,559920,6177068,4934315,1070214,636807,406292,565960,765944,4452490,5071022,9386226,397607,1183558,9453702,4556825,9396416,601188,5174326,5940915,5092259,1168790,734964,4878031,994784,7471999,9786818,1221731,1149608,9531620,9438979,994707,4877803,9702338,4531868,429426,9401998,9648462,9460726,1940737,9923270,5944208,5496308,2129755,4594691,4568067,5791843,4920139,6233601,5912904,9532280,4392564,1227722,5788324,669292,841526
5306863,4791238,557883,4688407,965200,9895179,4845342,4630988,4776366,9988411,1227645,9998842,901850,5202833,2053888,4679562,4434011,565961,4844830,5849131,6177069,9810725,4621750,1283272,2129795,4654890,9487362,9575281,9600941,4909925,5648458,9599221,5585047,6344645,6061592,4395379,4392565,7706092,6180348,9745431,412804,2553366,691900,643621,591616,7530569,7692446,9760367,5089697,561862,5123068,4612447,2457829,4591740,5171943,770421,7554100,4568068,9577071,4569127,4846083,1954396,9889141,5607716,7477035,9456671,5100993,798550,5580468,5584794,4534000,4647128,9956361,5334751,397537,5111282,4744179,7600988,4502558,4409060,4921439,7584647,4467184,7453473,7509604,4683357,6365831,5885051,2126912,6220340,9534876,4753746,4930530,9925126,1231973,1077692,6367034,5111815,4777349,9939211
5163809,1357768,4638519,2457830,6554595,4846084,1154624,5347977,4844831,787521,1317406,6386974,5511010,901851,910289,2010121,1191943,5648458,9666797,9668985,6364921,1149572,4412267,9708089,9815966,6249261,5932050,1954397,5185810,4785048,5923418,6442547,9760368,463098,6010688,5658909,9889635,9994090,5324802,9413686,4578304,7154409,9690957,1937544,5040576,4849972,1162939,4789007,5294934,9459346,9430986,5379301,9924972,2077604,2226138,591473,4568422,9786282,7158998,5876074,5049675,5467207,5191791,9956362,5050944,899793,5155417,2165409,5326112,9853244,1939444,4429794,5892188,9788941,561864,4612781,9939212,9993561,5430000,2253350,2130912,4654891,6233236,5496664,2324364,9702380,9659215,5770999,6133822,5017190,5688584,5468444,1944673,4927936,5265901,9480710,2554233,4765332,6278900,2327728
422518,5603282,589869,4463466,6798496,5788773,615766,4869969,839492,6001482,5815486,5981520,5830539,871480,5323151,6779323,5916571,962412,6174715,7056784,910290,4779267,9430987,6134694,5423496,652084,414309,941309,9668416,1943324,552941,499854,4846085,4369994,6378857,639525,6373305,1084342,1304072,6242436,4766652,5605932,4821405,9704580,2032067,6577468,1119264,787522,4462330,4629039,1949159,1441099,5292487,2234897,9702381,6011242,5419332,4970504,6266229,9715596,1088503,6383603,599232,6147776,6026344,6326268,4490177,4544968,9853790,504352,2505118,439465,4750769,931215,643396,1078377,1082535,9824494,3360815,766395,6113820,5967703,9597790,494789,1067861,479971,9902053,895240,1200834,532074,2170953,4469147,1240673,9855021,2141120,5734613,604902,6235425,6157182,5890387
1169011,1168993,5711385,409325,9714590,4638043,6374997,5588186,9839896,9626134,918428,2054889,574095,2987665,2225155,869664,6389084,5308488,9702908,1954804,4494970,9942595,6110978,9911735,6064375,4440489,616967,6229918,437766,2171015,6066827,6175510,1070373,1011021,9664836,5053876,9596022,1127273,5690999,1006614,3555991,4644636,5999016,1222234,922725,5976879,902461,744510,2032907,9716837,3737669,460734,1937444,589870,547428,9776579,465632,1938681,764995,451155,6156126,1096061,709724,545356,6006634,9448459,9398963,3247954,3263278,9590885,1192205,3522698,9784908,9527854,5828850,9714439,2168978,4463965,2866367,9956349,4430272,5702979,9491609,6284408,2028214,4545511,2031679,9597791,5348106,530909,4503424,637307,556886,3560579,6335879,9431614,1157751,5903787,484761,729546
5906137,6374998,559607,571867,3485781,864465,5972816,5141668,803636,4601476,698837,2197063,547429,456675,597664,3024107,5814251,656965,3436921,6135169,9374002,7056593,5250855,9779939,2315786,5999017,5985914,1070374,5758473,1206963,5762618,4569076,653364,462744,918892,635229,1338964,3130939,4920144,889841,1168994,491034,3054695,5934550,642435,421838,689627,763401,1190753,5176210,770041,470757,574096,499804,2923992,894180,2980692,5879357,5752152,5960540,4391160,1094895,894208,958740,806900,9831616,841489,5022993,462812,1035512,478728,5092083,4578654,978760,1006615,858295,876045,5417172,491563,9833215,6219415,765889,3093604,1097485,803573,6217024,808222,858578,460735,756580,3247955,5739348,1159248,5595749,2502324,742127,6219190,5090340,4545970,4537181
