708069,701749,488880,822957,606092,415077,940266,583544,543298,828022,490725,614837,792573,979076,988757,859122,628945,925015,629845,465355,778495,700752,545584,809054,752066,469861,465649,674294,778472,951412,720685,634232,799709,799366,482858,599302,743626,610298,430859,494334,990302,560932,824502,890353,946785,629385,951015,595591,773971,858986,435313,991120,530071,481843,603929,765817,718212,790605,461948,688320,613058,957496,437505,616093,517738,674188,550158,959422,614455,615071,734119,526936,829908,581929,811286,635056,970792,759147,667332,555903,827857,430689,468999,950560,496210,456390,683004,582290,673892,396136,924776,603912,969119,470923,694382,513268,604676,673283,607589,938588
708070,822958,543299,628946,701750,990303,488881,583545,581930,799710,743627,599303,828023,859123,925016,606093,924217,890354,778496,616094,912313,688321,795485,420095,667333,595592,982394,482859,545585,682531,415022,634233,674295,466140,957497,607590,593684,494335,526937,811963,827858,578500,734120,767425,645386,603930,504999,929210,629846,449621,458438,954343,944236,737336,673893,946806,582291,617758,396137,552420,403243,646289,713807,682647,516759,435314,614456,938589,544233,465650,951413,464026,496211,550326,931614,430690,469862,964413,794854,759148,621351,794126,926824,430860,950561,612839,860336,765818,602320,970793,761686,641734,603913,890120,718213,887838,752067,694610,615072,501342
708071,628947,543300,773296,877043,946807,635301,488882,931725,688322,890355,526938,606094,938590,505000,860337,940518,645387,789977,929211,970794,517835,748222,501391,466141,634234,603931,415023,525855,828024,946787,504234,954249,599304,699989,951017,458439,501058,799368,881777,602321,912314,954344,551980,593685,578501,799711,470925,517740,683476,597656,629847,582292,737337,435315,708380,420096,922784,482860,925017,583546,682532,568682,717972,890121,449622,494336,414061,718214,497099,687904,811964,761160,658292,794855,761402,535975,989488,465745,993304,752068,778497,931490,616095,496212,939949,646290,794127,992351,611863,768994,469863,803302,486324,917645,517746,635495,430691,964414,741183
708072,628948,543301,748223,828025,940519,981635,992352,708381,938591,773297,526939,688323,497100,964415,839390,992804,507023,581664,812425,656074,635302,720688,929212,525856,789978,617728,491698,458440,717973,860732,890356,960638,803303,823395,517747,743106,989489,866711,483744,645388,435316,669269,528845,413365,603932,639348,946808,741114,602322,978521,465746,881018,977141,634235,596272,799369,508671,770250,741184,547332,682533,759494,792108,611864,881778,692203,892778,669045,436767,953033,881538,466142,453027,683477,717569,488883,675187,974042,787385,860338,452667,473657,970795,586859,411144,465652,718692,556964,974261,653680,517836,793595,855809,558431,513370,572498,527161,854691,447855
529082,938592,617489,729231,771991,993962,761530,964416,902682,990826,881539,552344,426848,932139,497101,645389,622247,815897,413366,601200,673675,855810,653175,881779,400037,480138,761234,539768,755053,996542,665425,499396,513371,812426,647852,515883,508672,673338,833503,617640,663590,795817,782419,529937,604656,758743,775674,424751,942520,889333,787201,908244,703833,757336,854692,873865,780345,537133,709995,591049,573106,425050,669270,548966,442103,847628,937140,692204,665656,397322,576994,447541,518245,790426,728333,643004,605095,854414,802508,522829,741185,671280,504014,617079,543737,469358,891001,470462,708560,513549,694284,860733,533863,858308,486418,457001,464089,492835,581933,412854
529083,771992,761235,548465,941663,634388,516894,729232,647853,646673,442104,990827,665426,938593,881780,497102,790357,425051,854415,709996,529938,886815,552345,755054,429864,942521,757337,591050,645390,908245,881540,996543,626643,887134,508673,590399,761461,412259,533864,586018,726457,513550,855811,671106,604657,604618,413367,966692,804028,888222,902683,605096,630001,937206,748541,783149,400038,833504,812427,492048,708561,469359,539550,993963,780346,479960,530249,615348,932363,860734,681128,770504,733112,743735,672640,593924,543738,447542,889334,462920,515884,754958,397323,486419,410025,679660,942347,859127,581934,653176,679087,930672,692205,728334,756233,411962,790427,917667,895126,786512
941664,679088,761236,516895,397324,886816,977489,891092,548466,646674,938594,679661,411963,492049,665427,601180,771993,917668,930673,422537,517864,683591,830089,508674,530250,804029,855375,881781,427748,506404,889135,479961,512682,757338,522266,933144,996544,529939,554643,885302,895127,538372,547548,641168,595688,746672,593925,755055,942348,753129,903641,500324,859032,532154,761406,777089,941706,754959,660302,513551,748542,486420,609130,756234,856699,517661,992762,500290,471605,958078,604770,855812,437265,577679,814882,889457,590468,647854,666422,670914,412954,732579,734246,708562,518458,763354,799545,787327,668897,604619,791003,728153,910606,469360,453100,751370,985983,678233,730165,457427
761237,891093,427749,411964,930674,429866,771994,739972,938595,837929,783214,942349,655612,829606,647295,508675,456513,729385,413342,445037,470023,799484,843662,963009,741188,419089,430729,589892,632674,718696,583099,726015,977131,607859,548601,843698,428870,957864,954781,638975,448149,976310,639940,639756,713375,767885,989301,787438,741245,526844,444245,808130,674035,880902,461483,531043,942623,605117,779111,422027,933145,802443,739741,783301,759880,480343,669684,604152,941665,538819,624929,687512,422538,782050,787619,814056,735149,455278,463259,585246,471009,546031,512683,639514,508551,664055,958079,894453,665637,590469,604929,942960,970215,751371,989370,665731,864374,930524,692183,661252
761238,427750,891094,429867,930675,783215,837930,938596,647296,419090,589893,718697,411965,787439,701441,559973,957865,479805,713376,869136,604153,729386,543780,413343,829607,864375,976311,632675,517635,767886,739742,470024,989302,675025,674036,768922,726016,635137,843663,604930,759239,630361,888647,963010,555611,843699,463338,639515,423590,726713,697124,461096,895441,515959,880903,461484,888169,629895,656939,435088,665732,675313,665638,787620,783302,771995,741189,565546,954782,664056,603200,802444,951127,638976,612494,463260,735150,551382,624930,894454,636251,534190,668874,989371,480344,934538,759881,580689,656183,468598,930525,639941,607860,639942,551181,503199,604397,847969,486174,799485
761239,589894,891095,783216,429868,515960,427751,419091,938597,739743,821638,411966,726017,461097,559974,647297,621617,543781,701442,888648,718698,880904,869137,517636,759240,847414,837931,430327,930676,604931,435089,725720,674037,787440,769242,958744,735151,423591,865356,958098,630362,603201,632676,613377,891050,768923,413344,857808,951128,574509,976312,854593,713377,837639,539540,882532,784937,803462,610750,555612,636252,745953,843700,629896,787621,847970,843664,759882,604398,651512,580690,540773,989303,616234,726714,656940,665639,697125,426014,746006,534468,802445,683911,869607,651720,751783,491652,546674,888170,911086,729657,541762,589391,575336,433439,613069,463339,678782,556891,607861
589895,426015,891096,783217,430412,761240,729658,726018,867376,515961,543782,891051,559975,847415,659215,668917,539541,673267,768924,958745,577293,621618,585450,554997,787441,560219,411967,769243,888649,727246,427752,585618,674038,865357,880905,911243,604399,837640,517637,746007,541763,858811,534469,479728,751784,958099,461098,847971,755354,496167,869138,495196,494989,769164,951129,854594,423592,613070,760430,485773,725721,636253,419334,545864,457185,602383,591560,695735,843665,424781,614607,910834,976313,787622,745954,735152,759883,607862,970809,617704,784938,542104,574510,419399,669474,610751,468419,574466,696561,854335,540774,555613,435090,630228,517334,713378,551183,901761,803463,739744
871077,783218,787442,768925,426016,543783,430413,457186,978534,729659,487602,750483,867377,726019,541764,958746,761241,847972,577294,847416,976314,515962,746008,837641,741783,589896,659216,639191,910835,745955,854595,614608,610752,668918,559976,650640,539542,585451,517638,756513,554998,970810,755416,713379,755355,891097,636254,496925,911453,993575,725722,551184,586275,423593,869139,617705,613071,464355,674039,718047,864652,930576,901762,604400,799488,591561,582157,958100,751785,787623,857691,784939,696562,911088,462466,475828,958357,855050,843666,479729,474272,674202,540775,989339,759884,898887,880906,630787,468420,548347,811697,411733,625355,741804,461703,702508,633674,989557,746781,691687
783219,768926,787443,867378,659217,457187,871078,847973,837642,958747,726020,543784,636255,426017,486348,729660,746009,756514,781470,464356,551185,541765,978535,650641,761242,930876,614609,749902,854596,582158,847417,517639,755356,446849,610753,969351,515963,625356,554999,487603,475829,864653,713380,413617,911454,604401,910836,795620,633675,993576,423594,937148,784940,930577,446717,609992,958440,586276,430414,668919,989558,577295,575339,750484,741784,573399,787624,696563,659535,787652,740359,573388,725723,884363,901763,656263,585452,790468,657559,580099,643593,756755,786029,657249,540776,467461,869140,734296,411734,898888,764983,916329,529986,509100,468421,613072,989340,574022,718890,857692
543785,783220,756515,781471,958748,411442,746010,787444,768927,729661,901764,837643,871079,587301,854597,604402,475830,867379,795621,749903,551186,555000,604230,515964,726021,541766,847974,556350,486349,585453,754984,659536,650642,761243,755357,756756,718891,751741,784941,910837,517640,412446,423595,790933,633676,713381,610754,448172,787625,602373,898889,927564,426018,553324,854338,851080,661230,467462,937149,989559,613073,609993,513331,741785,855954,411735,457188,843668,546480,777813,994076,969352,651724,916330,610126,741593,413618,599694,930578,691689,598992,764984,635205,430301,811699,431080,561197,993577,464357,625357,729647,855052,468422,958441,643594,423306,512482,639082,446850,690759
756516,543786,783221,855955,729662,958749,781472,790478,604403,754985,787445,653329,587302,901765,854598,582424,512483,854339,486350,784942,517502,626811,491135,691690,585454,843669,448173,650643,544380,746011,598993,515965,751742,790934,483956,556351,651725,787626,843514,846389,811700,612813,411443,551187,468423,755358,431081,659537,475831,756757,639083,691823,656945,467463,759256,718892,513332,577297,774431,733902,633677,517641,937150,613074,555001,466746,610025,993578,837644,729648,786031,423307,895369,591044,867618,639162,609994,504657,590056,656265,927565,776581,422699,430302,989342,423596,971279,713382,851081,674042,553325,870941,990459,884355,686456,583490,568536,930841,739810,898890
756517,544381,783222,729663,543787,855956,691824,568537,653330,523004,854599,486351,691691,639163,781473,790479,512484,587303,787446,491136,448174,833704,846390,847847,604404,548695,854340,754986,776582,517503,857727,870942,626812,466747,475832,787627,585455,536938,700511,617139,549089,656946,901766,431082,843515,672388,755359,895370,937151,639651,598994,551188,651726,650644,782488,904371,412250,958297,784943,891427,422149,868346,638952,604079,958578,770443,517309,504658,582425,639084,610026,555002,751743,659538,404141,422700,613075,537117,679503,964463,690869,786032,468150,656213,522128,702512,739811,958750,713383,774432,516799,888411,410585,729649,541571,483957,436594,479631,670939,474454
756518,543788,729664,855957,891428,617140,544382,639766,988581,783223,587304,691692,568538,691825,548696,466748,781474,639652,901767,626813,536939,854600,787447,782489,491137,537118,486352,639872,523005,742088,847848,672389,751190,604080,656947,653331,475833,958579,787628,937152,659539,585456,700512,639085,724970,626536,846391,551189,552173,790480,422150,549090,463297,645434,639164,440366,616616,776583,656214,990182,512485,675452,412251,404142,857728,598995,729650,517504,517310,802590,620782,856867,955035,599628,690762,726388,816248,515609,869712,610027,495615,604405,786033,770398,752375,496937,799865,686458,734538,713384,721898,843516,626319,870943,868347,911093,969355,702513,698034,516451
496938,878315,620783,855958,580525,671996,625361,684527,587996,901768,988582,639767,639653,568539,617141,536940,680400,548697,691826,691693,543789,891429,700513,721899,587305,702340,735071,843517,724971,465268,672080,475834,756519,847849,680512,782490,688682,729899,659540,787448,511853,786034,855614,838779,672390,639197,517505,783224,665119,486183,855677,467224,854383,579870,656215,440367,772392,671908,497994,589249,680824,735098,958550,674756,626537,412252,466749,491138,742089,841809,726389,599629,577144,884714,495616,675453,661266,752376,609153,942455,639873,463298,467797,664539,467080,656948,440927,463728,491618,423220,698035,937153,990183,531427,701072,522878,486353,873998,911094,551061
639654,625362,589250,587997,855959,496939,671909,684528,411391,580526,721900,400526,671997,620784,536941,878316,751746,680513,843518,491139,560996,639768,691694,901769,568540,467081,688683,702341,552853,735072,835033,701073,551062,930332,423221,597276,497144,714006,665120,680401,686364,691827,786035,700514,782491,783225,752377,729900,942456,492377,639198,672081,488462,664540,431239,579871,617142,661267,693549,591823,630431,438482,440368,587306,412187,496985,988583,467225,873999,756520,398175,492880,848305,680825,855678,643750,647154,686384,690722,698036,855615,964125,910973,639816,511854,687424,412253,517506,604407,687747,548698,497995,761850,486184,461513,620622,942972,690892,540076,410255
855960,751747,613692,664809,963992,656799,461994,496940,799509,587998,735383,639655,458132,942458,604034,552869,761852,671910,699631,657366,705324,630796,843519,684529,406140,647777,630263,640094,423222,604962,701729,937233,664769,721901,847925,536942,625363,989450,680876,684288,639882,434701,536721,652763,691695,634562,718374,848306,406542,552854,942457,419179,699630,726645,799783,855827,467397,782492,400527,656757,475211,671441,462851,471573,847228,697226,535590,411392,491785,661371,483635,701582,440261,672572,690893,752378,671998,492149,613675,657317,620623,620624,700515,491140,421833,517483,648273,678199,620785,656758,435138,462797,729627,705323,613676,434702,625663,514217,661105,497145
443956,848307,855961,972778,664770,454229,526507,751748,721902,680062,799510,495297,761853,600496,578963,856838,782493,427971,397885,526290,729530,517556,855617,937234,501796,963419,664810,620625,727615,613693,539050,843520,491786,684394,634563,531129,461151,517484,726395,855680,461995,536943,684530,888864,411393,843521,656800,938625,562913,423223,471574,458133,691696,709227,620624,802927,855618,678922,465271,539580,630798,698693,454238,963993,435139,657367,491141,724748,495298,691832,400528,630797,714026,726646,620786,434702,705325,701730,426182,691833,412190,714027,672573,713387,679810,501596,603650,656801,518615,647759,709226,756778,435138,656759,557756,617406,769653,973762,700516,799746
844700,950874,443390,848308,751749,454230,490667,969359,607659,476196,987236,888865,798987,942386,443957,963420,972779,422154,526508,892227,678201,729531,427972,677235,578964,539051,618075,855681,397886,664811,600497,805262,679835,461515,644445,751794,713388,664771,856839,557756,495298,468372,519126,799511,526290,531130,508023,517557,680063,727616,562913,620625,855680,692106,782494,406495,888866,491142,647493,855962,578963,836276,526291,501796,802928,723438,729530,684531,724748,721903,678923,751616,458536,461996,950051,691696,490668,764679,423224,691697,656801,969360,536944,741090,423223,843521,465272,649465,601838,513918,435139,694300,438485,436831,467084,562914,631586,761854,501797,718376
832680,950875,844701,866930,677236,943480,969360,714866,639240,829564,725820,965824,808344,710758,557815,540247,398695,422155,751750,799512,664812,805263,794227,530699,848800,739672,907239,987761,855772,458227,942387,458536,789467,437402,424892,490668,427972,727761,526291,690692,923415,641927,888866,939822,979756,467831,599531,784787,727530,814915,994813,679836,989314,607660,934287,714413,678834,718377,568580,539052,441610,834300,443391,724749,556595,493743,963995,692107,539051,678924,710830,977808,535085,425412,735385,729532,969602,676234,767163,693397,679897,624839,578964,649993,712781,847230,418601,454231,471674,888867,666497,750312,526509,476197,440434,798988,980880,701134,530799,424562
719977,714867,749131,719669,710797,944526,949383,948315,948300,949888,714582,719489,861786,714923,832126,856956,951621,235559,861403,829058,848801,829192,948516,949883,749140,342677,237083,749125,950104,906276,714791,269639,341808,909376,273863,948050,952359,342184,269421,948197,342342,237454,832681,241468,832436,909553,951179,270259,719457,896144,234613,896920,121214,273384,866864,982178,951427,549387,824005,949206,844506,949237,949012,950274,913056,831558,829059,913991,714886,861817,382281,720172,861772,863070,779611,926128,863042,832280,828183,821519,337580,779255,866931,844483,825949,762343,952305,780135,706840,806955,720676,949587,797644,827607,950169,708140,268978,984734,497414,983860
719670,714868,949384,948316,948301,944527,719978,719490,832127,710798,749630,896145,808346,866932,714583,861787,949884,983727,948198,270260,950062,829059,714792,952306,714924,949889,950105,948517,831012,906277,828184,949238,382282,949207,237084,848769,236229,792166,913057,866865,832097,852876,714960,926129,549388,342678,719388,796991,844092,779604,952122,749583,861818,714887,948528,825950,269640,863071,987111,829060,844917,856957,715211,749126,524587,824682,949013,831374,922370,152887,844484,861773,949588,951622,792716,708141,950275,341809,805457,342185,780136,913992,983430,237455,719458,794259,383471,235560,237079,953247,806956,484605,715772,749316,720677,821520,749132,783769,983179,805982
719965,714869,714740,827990,949239,796608,861468,828739,905578,832128,796992,805983,827590,982255,828142,382283,706329,952307,983431,949014,749455,719389,949890,950276,706776,952123,949802,835833,719671,827250,909130,828668,844093,844485,950248,238155,965354,840534,956366,913993,714504,719213,952770,949882,853002,828283,662355,714584,805587,982180,861621,848803,663093,718973,922210,844561,948302,950935,715854,779320,342186,848770,11267,866866,853011,984249,795089,714961,861405,715029,484606,987112,861941,948194,708142,825951,829060,950125,824007,489071,707828,236538,946095,949208,243134,239505,828935,714774,946997,989107,460412,978206,792326,948529,978437,832098,896346,839771,236028,828912
719966,714870,844486,711006,796609,796993,827991,719390,827591,905579,952124,424203,827251,706777,982256,982181,706330,948980,828740,749306,779552,964842,952771,861724,424285,238156,828143,829451,514943,795090,950772,848804,432905,922211,824433,906862,956367,805588,824412,951556,952802,719214,861469,951364,845290,662356,824643,827764,714585,951877,342680,792313,827992,844039,707829,896347,829215,921817,720905,269445,715540,720168,840286,948941,948318,715275,714775,989108,558266,797847,906603,710800,268796,779321,950879,948530,866867,952308,846319,584009,762397,820653,827811,874169,821768,807579,828706,707078,844034,681709,424089,945905,688978,832749,861622,966917,536270,950936,598515,978477
952125,844487,796994,706331,711007,749307,796610,424204,714871,827992,905580,948981,719967,828144,706778,719391,824413,982257,432906,829452,829216,238157,827252,514944,964843,861725,848805,719215,710295,807580,805589,909132,950880,921818,536271,527837,828707,922212,715031,268797,951365,950813,715395,779322,424286,795091,684722,806959,844225,723312,721551,806309,835971,720906,558267,749117,796716,715541,943001,844040,714776,896348,828741,514884,709612,949855,749457,557872,866868,806809,710801,831782,832750,824434,828670,965164,503318,532683,707079,707716,749116,498514,719673,829548,837912,827592,965375,906863,727977,827812,649590,984057,978478,718945,720826,966294,749786,575794,952226,342617
844488,796995,749308,719968,721552,952126,964844,982258,714872,711008,719392,796717,827993,987648,719216,950881,829453,719674,715542,714458,779323,905581,828671,714587,844226,951366,514885,684723,715396,956719,527838,948943,432907,861726,719503,424205,829549,844041,806310,663309,950128,840288,965357,797873,956846,806960,749117,866417,662153,966919,828708,720907,558268,950410,923440,238158,749118,828145,519445,240284,876262,709613,921819,662365,688847,896349,708145,662376,710296,857155,826667,857243,441268,750050,641482,686747,827766,820682,989110,827813,830575,954115,835972,514945,922213,988077,852072,640823,952227,844096,775508,723313,862006,836821,951516,905668,982983,532010,943002,649591
719969,844489,424206,721553,714459,987649,950129,796718,829454,432908,950882,952127,966920,951517,948457,965358,952311,662377,820683,983911,527839,749119,908692,714455,706333,710094,831205,719393,827994,921820,705677,826668,966951,749118,843871,749135,779470,950231,477288,795093,662267,790711,663310,686748,855124,845743,954598,956847,489339,721721,951908,589728,397626,697160,641483,418312,794327,806811,951249,828672,657410,828146,510308,557989,807950,529964,946147,536806,532011,567288,714837,720808,981858,865833,701643,636625,453143,699716,818015,774819,574799,833605,653732,451514,418856,951762,692634,424345,679393,547617,838353,953986,721169,744797,843131,960400,498920,905582,678307,896350
844490,719970,796719,831206,714460,432909,827970,951518,950130,829455,749119,662378,966921,987650,424207,956848,662155,749136,719098,796739,908693,966952,827768,244397,948458,828575,823782,844038,714456,532804,947806,954599,826669,705678,965359,951906,927424,780063,524959,721535,952312,820684,950272,827428,827995,788828,921821,662360,944984,749442,855125,488545,863306,710095,830131,711424,239181,977983,152893,686749,917181,750052,943330,471672,749120,820920,951763,673102,947726,790712,992230,519447,684765,789016,865834,828184,844228,787730,990582,909088,721554,714952,961307,952128,722909,710372,784133,459975,714589,843872,721722,953289,797875,985030,678308,708147,718910,589729,984060,858820
831207,719971,796720,844491,950131,714461,951519,829456,947807,949219,950233,954600,506270,432910,342553,827769,719099,906928,711425,990583,946334,948420,722910,662379,949953,239182,750053,451458,749121,662156,787731,827876,966953,707618,779472,661887,986348,844039,714997,705679,749443,342685,828576,823783,589730,240287,424208,896221,728016,749120,865835,953357,965485,532805,721382,826670,821057,950413,870449,992231,830911,918183,780064,416758,954728,794656,716594,718911,917182,532382,805020,950835,438202,423874,983856,718959,827996,788829,524960,294516,837170,846365,950254,489092,870374,967982,749137,798105,427323,806313,953290,659307,632930,714753,823738,961308,846718,944985,465442,710373
831208,749384,342554,714754,831234,950234,918184,719972,949954,844492,832331,908894,242581,244135,710474,948421,237870,859467,943286,950132,239183,831532,749138,714462,382290,829457,342686,822639,382487,270268,861683,719100,342464,714890,983857,949886,270102,827877,718960,788412,896222,950313,844392,823739,951520,949220,779473,823784,714876,239463,779850,715278,240907,523502,949918,152895,952604,805021,714998,779180,954601,948241,839803,861458,240477,844297,749444,861838,853397,270290,153419,948358,241871,720038,915574,719370,662157,749122,523423,908756,831462,532806,832055,832415,720780,906929,831167,828855,951717,3796,85189,235346,835729,342478,238807,947808,830912,239583,243476,99105
831209,242582,823740,714755,831235,244136,239184,832332,710475,827878,948242,951521,342179,714877,342687,719508,943287,153420,948184,342555,823785,270269,719973,836185,235347,237871,714463,246607,342884,749385,831367,949955,238808,948190,382291,950256,236183,828633,297730,115260,951718,948422,523513,948359,238360,243477,300421,950235,247703,949967,241820,915575,152896,835486,948160,992233,830876,240908,906930,788413,831774,241863,715279,3244,719371,948313,949652,238437,828856,242887,861684,714891,949870,88673,212037,28450,749509,946172,8864,270927,844523,342623,828575,749289,370165,270291,384627,85190,342479,861785,424245,240478,832174,241872,384199,241423,236057,831533,273033,276797
831210,710476,238438,153421,949143,243196,952435,828857,844394,714756,238361,915576,948243,241194,906931,242583,835614,943541,710359,789240,836186,342373,831368,832907,212038,706848,832296,961160,943288,519712,829209,788414,835437,831311,749457,866228,823741,832333,706677,896116,720065,982276,952258,238566,830586,831961,671512,720770,978443,861407,827805,825306,2096,896553,343236,793621,711546,835487,271157,841042,719649,244137,246608,117275,861420,716400,232484,951369,836796,4976,715606,829440,241864,243567,238019,72336,151458,953136,272326,719347,243942,622861,243410,424246,863310,715309,832417,826552,385295,945627,300422,982102,844743,270681,950120,749386,852001,824648,236184,948563
831211,949144,948244,383859,714757,952436,238439,823742,710477,831152,982195,831237,835438,906932,950251,836187,948192,710360,831349,714817,749302,719510,832885,719348,300423,244138,153422,238362,943542,797418,242397,982477,831962,716401,715390,836026,835615,832297,952259,342557,896117,816583,851942,661966,948564,270929,832908,671513,866311,829210,949211,724276,433134,714485,242584,905672,306333,532334,949872,714730,239186,852703,711547,701791,718963,716862,831369,949097,945628,915577,793934,992135,861866,676968,154243,952820,861421,798453,121214,246609,740608,749447,887711,795009,827806,648771,740598,8866,342374,832513,830587,947534,832314,843385,243197,861408,383751,999725,122349,788415
714818,831212,383860,238440,950252,823743,836188,948245,835439,906933,270782,831238,244139,832886,949212,710478,832315,6870,716863,896118,952437,711548,242398,818092,836027,271472,341819,714758,715391,852859,719511,943290,949145,831963,711156,947535,982478,714894,662443,240717,153423,267917,684788,836285,788416,270683,433135,724277,969498,831350,783832,896773,237551,866312,295294,241823,14660,948193,150460,272027,246610,796969,342910,326258,383104,306334,5916,719916,714731,5728,949098,268994,241866,949873,29666,947298,441627,299815,269791,716402,831153,828114,239224,243060,990761,749303,832298,277042,342375,706773,831872,909521,798454,966070,661866,861422,835616,945629,749448,861687
831239,948246,714732,710479,950253,383861,906934,948194,828613,238441,832299,831351,796970,949603,831213,848591,952438,831497,270783,296380,28454,300425,831154,299816,277043,788417,835440,950197,242399,7626,749389,990762,242414,153424,830917,823744,238831,244140,237135,476408,702255,896119,949213,909522,832515,983136,852860,706774,949146,789243,710797,268995,861423,832316,951946,825782,969499,270931,241867,714610,896774,306335,949874,831412,865920,715392,341820,296277,388375,150435,296909,14397,948844,270505,701793,241800,2680,831749,954775,863313,240748,948188,384537,719512,270684,836028,862773,948011,98469,242586,982479,6871,866313,238388,122351,297160,241286,906134,286887,852705
985778,951594,916002,468387,990882,762077,455472,846274,551964,464351,722211,717124,706716,631052,848592,595326,664061,726711,935986,823745,630695,713530,487598,706477,858676,978180,708790,697732,719406,821598,906935,871900,818622,818987,647583,793700,947236,898546,449808,826154,831275,953992,447340,763166,498578,728998,984742,988483,896512,579833,726264,450538,408300,809047,691682,645724,828905,648208,458330,556362,721040,473248,947734,737346,431360,841755,843238,554403,835022,442813,855539,986031,665109,446702,829918,517522,919531,550838,949147,603226,822551,526707,947531,633903,570611,906135,414134,655839,755973,785045,638469,574230,622331,830895,855347,843388,435858,427269,434710,534906
750213,708791,689112,745721,858677,574231,871074,501610,890501,625646,708508,505296,729615,487599,847685,985779,843239,541722,706717,590282,855047,478591,473249,959453,871918,759208,680567,501890,841645,746530,755318,672560,978181,471099,543217,665732,755974,803023,657424,543007,901639,664062,700597,692812,683910,447341,670875,882739,463139,846225,937023,874976,755413,841706,521704,670686,637343,457183,560804,656083,936812,638004,658598,647584,855540,639188,646741,561294,574849,704809,447675,716413,668484,548771,622332,722212,937756,432878,986484,467232,665110,508919,697733,788730,958097,674271,784122,517523,526708,901813,921036,839104,636000,595327,425984,656571,464855,747173,767384,509998
750214,789647,841646,890502,675519,939282,672561,689113,453239,745722,759209,910476,505297,664063,501611,556863,674272,681092,665733,682163,680568,430107,508920,931819,847686,683911,741780,729616,659487,487964,776943,629784,467763,498580,550509,858678,557191,871075,533635,706718,625681,708509,871919,462368,455304,537746,755414,696402,541723,853916,767385,625647,835024,421820,527474,429905,432879,510389,802349,942962,976712,400756,976153,521221,568229,457184,843240,656835,888672,882740,664659,803913,422360,750452,462753,730329,448168,950509,570032,989336,430296,893916,517524,403654,570150,901814,496923,870721,896514,561295,656285,603228,646742,940486,467233,556155,409472,633951,878425,582404
841647,664064,501612,682164,878426,625682,672562,681093,745723,675520,735497,890503,696171,473301,953995,759210,888673,665734,750215,870722,847687,551069,541193,842261,838162,656836,556864,704771,835172,954652,939283,406112,656286,577124,429906,977061,587949,438288,659783,445121,713882,932605,639759,843549,588251,766007,548535,487965,447677,413587,659607,901901,426783,550510,659488,625648,904365,891095,527475,622335,548773,421821,675445,510065,475826,942626,887109,639865,901251,757049,931820,616589,403655,498344,462369,442128,429421,896515,701442,729617,463377,747175,468903,960231,788732,634567,635750,846672,455280,902153,950510,430297,486192,802350,630250,726547,673779,884152,422361,880904
468904,750395,830165,941512,760873,659784,782361,748658,585450,977062,787622,959361,672563,430298,474067,602270,680734,745724,841648,534192,888674,468362,854594,479450,546624,853467,746780,735153,993574,890504,551070,455357,511860,603152,588879,501613,589895,540363,726548,939284,699604,604074,691686,573116,819827,856773,407312,896516,432880,656287,620185,565513,559896,494451,847688,401603,471836,553174,500109,727246,720225,451813,942964,428992,462134,412245,622279,901761,788733,457340,804229,669028,966272,815157,702693,639760,440250,937394,799925,462388,630074,682165,603230,603278,843242,436567,843665,680817,502919,480057,462323,474574,513637,468056,880962,723466,589456,483865,976314,405275
716715,749963,942965,764429,659785,750396,959362,958544,941139,622280,565514,785082,494053,664099,479451,645962,487950,603153,958494,976315,843243,890505,526607,474068,451814,998360,695736,978552,400708,939285,495180,603279,672564,511861,546625,749018,854595,502920,401604,735154,727247,867626,745725,585197,977063,426537,681966,521762,596498,657379,517527,937395,687281,994074,636818,993575,510002,542602,543020,997911,622559,901130,729670,775626,781880,941513,585359,750649,448875,703431,540775,930325,494452,902095,729894,917891,854000,564744,751558,462585,486177,405276,944807,589457,549716,511830,991210,429530,836681,604608,430299,421090,544145,747177,630788,729318,573611,594968,468905,659671
854001,727248,664100,785083,890506,446639,705948,954499,954192,745726,510003,479452,565515,574696,682143,474069,802805,522707,457342,443192,991211,395820,732685,729671,462928,655480,886654,636256,843244,678786,629201,608029,853784,659786,932087,939153,747178,536917,461123,944808,643857,802713,538093,901131,606242,512994,503865,622560,750361,538816,687001,740913,508280,451815,872113,735155,671293,775627,657380,542603,521763,937396,932570,740349,736500,548496,620468,994465,697052,616887,751559,573294,430066,560266,429531,834206,470563,938601,529953,652720,657994,586638,559898,522874,574917,941514,750485,582894,526122,892278,447775,572994,690805,709077,636819,930326,556985,976316,765034,754877
759165,603490,932571,620469,932088,542107,636257,740350,596482,845728,652721,535862,785084,395821,636820,759198,620293,426714,692614,965981,830659,643306,522708,885116,754878,462929,959690,802806,940829,586639,496372,503866,536918,546657,582895,937591,655481,598810,752217,893685,542075,727346,984998,427652,765035,560267,451779,580756,721999,437828,964279,664101,892758,885430,701573,668653,669243,647094,671294,976115,664664,851387,718607,724765,551444,691400,510004,781528,505069,561300,750362,537077,526972,446640,598856,802551,589418,479414,893823,686672,971216,963399,684094,563714,964280,872114,537423,556985,542522,833487,907303,622409,782965,515803,669408,747038,988977,556143,660799,583843
603491,727347,932572,942439,397110,692615,535863,620470,782966,893686,759078,965982,651385,542108,648332,537077,596483,527263,536730,759166,580718,964280,574378,942765,759389,885117,636258,687420,652835,960462,563677,496705,709595,580757,523182,511801,657382,551445,536919,701574,542523,530603,555743,934238,427653,735287,473031,526973,453947,960463,671295,997736,465594,546515,830660,604760,548732,690888,754879,463767,729471,885431,763820,971432,574377,440267,636786,590036,735112,640612,642251,574861,932105,401849,726946,857857,934388,970919,566041,570292,691401,640664,860705,781528,406298,589144,601290,714242,515473,486216,411585,462344,759199,725940,465291,495112,851388,981981,462845,746740
603492,527264,536731,537078,763743,750111,727348,893687,465595,759079,657383,690889,942440,942766,620471,726947,771832,457590,709596,687421,651386,740352,531260,535864,885118,682274,843526,989281,561883,473032,759390,652836,472638,661336,971218,692616,643051,981981,542524,802553,515474,496982,671296,488412,405867,932106,551446,857858,616163,889234,463768,479563,830661,564210,461990,574379,648670,860706,997737,656855,967958,835030,513880,851389,763821,782967,843789,604761,932573,536248,622259,570293,496706,684284,932105,971077,563678,847945,536920,463387,438224,574862,580719,839600,530604,633778,613586,461989,934239,640613,729580,958419,802878,551227,833302,518424,626458,513837,407074,981982
769049,763744,759080,860707,473033,973987,843527,603493,847946,639150,563679,465596,981982,564211,551447,740353,542525,408831,893688,616164,614551,967959,958707,611634,656856,407075,515475,620472,536732,551392,727207,561884,833303,652837,661279,721829,574380,542482,942441,688189,989282,802554,838003,622260,750307,652959,851390,511803,750112,971139,405868,692617,602025,695517,682275,503846,520597,766043,814790,941386,802879,516575,971219,720388,635732,428443,932143,609112,428465,680006,629243,556146,889235,604944,968620,530605,665768,697223,570122,763821,412858,538763,472872,964442,536771,479564,587853,687422,932107,839601,729581,429458,579309,934180,475371,671275,456177,690890,941567,531089
422379,496858,661423,535343,444443,740354,912631,616630,652838,647464,412657,990639,893990,994060,855796,721830,423322,787690,934391,573851,492385,470436,782985,802555,720389,847179,611709,552159,657385,651492,652960,713148,640029,604833,843574,599109,466165,602579,542483,910803,756839,968281,495546,756788,968676,529545,691859,564212,538764,423061,602299,790558,535866,421744,802880,688428,497067,971240,656480,932098,541831,465538,515806,994543,440063,620631,463770,902036,513857,643851,759392,673263,573493,629244,797268,412174,625399,648255,750948,500256,466256,858018,771834,448089,785187,959694,652725,968222,781465,550520,885120,759249,599079,513695,892867,526997,757685,763745,669087,963508
865218,787752,444444,721815,589493,893991,787691,900673,643684,599110,959695,616631,517332,428401,648256,496124,673264,495547,629245,535250,759393,430368,617992,837955,500078,790464,603095,500310,465539,577135,855797,971254,721922,695336,580816,937144,968865,561753,557356,968223,618114,790939,958490,551204,759355,782986,466166,709627,634370,418277,603057,431457,441094,968677,518112,495660,580296,412175,434665,414395,851043,891417,535987,643035,647535,492386,471218,552148,611096,773231,570242,971241,729551,857992,464120,994544,617154,853874,401444,431165,569901,423077,561149,539226,401921,856847,750949,446713,479458,565448,685048,539492,572430,756751,565919,955234,470723,855629,989370,991367
721816,428402,971255,430369,500311,599767,542510,580817,673265,585659,937145,729409,802545,865219,652929,843893,759394,603058,470724,570243,790465,565449,408705,618115,496125,746778,529823,857863,603096,560634,791230,721923,611097,989371,499807,561754,540053,959696,616632,837956,431458,675015,648257,557357,709628,433301,759356,574464,423078,790726,629246,445361,479459,617155,751782,900674,508361,891911,787692,517333,548714,769162,569902,589494,930366,829552,856629,457088,580735,444445,446562,893992,401922,561150,855798,447531,883888,773232,441095,418278,443217,787620,488601,452708,937219,513502,668658,651719,478907,643036,564926,695008,911272,853465,853780,971780,470641,451235,934004,786566
971256,721817,673266,565450,746779,574465,428403,580818,569903,865220,479460,430370,445362,652930,729410,570135,408706,802546,803340,542511,759395,536551,958542,643930,695734,580736,902093,857864,899158,570244,769163,470642,603097,574158,837957,494988,546623,540054,799966,609468,555515,746006,853466,603059,770241,585660,401923,709629,729428,488602,508362,618116,470725,580255,714134,675670,440605,851045,846175,548715,787621,930367,585617,500312,452709,971211,750515,470694,934005,599768,675016,496126,475092,499808,787649,990206,400706,675577,512374,762002,446563,577292,535989,991369,790941,433302,751783,856860,574354,684165,518337,643037,552546,975502,630785,564927,937220,617156,555663,626072
971257,569904,470643,570136,479461,865221,802547,544482,488603,851046,561756,729429,709586,548716,714135,470726,428404,531729,430371,580819,652931,555516,899159,540326,574159,570245,949055,536739,408707,492085,574355,865192,470804,574466,684270,761896,643931,427518,975503,951675,675578,565451,556995,721818,579254,994547,419092,542512,643038,803341,837958,536552,971441,709630,729411,609469,888171,750516,799967,718861,445363,621868,579948,492570,932148,684166,780389,552547,535253,551183,730427,837957,508363,770242,555488,548647,401924,587922,937736,950537,580737,910807,661027,452710,787670,675671,893994,902509,617157,726851,452709,769918,869608,814473,990475,630498,497071,701443,759241,555664
709587,971258,544483,932149,531730,470805,851047,479462,569905,570137,769919,531640,773145,548717,470727,587923,729430,542513,994548,684271,761897,865193,465609,865222,902510,701444,679873,652932,616978,696377,686638,726852,661533,971442,492571,766000,640115,714136,633618,497072,570246,975504,548775,585420,555517,709631,579255,470644,675579,721819,513869,990644,430372,643039,427519,837958,621869,843216,574356,787671,508364,540199,540093,780390,452711,644065,561757,932552,910808,568548,729412,949056,444448,796127,401858,766049,703958,497115,954392,492086,837933,665084,643932,685052,451504,445372,488604,580820,640070,718862,609470,776590,942628,629084,705435,684167,899160,779116,451712,816627
932150,574357,661534,685053,640116,990645,639931,542514,971259,766001,652966,766050,709588,574437,544484,513870,640071,709632,587924,587952,603007,796128,644066,492572,783369,529537,590068,770368,652933,851048,725601,671410,451541,761898,540200,622338,951736,540094,570346,602585,609471,774911,488495,902511,497000,766204,756607,893996,401859,726853,787672,570247,445365,548776,673782,971443,843421,529551,721820,949057,843580,453558,604139,769920,648287,452712,529633,848019,423328,730145,536667,748379,552598,709789,665283,548744,806992,714137,684272,629010,968682,633619,423853,837935,622129,522780,570138,419169,994549,563772,513950,555518,479879,694856,729431,652750,682181,444449,443221,621870
574438,652967,640072,428451,488496,574358,640117,423854,949058,714138,902512,848020,661535,787673,841974,932151,590069,587953,954677,893997,497001,774912,423329,673783,806993,513951,766002,587869,458061,473469,685054,529538,580259,713886,990646,470646,622339,492573,851049,483882,614533,544485,603008,609472,968107,865039,535764,709633,445366,843581,843422,837936,761899,766051,671380,709589,739383,555561,759214,646310,527479,726989,430374,540329,910810,874158,725602,548777,971260,657391,703960,405763,570267,665669,639597,541838,843218,640107,762034,580707,830267,756608,675020,513542,847719,444450,968288,660863,976991,989477,570248,577128,832562,899941,893245,457980,424761,603267,629011,652934
540330,640073,714139,968229,848021,553022,874950,902513,470647,955248,587870,496719,830268,787674,949059,437557,473470,853795,696922,452158,661536,495784,505287,930395,874159,410777,535873,555562,541872,837062,910811,585542,739748,657392,537818,643935,713887,675021,646311,587954,574439,640118,622340,851050,759215,673784,685055,652968,602659,621006,548778,621853,678211,704982,762035,483883,990479,954678,523078,841975,697154,893998,451507,932152,577129,541839,551146,539602,726226,696684,766052,531388,590070,865361,893422,492574,544486,500263,497002,934010,428452,568620,479554,976287,574359,585622,798837,791236,526633,902158,664675,971261,552551,958483,902117,438293,673271,570064,479769,686641
540331,851051,968230,848022,553023,470648,625385,739749,865362,697155,500264,552552,428649,496720,661537,665088,932132,856854,685056,930396,657393,714140,686642,803402,640074,643936,526634,479466,437558,902118,631061,841976,537819,541873,577130,679318,727182,684171,687315,949060,643206,787675,495785,536966,766053,451508,492575,853796,971262,757718,682069,574248,501624,661384,551211,630210,740464,942608,530659,874951,869613,787457,618178,587955,621854,956100,621965,555957,474356,955249,574440,759089,673272,635756,934011,419347,759216,761901,585543,600131,479770,451225,604202,759349,937252,587871,684196,570250,465826,410778,452159,410860,508367,725616,555877,582466,522388,902159,651860,684247
697156,856855,552553,739750,848023,787458,600132,722027,479467,803403,759350,462557,865363,459377,643207,665089,451509,799504,631062,684172,665740,508726,469939,621966,739565,491616,851052,643937,541945,582467,661538,766054,550956,661385,537820,679268,577131,417710,461104,751189,968231,714141,630256,891165,635757,679319,665467,500265,686643,630211,536967,492492,577688,434697,539470,470649,553406,551212,996512,556032,869614,488478,665646,955250,496132,756848,787676,757719,657394,682070,462941,479613,761902,423723,461015,684197,587956,492576,884276,603246,722181,696177,492859,740465,796146,721850,889186,759090,687316,665809,618179,555878,854435,787763,661570,508331,971263,430943,803194,555958
492493,643938,643208,854436,397575,555815,697157,696178,849568,684198,865364,469940,739751,848024,759351,419540,479468,447217,587957,580730,651520,635758,714142,444570,550957,766055,751190,462942,795896,552554,553407,990650,661386,395810,665810,684173,971250,582468,447350,585545,665741,787459,971264,893619,462558,787677,851092,617672,729435,665090,491617,729571,459378,796147,796120,518582,600133,648267,585533,722028,551213,630212,630257,770487,620719,603247,681100,723985,730150,964643,692823,657312,414088,639872,483958,787764,643897,587873,522390,430944,527054,744776,453366,447685,640121,847694,869759,397056,500223,434698,853798,803404,577132,783444,570252,587516,665647,404142,536968,412673
735379,684199,440257,587958,397576,462847,682172,470812,880836,510125,555746,640614,444571,580731,613672,621877,843428,989446,622116,643924,990678,648268,899989,938888,395811,740054,803666,746929,671385,839601,475108,803502,518863,769992,548684,570122,774950,749095,613866,635760,783445,782968,964644,630371,724874,656599,514024,601204,544754,462792,644430,709706,770150,419175,990560,930399,486283,470672,640062,580759,830662,570352,513986,787766,982044,971219,744778,465596,423695,971415,929904,847695,684285,410864,537667,566018,790461,981916,587874,718371,630259,579262,690823,518559,953982,626066,496707,671297,656448,759352,721163,453790,591722,771634,740300,942392,644141,803255,617401,971251
723988,673680,643027,574795,412676,770409,701467,568601,713892,851416,727358,661542,769993,774951,618184,537669,713893,410865,865211,652907,932158,817581,652906,710083,750527,696185,631068,958366,574253,428375,537668,604031,750528,843429,643222,553414,843885,463248,599438,696370,404175,618196,421612,410866,501591,574794,583643,684200,843864,973089,618185,643072,631067,724391,518560,540404,397582,587876,604098,518382,643026,930385,766063,553413,740477,423863,604063,452703,779132,779131,643071,657401,899707,652759,427910,723995,397556,929875,397620,718161,671386,675044,735380,518305,740478,462353,643223,661021,537720,960468,604097,630372,929874,661552,878439,994608,548784,843840,803667,740251
508694,574796,537670,713893,652907,553414,544388,410872,618185,673681,954667,696186,604105,648223,665819,684201,783456,803668,701468,964652,744787,540405,766063,723989,412677,770410,774952,710084,697252,865212,537720,769994,635772,783131,837970,549096,428376,537669,740478,600136,973090,661553,748946,779132,583643,851417,679525,631069,713957,661542,501592,574795,679326,457771,769874,661576,710083,410866,568602,878439,661543,960469,958367,604104,457770,779133,929875,635768,635767,621879,462673,729535,622353,537272,964651,553415,723988,626068,397621,657402,954666,783130,397556,657401,643027,968650,604098,783457,462407,744788,587960,713956,574254,510127,640616,843430,604099,462354,990681,622212
803669,631070,848029,397557,640617,652908,410873,837971,622213,622354,679326,938890,783131,440259,713903,617403,574797,713957,518383,675423,696187,428377,657315,462408,725945,779134,661093,537671,508695,470674,452704,397062,501593,555316,990681,635773,404188,537171,774953,960470,427658,684202,536719,718721,604106,414787,929876,679327,537090,769159,587961,761909,783448,741599,718521,766064,570401,600137,960471,990682,748950,462795,462678,566046,713958,783066,621880,762044,501592,971267,749098,843865,722287,718856,636262,543934,843887,999210,648271,744627,710084,838148,457771,750467,973091,630260,679526,696393,665819,419178,651390,665820,643941,779133,770152,929877,761998,899991,971285,568603
427659,622214,640618,397558,713904,664545,622355,537172,651392,657316,617404,541949,847799,613872,518384,639881,428378,954696,718722,518307,462409,783132,718857,437597,594736,587880,452705,648096,535589,726562,440260,537091,851305,643942,656779,730460,958757,640065,463327,570402,411449,675424,741600,631071,436577,636263,656780,705446,613871,714401,404147,639880,679328,932496,474317,518428,837972,648338,404146,748951,671302,709716,851306,954669,452683,754883,790776,463392,968819,740058,661341,644038,495052,971267,462796,696372,741448,721983,807820,701581,776707,739569,679327,843767,740113,656847,546523,718522,536926,663518,428518,510039,954670,730423,555317,705907,718884,740433,891394,770498
474318,428379,830174,791242,587881,625844,541950,656780,427660,971109,737406,616573,973093,625878,582429,954670,582225,640619,501165,651393,718858,847800,989631,730424,429487,713905,941769,555830,650859,804367,595148,596391,679329,696189,529981,748499,782314,783133,648097,661558,694987,765902,754884,463328,536894,448180,640066,843674,574225,539130,684343,411470,463744,954671,735358,419180,843768,397559,869767,656781,580680,404147,411437,958370,465551,537173,676180,622215,756522,407322,428519,671303,467469,802360,456136,600717,648079,518429,555319,657317,616694,671424,656195,406194,847202,518253,622356,445132,406195,643901,954697,570403,847398,517508,734371,853927,803407,767083,696373,495147
663380,431469,726328,830175,728765,683868,458115,747064,989632,640620,730425,780786,737407,518254,880867,804368,616574,428520,847801,847203,656781,541951,954671,791243,671304,843769,465552,427661,676181,565289,428380,647215,419181,889119,767549,414357,630276,973094,438715,749789,521533,841520,474319,932630,625879,487593,437898,748500,511788,414790,545799,955487,894038,479895,429488,440009,735358,941977,596392,645219,847399,501166,887646,696190,901675,406195,405962,727363,867489,783134,529982,783070,704050,718859,736706,544424,397560,513338,738696,560146,472365,472205,443441,547641,650860,651394,725557,754885,963835,433342,860838,695398,854097,864111,555319,838152,537174,679330,675427,516204
880868,431470,541952,587385,511789,726329,754842,465553,537175,945181,712125,596393,547642,422923,683869,518255,755637,647216,472206,428521,610312,431869,464561,465082,737408,888146,466867,732434,555820,425830,847204,701403,465072,596075,534626,512184,516804,922777,616392,463214,884350,833959,756308,559044,474320,777861,408996,451431,494857,829833,705294,584260,882391,565290,474870,754886,658358,534883,563783,538010,930072,486356,616575,582952,660950,582339,651740,936637,996073,768916,526159,433191,954699,440010,889079,700239,778975,771027,847399,989633,973571,637096,684141,729316,657017,479896,552872,504889,646619,552113,765000,932432,631547,748770,590228,751151,704451,564993,552397,427727
954700,880869,963751,610313,592561,512905,889877,534627,667557,619494,669069,945597,431471,950597,466868,614799,954214,504890,936481,804343,511790,755401,614998,763939,422924,872016,555821,587386,815518,884351,606591,884830,721834,583010,594019,413687,670310,669533,614451,512983,682661,705295,870209,638590,712126,729586,614507,491691,472207,465073,564994,755638,582462,907744,551685,857346,596076,487484,573144,893648,534269,701404,683595,940396,512185,563784,445135,583198,647549,601377,418948,955030,541005,922778,729317,889080,516350,990425,932939,463215,589546,635043,888407,902656,939812,591343,838643,549654,734653,591077,439609,732583,733324,901264,647444,741583,930875,737124,870785,522312
824710,512906,583011,954215,950598,491308,534270,461207,614999,614878,942287,682662,736873,776946,729587,721835,803454,954701,511791,499634,696813,937148,513353,747376,437602,939813,616577,550131,955031,659689,910611,725972,777278,516447,582538,737098,758829,551351,741584,993970,884352,691408,499943,900889,901063,599693,541804,504891,431472,875663,882127,616658,646909,861139,945598,794438,670711,618360,453321,620604,466869,754269,418949,803957,742133,718632,744297,991946,554179,412445,531272,560637,444315,636255,984882,515605,524839,661427,422146,517053,883119,562669,633441,934600,516351,646601,786155,953858,552030,529826,409332,629249,880890,729727,464613,610314,834185,448184,751731,555243
853920,777004,724967,755047,516448,686246,616578,816245,983074,437611,755062,466811,747377,782379,758997,747647,534271,958576,765003,902334,499944,646910,641919,541805,524840,515964,437662,483897,692189,538284,560493,955032,846388,515606,508746,592208,721836,940780,871583,901975,963146,505038,855052,958295,937149,587301,518238,400927,777279,794439,546453,620605,510462,747178,550132,588706,864133,766085,453322,786156,657592,554230,429545,747159,601636,880891,598983,776039,989782,834186,880871,451697,604402,767553,555244,523002,484243,756515,530023,758830,729588,461064,756756,512907,883120,642140,910612,555000,957853,718633,784941,646474,976799,767438,467462,700149,520805,751741,960718,483439
958296,958577,774547,976800,724968,902335,767554,766086,646911,526199,741110,559986,890313,569368,989783,766468,742086,870712,729480,426758,816246,814001,564997,760399,515607,761597,509277,741322,955033,692347,523003,880892,755048,633467,568536,691367,560494,786157,437663,461209,940781,910613,537567,582708,618362,730418,855053,901976,776040,880872,651668,963147,518239,457787,534324,769627,421643,574104,516449,508318,616660,473091,658362,657593,747648,438056,413952,422217,729662,473844,892539,659870,483898,495140,440627,776934,847126,552171,628112,472731,748253,651734,812161,704554,541570,871764,676333,847047,505213,598984,659206,888410,430554,683598,842891,474914,692190,421868,630112,894722
774548,552172,742087,457788,422149,761598,944980,659207,767555,526200,766087,426797,473845,463759,516450,936485,984249,976801,782488,559987,551354,515966,473092,902336,724969,755585,683599,736802,760400,871765,718635,934667,867959,616661,524842,483899,786158,955034,552033,569369,932381,437664,958297,704555,833896,880873,766469,671333,620607,641888,851073,512484,816247,494614,508613,512808,845893,958578,855891,937151,421869,541807,691368,587764,648374,674359,651735,646604,890314,443858,882130,732587,515608,958538,729481,495303,772001,465196,543681,729663,555246,405601,847048,794441,751459,859440,940782,721838,491136,748254,629265,513356,637462,875609,998076,602233,438070,853922,626166,910614
585394,937152,751460,620608,680182,742088,782489,774549,711900,551355,724970,772002,435134,466748,972774,561913,552173,963415,671334,938621,936927,729650,613076,787447,802923,734658,491137,517310,755586,794442,440985,617140,500013,535336,956897,516451,704556,855892,659966,718690,659539,612031,551576,437665,603146,838778,772391,446194,664755,730660,815048,747181,880874,555247,556353,422150,664538,684447,468367,457789,643597,989142,783309,465865,548696,785620,729112,942291,695344,766470,526248,871621,883123,620782,413869,729664,656214,729526,513810,479812,651726,902337,599150,750206,786159,426798,639652,637432,487524,626319,411956,521853,511586,463845,902486,569526,752375,574026,993408,776582
619817,937153,522878,972775,579300,413870,963416,938622,443168,675453,463298,435135,664043,729899,686459,457230,787448,802924,580525,502874,664176,785621,659540,438670,643716,855614,735159,465268,772392,936928,735098,940631,626320,910824,406491,617141,466749,724971,517532,536939,535952,871622,656522,942970,446211,700340,647114,661320,729113,406120,676230,639553,441071,569527,548830,626814,635927,587305,603147,680873,672080,467223,954066,561914,676803,799494,537580,697324,754655,665621,729651,559902,559828,750489,721945,551577,548697,511853,635145,911023,686929,475834,522539,672569,710581,750066,585395,525993,626537,684448,911094,784881,469155,552245,411957,750207,440927,539888,667035,910767
522879,613882,871623,464982,937154,664177,465878,834100,686623,556990,398175,436712,769280,419105,860835,412253,609154,630431,648249,404216,847739,639816,713125,701073,911024,539701,599781,942456,428596,661267,631782,548869,726643,411391,496939,999290,539792,729438,554395,655359,690722,532124,570124,630794,411528,518584,656797,675454,958551,475373,462457,491619,843765,750490,496985,639874,664044,406138,750114,750309,491085,650849,534377,798273,536565,665443,639768,726831,989448,492377,964466,729900,693549,999111,695480,718373,497144,847979,684835,724972,675037,420526,436931,891430,518243,577089,461992,516453,605526,479602,580526,405794,835033,750367,718416,531822,503692,542204,568375,488462
774954,701074,709709,729439,497145,609489,496940,937155,661268,846666,630796,554396,639769,963992,657366,664809,618199,505341,406140,726832,718374,639655,855960,592286,869603,560499,492465,783067,647777,830970,492378,468466,462496,835034,440562,734923,693550,847980,942457,675590,929887,453793,398479,739309,613675,616686,713126,714150,412254,398176,436818,672572,445338,574720,656799,770153,496986,695481,964361,795901,461994,648272,964311,847925,895746,652910,617166,404179,404191,664010,726557,709606,734986,531429,514217,942637,843867,730663,428597,726833,664541,714023,510039,656217,617143,613883,911930,661127,839605,965862,570382,684392,750468,500468,634561,404178,990563,513989,488135,630263
707713,514747,672573,454238,675591,843890,787632,899994,769174,769653,679810,730665,419108,756594,691833,647432,406142,517556,620786,734924,691696,691886,801028,664770,714026,726646,713488,461303,729530,687635,990565,937156,461109,782493,539795,855617,491786,536943,726392,656218,634563,443171,664810,687636,714025,730664,570233,855961,700516,630797,963899,570383,709226,671391,964312,855641,434702,968215,461151,739171,630798,535815,701075,691829,545310,567147,929988,397885,964362,440564,684393,616689,855680,722191,468467,769744,508808,938625,765017,501796,726393,730666,843261,973762,843520,671338,497147,647758,548700,726954,513108,664542,942638,726953,726647,600496,790754,855737,398480,896045
454239,444604,707714,782495,536944,419109,691697,567148,700517,729532,729531,679811,751795,855681,829536,397886,481861,687637,836277,769175,769654,634653,965444,724749,782494,713389,672941,726648,483948,461304,557757,713388,562914,963900,618076,600497,887729,963420,729533,639089,679835,671392,730666,856839,855682,938626,406143,770795,888865,650193,691834,715894,845142,751749,483949,979388,630799,892227,518524,798988,639090,798938,672574,687636,618075,751616,892228,514748,513667,968130,501797,769283,647435,678834,703262,539798,517557,751794,694300,727616,508023,435140,570384,729011,912244,855642,990566,661129,691698,641111,896046,436831,700516,461342,461516,950052,680063,607659,973763,963421
924429,982801,950835,584776,831435,445826,555165,829536,483056,763128,461343,481973,950962,963136,747064,961277,951041,536305,483949,673707,966410,587976,902269,423873,412018,425317,701456,814220,763707,969021,798938,647265,965445,634653,830432,930687,700551,957667,554114,912901,979388,676671,536945,645133,713389,991126,436858,945725,656687,616352,986634,512730,454240,938627,755648,899849,952689,874124,569429,555635,768005,887729,905743,790814,481861,419109,535967,621778,965280,501939,672942,517560,968130,631859,782495,814540,680405,961242,930818,592853,632026,399865,625333,704951,982205,454239,911186,567148,790610,647134,671392,751795,963762,910771,679811,513667,965444,524715,536944,836277
852773,830433,844873,715004,950233,240936,484553,342746,956297,947165,343375,698253,950220,982802,235486,702190,269836,835928,243791,951495,342776,828661,277907,304317,793102,699845,852690,820294,715117,948342,942343,863884,849080,4163,950077,965722,848612,957668,945726,344667,490712,244673,151726,152919,780027,503229,271820,837725,863585,540853,947440,966933,421306,497489,742336,562154,423874,828301,5755,297023,792266,783874,949350,951980,367556,826560,236229,835246,497606,269123,922514,269892,896212,846324,909774,490221,863321,11628,948666,947283,783768,983722,709767,648919,485758,803588,950963,961243,706377,852686,715644,829537,483057,957452,484082,587977,714892,342757,482407,947192
957388,896213,423875,270164,618097,948958,861789,242905,342918,826561,661878,236230,240767,947759,966934,984106,950836,152545,4164,486563,830455,792267,269837,698523,420376,503291,952213,850542,857120,342675,978195,709768,275060,237005,783540,863586,554013,784134,518961,990861,861850,615566,109434,471526,807533,549823,956590,109995,4961,474933,926578,943337,951643,832865,913497,844088,479290,847462,501906,945727,445828,728017,426527,848613,110163,118864,946323,301187,849080,846477,395879,755445,830839,404081,493133,907118,338348,526838,19098,878715,588432,832051,441375,820138,887888,711615,152243,506078,905457,342777,983723,593734,963255,518887,720168,863322,870916,235089,688821,830935
749425,808418,827479,905801,857121,779701,156859,481047,518962,676875,818281,948497,783541,844685,657528,711615,944918,994568,711335,598141,752988,516025,455013,726012,558189,837425,797741,918729,720855,673805,866365,982623,832594,427609,474552,620653,681038,855128,799875,810459,539019,679253,499626,699303,650421,714029,837489,984677,821852,625588,774781,712057,800022,835966,718381,561810,597258,884430,969031,523533,961115,696673,698985,709777,640085,597438,519384,688821,847596,698931,489244,963791,591644,880727,963905,783870,460160,431246,611648,798436,724577,664548,664781,492509,688009,597920,644152,687980,670670,856274,533441,783211,723967,607165,708334,751803,770466,814861,904827,757022
489244,944919,802101,855129,536434,524591,502664,715739,631242,420754,698932,688688,863070,680587,433741,815938,438457,630518,913254,693164,757774,446391,837895,496855,705388,837426,474805,795096,598142,814507,948498,459080,463275,807583,699737,723947,756597,989299,648276,674773,837810,960682,498608,968219,651357,441526,480131,880728,518246,764557,404151,557633,941338,660969,764636,870678,525722,740036,675499,730597,769663,696694,480139,444031,656222,593006,461093,739373,424025,488486,686742,931533,752381,696366,760408,455014,726566,661017,766977,803161,773159,494969,496990,819812,864206,671281,915475,978211,841986,734886,714030,837490,932140,670857,806981,968089,548703,430156,540317,617365
827841,905803,951455,832597,648699,723914,640239,706131,754257,502665,913255,837780,795097,419212,527726,804440,855130,702883,655091,789020,567967,795044,452140,663446,794619,675252,819116,773201,797743,676877,508656,665339,833505,758015,602710,835075,622053,895422,841987,940319,461094,647854,949259,990329,499843,538506,842438,955638,542568,637162,804211,605079,800106,585679,528777,535756,433742,888973,954795,673807,827512,440149,606504,603873,518964,441164,508839,981455,902275,852645,711841,989235,581000,640473,513426,466924,542805,501665,892125,821717,524833,962568,591463,687656,407573,755448,860779,604212,405569,681540,479961,683620,568566,530751,599493,680672,778063,463276,602723,885132
804441,773202,599481,657554,412032,755449,954796,714131,732014,979231,650636,612541,634640,905804,785211,634611,746865,535757,605080,610915,888974,875166,461439,602711,526333,930524,712884,396708,568567,423714,461095,671893,505280,491773,628320,581001,579812,944771,889502,557036,543319,784935,893415,569997,593561,747520,500647,753141,544178,430831,939391,841988,899222,584762,696783,709582,892126,724511,633670,701346,968265,500022,789021,821855,511551,628773,703698,610006,688262,721959,669744,702884,615584,538491,730065,772263,695060,769665,958476,490677,706132,910607,567162,955639,509213,462077,874909,678864,630225,444133,851472,444033,847055,851217,529531,617560,440150,611962,438151,461139
724512,784936,500193,407441,658456,568530,616313,611963,628774,570101,776218,508240,449392,500648,512602,841645,812155,578347,521474,610007,847413,776760,474164,650637,754852,562648,553319,838216,526091,412033,522775,922346,535758,423715,457531,960685,595543,554971,721960,739477,701347,769753,941431,617956,557037,501132,560488,580668,753142,756751,741104,657245,821648,746866,880638,657555,665459,508741,620600,785212,911514,810561,681379,628321,530725,671894,954797,714132,457060,637913,773430,873470,759718,461096,751839,979298,427545,599482,569085,958097,670101,487721,725445,755057,414830,621598,580279,888282,983955,739856,593562,634641,643180,683487,876589,478303,725069,881487,401444,696809
827844,754853,457061,611767,696810,724513,784937,941432,888283,721961,751840,522122,568531,621494,553320,802383,658457,508797,773431,986962,426131,789023,812156,464610,789647,880639,444150,958098,539596,522776,479727,741105,457532,841646,554972,467936,494923,939282,936735,659214,516444,613353,845972,604398,755058,560218,568614,407442,620601,615718,611914,785823,462566,722020,756752,602382,889069,650638,776943,508742,739232,932287,941159,501133,427546,814057,526372,678782,615636,535759,847414,535476,570102,694753,603201,461097,775650,856848,512603,668008,423591,571705,963427,875744,653383,580669,500649,530726,577967,755043,621599,578568,557038,688085,758826,625379,617957,604329,508828,461060
559915,424471,461452,860115,869782,800358,842261,665431,954799,838953,901128,863592,994396,461288,621495,782467,725772,986963,684252,535477,569677,669700,456808,537327,440605,622057,697555,568615,535760,570366,656768,613354,647298,746051,433302,617127,686558,886542,969279,552840,541735,751330,518709,659607,580281,684188,954027,697126,611768,488250,551383,661113,786798,722021,968382,876398,439991,457372,884672,450407,411423,406175,539643,803463,491610,457062,470694,554973,446563,743445,910593,495417,856849,728003,587865,697166,740679,671796,728095,522777,678852,630622,455280,847004,779909,678783,397836,432304,651513,609468,428671,427917,855869,425463,855799,482501,515676,973060,445362,572545
466980,877927,471145,622058,538822,976880,684253,843781,580282,964299,675027,622218,427946,500196,461453,551384,515677,559916,886543,842262,718861,934540,800359,582891,428382,440606,937221,669687,617128,721987,950537,954800,931183,735361,843895,619993,603098,830812,414519,428672,679508,870839,861207,675412,648082,869783,683708,803791,684189,838954,714382,428404,556995,639544,678425,461289,455281,889033,630498,930031,549631,400516,463340,855800,569678,951675,973097,665432,670566,451834,704102,411714,552840,611713,697126,561400,605048,548510,419463,570034,808113,684188,695010,754964,470662,552841,483661,651341,739480,911100,419167,452709,458117,548509,741876,986964,937736,766590,560249,963452
877928,705609,856231,861208,515866,870840,397119,468760,625238,466981,555580,718862,561401,446176,726752,548743,400517,951069,934541,603099,639545,790067,721988,964300,437813,622059,941492,461454,661563,438134,443220,411715,740438,559104,467986,643390,630499,962247,427947,630467,857790,483662,580283,401858,429559,937222,644392,462757,750300,930032,683709,462709,972133,665433,903307,735362,690921,863936,721865,694855,932587,456976,735196,488080,774930,612869,457091,661116,471910,560517,520384,920205,910899,440607,842263,462414,503252,684190,622219,478910,735547,423327,483700,843782,695011,643038,462773,990175,515899,520635,661394,869785,843847,596591,453614,605048,954801,770436,526479,661029
467987,721866,604806,429560,665434,941493,776469,429451,454122,515867,910925,912637,739962,475039,397120,468761,860714,989226,438342,783337,942662,882316,520636,576640,754966,733696,614350,590725,580284,762013,580235,886878,816650,968798,580190,802872,513893,630468,440278,589880,650617,465575,438135,727493,539646,643780,876489,994441,902042,930568,644371,791010,661564,639546,577217,779239,557151,408738,597268,400518,694856,605850,944243,677947,745677,561860,787133,625974,968837,583729,580662,590883,726988,888049,629139,810130,932588,714066,622060,968511,644393,870687,515680,920206,941277,865038,690922,444061,951070,437814,930033,857554,841779,857791,763737,681138,471911,735030,503677,560518
882317,892659,471432,734963,554610,783269,465838,590726,956806,735466,411572,630302,787518,510189,457051,410709,892859,795860,665781,551271,977096,559919,776470,735031,604807,617096,790565,539647,910926,665435,405876,557137,847719,711515,639597,726989,557642,763738,934188,696156,452073,718150,406055,739546,665840,686907,445099,531083,675237,832605,630824,431666,677947,994442,739801,962249,407501,461964,691718,579317,989758,475040,545397,757033,404161,406291,848158,783338,877996,787496,841525,877930,580236,669291,429452,454123,565469,783184,488125,968799,543747,597269,443713,630469,847881,583660,949267,457585,739963,798549,873877,865039,762014,766218,951071,622061,838195,968838,684884,746749
410710,408839,457052,620755,798549,492670,777333,892660,752461,679239,770420,621500,397613,559920,636807,406292,565960,765944,397607,601188,734964,994784,994707,429426,669292,841526,877997,479901,614384,554611,665841,561861,964450,488255,428495,843447,739802,711516,964723,787519,411573,735467,691719,787282,869698,514043,639996,892860,557643,718151,847720,609473,406056,855850,634542,751335,613514,766033,697086,989227,971482,739963,856286,542269,462553,651456,665782,773249,614636,664909,522235,639109,901849,677948,930500,587904,718846,539081,419153,795984,643393,865175,670570,419404,643620,488291,714067,785928,705567,660994,545398,652846,764646,431667,847209,976992,639598,847882,843581,650618
557883,965200,901850,565961,412804,691900,643621,591616,561862,770421,798550,397537,488256,660995,639436,843448,492254,657466,785929,613515,843582,410711,951738,462554,848159,569670,709089,604808,614385,787520,971350,751336,739964,690137,842267,453560,661288,579318,865040,942665,739463,709591,452715,812033,806994,739384,726855,843616,762015,609474,587905,522782,634543,411573,726990,650619,591752,755557,526816,770370,606692,587926,639934,559921,429355,964591,540202,636808,428783,488292,684275,814478,514417,665841,795861,872753,514124,435725,648153,735467,639599,457981,955833,622139,531112,841346,994785,745679,766034,805773,602704,994708,994376,458062,964724,869699,404163,843409,981992,476005
787521,901851,910289,463098,591473,899793,561864,893340,402427,664144,488616,457507,531357,745593,537061,934103,930414,670869,492255,495404,757572,428784,473948,739077,636809,837559,941308,565962,720538,727220,509993,726206,841347,639998,473456,620666,665133,817934,964592,971232,603269,453561,553649,776716,397124,932131,814987,887523,798323,860718,931132,412805,425019,669207,522783,884089,406206,521593,638154,405969,867932,886548,643395,690137,880955,786488,632526,526817,540399,727498,400341,723982,535766,687994,726411,626601,483494,782460,893247,588637,669355,674055,397538,451495,660996,461735,587927,497391,404021,505902,702920,622273,559922,616182,887679,604810,661569,671413,521787,739966
422518,589869,615766,839492,871480,962412,910290,652084,414309,941309,552941,499854,639525,787522,599232,504352,439465,931215,643396,766395,494789,479971,895240,532074,604902,441111,880108,637389,650041,491440,598636,902460,883292,725710,789741,963277,711677,749861,932305,659147,930300,597983,747954,834545,553286,665134,414680,682127,884287,738618,614113,994225,599206,885214,815017,929933,414376,962446,437782,546916,660865,700234,504880,696615,463099,971325,864770,638011,795847,509706,423116,538294,471233,735672,932153,776209,642433,803663,782798,891412,797902,842570,869057,451496,695776,447095,552131,769988,668678,405880,454054,521266,786489,577473,752301,470497,984832,763648,427318,630757
409325,918428,574095,869664,616967,437766,922725,902461,744510,460734,589870,547428,465632,764995,451155,709724,545356,530909,637307,556886,484761,729546,890927,869728,588144,492309,604903,560069,423339,559606,803635,756579,594943,938458,617550,413706,602295,867485,800090,847709,453901,638023,518773,815493,475045,815647,864464,650934,674441,767352,706669,582656,462811,946095,817923,755673,396821,664183,984135,770040,729167,988715,984859,760360,511954,930974,703607,496231,579211,971326,554137,612274,813859,713164,751774,894207,569834,839493,675209,419477,464526,421608,537613,718102,694919,533489,514210,786020,891231,560816,637006,579914,877942,980364,542500,689535,537693,665135,979999,508823
559607,571867,864465,803636,698837,547429,456675,597664,656965,653364,462744,918892,635229,889841,491034,642435,421838,689627,763401,770041,470757,574096,499804,894180,894208,958740,806900,841489,462812,478728,978760,858295,876045,491563,765889,803573,808222,858578,460735,756580,742127,663633,700249,494165,431268,494147,556887,637308,885118,760361,651716,444184,552750,842883,705006,441006,540050,554929,621648,652086,646551,515948,412963,911954,804038,703608,411989,579212,423340,504674,955606,457459,515599,613188,963526,939119,774596,582606,974273,694848,430738,656764,884346,817924,815345,979108,629657,820493,755674,630816,634591,709119,890715,910931,409326,843776,439467,776060,685067,988716
