46627521,88303810,89530680,72701147,87595931,37495047,92556198,83787435,49191447,25154965,87501759,87458856,32461369,6972252,46926489,90333343,93958418,42579788,38208555,28928686,69857224,27352929,41479685,2152014,723755,49661197,91699935,10319226,37971865,93936021,95668030,2026381,32956528,26998708,5712915,21658261,27530621,66836805,60023751,91844963,85654142,20498092,12997863,50236472,84113736,71435355,15533655,97386371,39192637,97487206,69876671,15979807,75942656,66609180,86219657,31212803,34004558,46952722,29832892,50312849,98509599,12120816,21339403,6367328,42832613,60482563,14004638,25046200,86739002,41979670,96097250,64343126,60071890,48343248,94028255,68230643,66867789,73871390,33669294,702572,9817363,47933789,5893646,98841901,78071612,18844802,68657681,52205495,86187189,96077495,65511551,77843680,48179492,23872128,53776765,2404071,26149654,52383807,35506447,27989169
41896895,27227080,96769550,44399043,31989932,6964466,31940565,44769646,6428719,29926016,30530417,76421803,14707953,864470,89795050,3347249,65213979,27648276,30991208,38810296,56636398,67614186,41568667,5615541,95344033,65224351,92807078,78663094,21666883,69271222,89591733,58959713,10798686,19260521,12201598,84816462,21359552,8006855,57205473,97290505,9977111,82444175,30940845,23301943,74145982,2307479,78613223,66050252,95497519,88431253,13765020,70022486,25621054,65915437,21951917,46284664,24992237,95184277,14597167,55698028,4896480,32802415,87365301,30757555,27491298,33436488,85521466,75882222,17450280,73776609,27401575,94864796,56755688,80883748,67145705,58337932,92921663,95433008,95531629,78201121,58622013,82851657,15953450,459079,7369486,41912207,17987941,82105568,16435392,16894568,37814749,84550291,29862746,16670723,74359621,2345383,11512416,66481330,40124617,84970098
93498703,4960573,39103832,85184996,64693252,57690391,29890476,4892770,19275508,50402461,72797297,9162506,30355464,5403078,23577480,46309075,44110771,41221193,52166178,69516262,51545128,85563844,83874773,40827047,58362387,40859807,24937952,55911376,2331794,38832107,41041205,54678476,82547951,18123547,73728092,9703753,31195047,23139,42096159,32387802,69950562,54971481,79888701,48893621,5272184,94814778,4946196,32827139,20278259,45780147,97908448,63059676,53051489,67592719,37793007,14990234,45281056,10168015,30120192,18288042,40927082,43173758,41728903,25721985,27558069,52846253,47170682,25490854,52798795,10261317,51322723,95532001,54796118,61612118,24549844,12229744,48410491,54434256,25210595,45692780,71399087,6756454,66178570,79586233,12467611,96903740,68351090,3013142,31455260,33229312,6533847,65468362,41934106,2380548,5773070,84554664,87357536,22723493,7781237,31611973
36744346,31547573,53724385,60322092,27552260,19785392,53460435,82030707,84279349,19133182,98407415,19403378,68902961,55519869,44078059,44980795,60171338,13561545,70780314,1114955,51887791,95690179,32430919,10230737,40627100,7130294,19718248,55582324,51912448,25678496,80766772,9045005,72343283,73013504,33848316,1100369,75861662,93933227,93748927,84051467,65535482,42082422,20913354,13910551,87776327,69857128,61554412,4192467,93375409,56308328,15635269,35030724,80314421,88516855,5043508,75754836,11804163,28930865,37956691,49892648,87183850,41986255,80055483,51701746,2523612,92565904,85390240,42243916,46302173,63921112,70715669,20381223,753175,19638677,1874295,2636088,17703045,61899492,42191768,99834590,68839056,81962754,66868854,95741057,91960894,61387393,44813322,76548489,7512350,83738301,5358998,56408956,45284294,20851772,11357551,81044152,55673808,2561041,7792038,98200091
96958281,90226517,46969616,43344751,18775233,99896581,45848839,33651463,72698667,36542046,94522100,33002254,36036596,2226310,95278049,20695800,22521896,46847194,98546596,24231323,53508177,12333803,10094945,51483318,51395550,32312017,30807541,8189772,85457440,93331053,88191130,35038450,30632205,10409895,34006133,44882019,78044093,28713366,10780749,89791393,83428483,32402894,37218589,3812685,7027482,72541314,78632001,61113933,71443258,64903563,66152151,31328758,91950306,99264935,93162947,52451277,15200975,53107791,50729114,79278850,98104713,97858589,88853029,52317465,4640362,64435805,40893763,49483898,53322331,4632255,48554988,92453175,85183714,32464020,56299044,5506130,14449840,70107291,88359339,50058275,30419229,97200572,65040112,10708468,46644505,21239264,30360642,34251746,90679598,82095294,86971803,54837401,91342005,86053383,38917179,74990219,2374551,23916216,22815145,24077152
2506785,53470228,8335225,31468108,71708258,72925619,86353850,82449218,45060352,27171488,47139050,4302484,18635391,48991343,78767602,1343456,21278595,12770025,36025545,40510029,74097332,30977008,70119750,62573172,44282300,1326453,87178673,43978241,15421712,90340025,9266611,77705747,8659106,36817784,35019127,59676419,50046443,42800054,37505706,49925066,56873181,90460910,43021658,50325562,54337661,97091331,40634315,82156695,50372561,18606574,2132458,39627478,6057864,36905478,78924974,67845426,67634929,28897791,98203915,23237679,46696571,18845312,48037511,11042007,61736248,88610758,95776670,37168842,87415970,56214324,21915830,86224487,82998247,51352740,17852261,22486905,1851611,86864375,71091636,94270432,59032751,37331876,29465161,92187177,25289926,52314262,95244595,94013130,96136275,51886390,13051715,7802993,12556385,68565201,96934995,31705320,40845154,5516043,17164524,37256315
46437655,78923196,7543104,43101050,23851850,76203757,48806388,96490623,14392108,98176282,39952472,92153012,32884405,53434287,37120981,69903256,93005626,29815624,78945572,34259340,48526112,43665913,6308309,11246617,19606301,78878431,36325346,10832200,84181318,71014093,48459275,75887719,21982538,62993606,20493591,40096527,93581860,88317547,98506728,18033314,82004109,58104250,65199042,51620052,38251614,41813961,52292353,63962405,17743969,99023295,18469403,41055077,44918886,23240154,79084324,13588465,18996160,33930867,67240744,86659211,46531291,50257603,54394204,99036985,13644122,27099665,73340911,94019735,13883153,37777989,90202715,10808373,12041417,30137544,85646430,78082212,46999363,97731153,75298182,68256932,5194359,57717095,12891625,87357663,95926361,59972751,44172987,308984,15530386,68337869,9169990,73407796,3411152,93042338,18175399,51869013,9090956,15779334,23954501,79826128
11344574,74040923,60882059,98274300,60407955,23109588,40512546,81881869,1738127,37183632,56191211,56200621,1847740,30137257,74420120,50529447,86828702,53029181,66444006,77529493,50211847,81564157,10449131,62981455,60323670,37345989,42275317,16410536,91911045,31378068,10385695,32637770,95221912,88061336,38034498,28308712,81743941,58105592,38436069,65562101,61507479,41815388,6833313,67121125,57088696,60356043,52766887,93453884,3836034,78944501,99905568,5349209,13229782,90969194,90147028,71089329,55507987,68020511,4675029,26912787,81912564,64260148,6627435,55149628,81940901,60583336,55176799,61868651,6237248,5483561,54691438,43655642,18992484,80424250,35742536,47228341,23018103,99166331,30715221,93589027,6863283,59782870,62574095,92006891,75960851,12097460,47896750,23241272,11220711,89114951,42410177,76893174,10778217,27930766,50944347,24275666,33186111,66850934,17553667,53211337
18245223,75492964,1866319,90584740,71769671,45283045,28354398,81833442,5064887,60430638,92890322,66349258,63241663,78417285,61039396,82961442,41064789,82221411,35282363,29254927,72443332,3035097,55519346,76622176,82327928,58472899,76119478,61012027,30513346,61396172,33253275,84182300,4057931,17921595,84760255,84689513,49320260,72925725,55239182,27069025,24608638,18050161,87156270,93158602,52431568,85282361,20355323,20686547,8531241,57451918,72997710,999229,51517447,13147647,87943577,98579555,34802252,85774489,34195443,34219608,52140932,84532299,57363220,94408753,63929226,10703657,54960939,53117469,98524864,419342,39997543,66682770,69761686,62961317,67554237,84690189,1100382,28032973,16574658,59747615,41245687,35795750,6959171,46014204,11743469,99343296,65582923,66657885,25891417,98243670,20552380,80298510,8238022,25244307,77556599,68561608,36966919,10589047,99241525,21787275
98140994,25540033,22621575,32906922,25482325,22055796,70152301,41634389,67209177,25235374,21079316,87615297,71914212,40685145,69310357,33734503,21184739,51295021,54447910,45643308,69079838,64386340,28178017,49530286,97402907,68147637,34107071,58807205,50013791,59246952,38213180,5179942,56490448,28454884,34467527,42651873,83918179,84474602,55414015,8845212,87562226,2388798,36683874,23160359,47949270,10628688,26937117,74503923,10484981,70901121,52921208,91360176,63246173,49356818,74821260,70927372,85810146,24781693,76168813,9487127,84187652,7947510,47808222,53963134,45251978,93315578,7290370,26656666,53358722,52937628,99324510,16499991,4940310,23471706,80914676,70520651,27791212,80853525,52400887,81738779,46231563,39383197,47209341,57246717,90891547,96966685,94045510,93321174,83592870,74250758,8357755,1191732,38215391,29603254,71258579,58439481,62619943,96139262,123086,77229969
58516881,62863257,50851401,3553079,32411371,67024559,24695448,35333693,75388048,54777251,97601019,11357993,28883329,43115864,5469899,19185345,21020235,48310243,71117041,50155961,1896163,62392018,9531909,1924349,60043186,62935802,67844321,76292351,31751121,70757899,29075371,4438580,26106521,90528475,77684735,95810846,20489842,55057675,58858826,57206680,65990807,29837989,97146573,21659290,82328380,71400909,10958245,1763090,21535615,42502847,72145147,97959940,63221834,6748045,849551,64941859,1453930,5164258,32092468,42355221,62664618,11856439,38038254,17852866,43967344,26335891,86893763,32432272,55460713,93408755,35423336,59074378,64308975,36013193,95640073,74378425,60613503,14545466,16748947,38916495,88528675,49043689,58865369,21707688,30187534,44523136,7772414,3685452,91757419,56947023,74162467,50869082,78091432,29883344,42502369,80744629,17217206,34529552,18929690,14764616
46644441,15604381,99750025,16960736,50342537,6331842,61762390,1111684,10683512,43174421,3317291,25378166,93538956,5056277,91294109,48383640,45114632,25386351,7438606,59590010,9604508,595541,48275464,25894858,18370614,86089775,76919355,37755526,56025024,18160005,31001927,44439630,55129719,43226004,34715415,6801373,19267356,77209423,21105769,81784639,20562017,52535807,29592,99828170,97244286,78144925,12734050,43452863,99651758,48561418,14680087,26860714,71720132,74559571,7620540,16158938,5605120,4531420,35334182,70230408,79706868,63433748,75830026,41773930,45054343,14552508,58790633,22701672,71992494,30818069,4373664,85651311,21573602,79692163,84435091,80578510,43871188,54525602,41752919,73555374,30465841,78722327,41967153,21758151,34963721,40590309,93960488,99529679,61014992,30520007,48514138,33208090,72242758,82688175,21194156,67119634,97310319,16494954,12852622,72036727
28787635,26066970,72114691,68694156,68872903,15917955,70078832,10386512,5931139,8240268,69038279,78005618,53432155,44622888,41120483,60183992,59816897,68241529,71177950,55743746,37217624,45130700,54019511,40534148,15615454,88253867,96372533,11892718,98179166,37530941,34270187,51850810,84775956,14954559,45981967,7290219,78008440,86390243,33859793,46227205,20757148,60109338,8649042,50033295,36976233,62420301,80211920,72995577,51200691,99482217,49291423,87500003,65581586,46793631,93615007,26963569,56942845,9242542,51447887,94120117,5971148,17637151,7900357,14320071,92157520,30527411,67772198,54659495,23158383,43377685,71159881,60923369,41718247,82007174,22767383,75798409,99675049,96467758,51598175,99410747,93105873,19719210,84481685,85174317,55743537,45453662,5107620,3008389,82638765,59475434,76916811,75529884,96044017,10213194,47897170,84557152,81737318,44686881,48084855,40481377
15345262,25523896,48329280,15371658,47382451,73499158,55930181,62614642,60886527,22131375,55664112,66488405,71332698,52785676,95700456,20001427,47332912,30254816,32476152,13340277,17619668,81920417,96031883,81902326,71740623,77861116,22794044,10587098,97507358,69940754,14415439,51842609,54459034,27618472,34644236,12680899,26863885,81765323,22427855,68417192,85158007,57377477,32659955,89766527,69772481,21092462,98255361,22973203,70632899,56570635,49703500,98419847,20307352,71650129,51712690,50518626,51223063,78521540,72544645,14917,77409654,32821735,85174924,310716,36599496,36102334,33261451,79844499,56915590,47364462,93742945,8577379,25403601,38286452,39882100,66557661,12705723,25730423,79852215,49234147,49331023,13973566,83080392,35878751,39018716,53879368,40493309,52818829,10161094,98204158,49987267,23373630,68549059,53545927,30437789,93830810,60249380,41044293,21908564,22168543
66696565,37300783,66260948,5662076,49489011,13737801,89885601,61269618,81800715,39760297,67084470,98263850,58025889,10248638,77972454,46502010,3711173,62566084,74326764,72572581,25177856,60282391,73767386,64348534,14473312,72634380,53488132,25488216,84671281,8598632,41171696,89265645,75146405,57463788,41614516,34879582,37020374,2224248,60610657,25111017,77313486,17995353,84480734,45002444,28258274,68313761,11171710,94250243,95938371,27334215,53907155,47652180,7496466,97085398,6686067,13468791,25358748,47815289,21286508,61923286,85890485,4665850,82994224,80370949,54436712,70597,52991844,41209804,23081109,67725166,61211146,4833568,39423223,95627546,24939176,55424299,70663210,28715558,25659971,49195451,23751855,86161245,96923299,2530594,53511024,19985476,30270266,3924131,90602437,17363832,93181123,24481091,27660074,54956250,99104123,36718955,46979564,24160915,94665319,71348535
48610260,93102566,87118477,65460176,72605565,38648936,22617209,84611064,87526953,54484719,22312437,14907164,94166805,3551951,72309522,3094530,26419280,45241940,53008555,79621869,82885889,92051335,45550946,89459331,4748046,85728058,32793743,31976810,17550548,35671064,69987972,54607089,74560299,72094676,12152813,87548388,39782839,73295904,86129883,54513256,70929756,95458515,69435904,39719157,10590556,93902458,27667761,7216922,53254834,87493566,6016881,78597613,99694901,8566751,95268114,99496958,99384141,27964697,39681433,30776348,72323132,79867618,78853198,43877470,73465101,53987461,22809017,20786128,66991164,16928369,40087783,6093268,67982256,54812565,76471832,71537134,9983060,1399854,44805271,13741265,17525864,2055360,87951941,67522348,80021831,3679072,75872990,65521072,77008828,46684803,75896527,3316572,4540121,39163376,34615640,76934794,33527758,19254155,36255620,11950232
73803506,7399887,1185250,93782303,8250006,25525374,71986561,96104292,66808495,54396305,19509910,47160893,6783352,77930676,4381730,69400483,63490709,47568072,96228381,31382105,58851858,85852464,13662931,4214108,55553815,506381,46359508,87968891,64563359,69955848,63680721,73496656,33304773,25769230,14484198,62789327,17288373,95771040,83222695,88485597,4765087,16724253,7332805,79502914,98413386,77416361,68524749,93149640,99839550,91823561,97311342,26147342,1639845,35494611,38282201,7192490,79391978,3843584,70057960,29878060,63615289,91254075,58142313,39349896,19975646,75600005,35113982,43959514,43789920,60101113,36135952,10056556,81615563,76153401,90691008,40388136,1869618,63488955,2389316,34787225,62439711,71733301,58375985,93460293,84620550,91375046,99724202,4013826,32620858,78370996,15444034,39920795,59280300,15695817,35277854,42780899,67521713,64655775,78280916,19720903
59521657,83878763,91403936,70630482,92562501,31998226,15241799,36543340,80334313,65243862,6456273,16266761,31189829,65478738,38927502,39904904,4634822,80826008,6657818,68741560,90632693,37245057,45308287,80284276,46654239,78589324,73427046,60572762,40111931,62675860,86134763,31156463,71041361,1457053,44448291,34203092,73108631,85007646,90714725,46676548,95033405,18702309,98538814,88658672,1920263,83492995,66584838,44627109,18997388,8776824,94121508,30649078,32541878,78416006,90104178,36031029,41271743,61616220,23128850,89215743,53224454,3535499,52088460,70676602,69332590,6681603,96206966,63737263,3218094,51019667,20195111,33223974,87227417,9144191,26006873,32531838,39256630,50333674,86212464,47430532,60465530,3338713,11703389,17406556,61046496,25059557,45531073,21635477,97860472,503526,7356091,24126339,99731762,98790644,98939641,76420117,26966645,48141393,58379141,59296484
65355435,5782959,18223148,89159513,63908289,2983102,68630688,15239255,34171199,78364216,60939224,81831066,79101684,3475306,34030347,74871691,16696795,28209775,4009154,45584695,13913292,92472320,87645511,29105387,42514448,38101863,98517229,98797240,31347933,71660170,97092960,38295702,4673127,62727680,21012532,6106532,54427279,47568157,96930567,82287941,79455262,35498764,14619024,48288422,75786383,5965406,36255305,48453115,54171217,11282591,1380881,85204304,98966015,94507403,10496708,51846216,45896181,36655018,41458713,98803908,60992790,81777500,26246206,65491190,21534283,41378530,89579421,58367648,55591994,50114010,87170209,55133373,41064449,61365390,83646061,13910219,90826465,11426347,77304636,94937003,60949855,4559954,28684301,33056656,4550467,98777931,2946771,26643486,74638439,36346392,40521801,55720483,5173118,98671859,21920632,66800857,12075482,98596157,96912991,76964994
5185197,37665594,47935338,11783034,35174275,53272930,95555863,75861175,8492143,59518346,25682726,49238582,20946422,16800750,8383495,58937899,71440859,22707866,36576497,41108186,42680,26933822,98706326,67098554,83608096,15955410,71047370,81062178,2687337,77196218,34175639,2644348,55972937,74564640,76306517,43336736,16771434,29321525,61508601,58664177,67811157,79194471,80273238,54416691,46900114,26916719,59993018,59236203,68835268,36468767,72190575,83371978,14900169,22238980,73394190,16742973,92198170,3720562,41245874,4467429,76624551,12372949,74579317,55939165,52501434,97039997,40111329,24201222,55660790,76437927,74164048,86146959,36272047,61179466,91282103,47512670,6868455,12856023,59187602,12583755,39230652,32681997,12803712,68150809,50883547,41490012,87073068,66197530,76308623,18391499,90519817,86993862,16277338,29121682,67351458,64682809,93540702,17612160,41168600,82020481
93812777,37638537,48294322,86348274,40098671,44457562,25507070,44717742,92264463,70597449,67262113,87828527,24710474,90434953,43724349,86136430,5332667,58226170,34008171,61986267,26193844,55972422,29597476,67178827,70299642,4389617,55591125,41693731,82975887,8418190,90737649,77043489,53805269,60495162,19967431,80200248,51006152,67786517,72563743,38142199,19554647,68828252,53070874,88218530,71573579,33592361,74977317,11987330,39698446,76066339,82112336,45521995,18237170,4947603,73880562,44738257,179630,50001422,66834685,98983609,8897075,70212616,64272503,86633577,49454906,21242383,44880642,85609646,78424220,82703534,84484039,49663402,11293129,9259690,62995443,28528845,44792755,68109553,8539598,78634726,29686511,46661557,39197140,70651156,89880740,49311281,80023709,39657095,66116367,32947867,95529127,45339827,2667790,16826512,59265640,80477228,52628119,15715940,64464261,50810326
41270197,90076480,94649141,82741427,18352568,2327344,31441994,55239247,48184739,1441395,7512322,29605406,86612998,63193233,11377965,20122820,83004260,76749694,31111042,36911559,66618657,63450325,57537582,99492638,90923032,81210569,68063512,14577759,80658594,52477858,2953010,83109694,27957953,80965849,73325531,68201384,66487927,96523376,93900625,9774537,19260391,42162516,81054569,27211539,93012532,39042433,84077020,18499065,93847682,94048865,56065386,21581931,63369569,86078819,29100190,22149687,64680803,90110363,97341199,94140226,64404659,78644249,45726768,96963040,34021544,82872650,25685768,79565797,57772312,55696406,32723677,77318562,95287745,7931762,43657488,34567380,97103798,37532532,47405902,31016941,6146874,59708609,99406467,77660980,85373622,69817862,54376083,42358650,2630650,8765319,10166983,15576625,41748377,16343764,36976339,23566812,95282158,35445126,68510413,80769093
19145185,93533675,86850968,23412651,45218161,40946480,14114304,19857021,67967878,65434188,24536992,67519845,10610037,62503525,48170023,39457582,35410053,95651908,9098210,77360261,67958019,40704652,6633490,41642535,62456415,12108737,96045326,73186916,99913848,8122656,73896458,35354516,66002320,65056939,88758031,44516712,40016918,40399850,59444021,64583659,54962780,55921220,511268,46694130,17197769,49656092,75545658,91072968,67138243,31486672,66679205,46361175,7887784,43744098,48841118,24988137,46615604,71966623,43706746,27308228,77648831,82215072,38897512,42167761,35199434,24998703,94809248,68052293,89103234,62198643,1696642,8520135,11638495,55885546,28677524,68643719,72919492,48328209,76184169,78365600,3291714,60794433,33555531,96767908,18724259,30933821,82264415,23024957,6179433,21337534,11063838,77637203,22912984,30517661,11008698,13123358,71154649,50759257,36948835,61060889
45707345,90259954,74433304,69653583,9400154,82090532,83243145,2581442,13243289,43775089,71828859,24253756,55268060,20462507,73311819,28456899,92813562,70890589,90084990,56126405,25809312,69085416,94720841,56394790,50725943,85287407,67627548,42022580,82542607,49398435,85187738,80880054,76002511,40420755,89901501,96797564,32928280,11723991,22226898,43504209,27238623,41449172,8273730,93182412,39020603,59709129,55306078,41501831,9492753,92703097,10779030,1990483,4069299,76273992,35648963,20132694,557259,38296900,27844494,61788219,95847175,81163697,41813799,56692313,28356828,97164297,33105816,39072911,7520726,47110010,84416885,25949190,28339483,60322605,32738435,45310198,21051373,63263037,24851864,2601318,70112450,4892656,17393893,52740,50547051,12518435,50825848,83767453,37058363,66016797,45854418,53291907,4894621,7342433,41268909,8952595,58710250,4305635,813282,33523620
48287857,72594871,18575332,44425205,5345737,61172230,79640938,34860993,66343312,17812893,55634324,85456364,61117633,6718708,8701517,38032258,17365133,58577670,89617718,99539769,57605778,467779,21179578,23284470,46591313,61807144,52753736,97221995,25574435,95341335,72644401,35900684,62467352,25242882,51811251,72659601,12999364,21632768,19877546,4118994,84307412,86988531,21817215,14581984,9255272,20859684,40769378,87701220,93561576,78142645,44651127,82861585,27608584,81246600,69703257,33558982,18204902,59391012,38270125,13774100,34389919,44676461,40042292,50373197,24039195,15419607,47079305,26786629,42047132,4380547,99995189,95523406,30536285,15315214,87069868,27295405,31509869,79225295,30714880,28618666,88255029,2332227,13389822,65828250,33481170,43281430,27711843,52790159,23378014,78659262,61848375,7558797,77550286,46371426,12367420,78594712,10758107,71871266,44578963,14019781
19372733,71709827,22366508,39748287,65729972,35663519,54989348,81602525,46682166,52073885,54540194,62883322,79842393,47722024,57762765,94161776,17139522,51001837,5204132,7282629,27913055,28284300,97263095,8609726,68624637,68144288,44737664,31841996,95088867,82135219,75158615,52720355,70826714,73636006,66301433,4543946,12461931,68593539,11477356,73745006,32674450,14328042,58672345,20746630,34901552,47274695,9800146,10482939,14070800,75483728,67158496,94537910,65935853,63576049,33372224,77128408,76622053,86163036,42398421,50719892,63796126,10697556,57370071,54295883,22607159,95892689,35451211,71686916,51066945,69254167,7308240,59278902,68367283,29050189,20607630,26828997,96404537,23505316,89960528,81950195,35585001,51352307,87196979,70251283,68197029,1607259,9738303,28432080,1891080,61114964,49262260,10667928,52467139,75805166,69259740,18563025,95942215,61550362,62185836,49292224
95533306,75747540,92399713,15496143,26019902,32648636,10025264,28149224,52670823,20846073,8967813,42116138,71591914,79253384,74877155,94428567,72193991,92414257,59479528,87068010,95850890,94337635,54220579,1170069,86083205,74371097,73515385,69774502,63662500,82771216,80513335,48377411,90292641,6068061,16618064,2387447,56085469,28015099,66698450,20133049,57897312,60199790,51850577,32350040,182020,40866474,72703492,7870610,94960372,31085948,70523173,48715674,10540576,54346587,51407060,23286850,9383075,32617243,20616745,19197057,74802204,74699631,12617904,98841249,79937583,54315987,73001390,50157924,13055316,10762249,13266848,521827,51395818,44683446,22323554,25718487,94679572,11889779,53240304,1083664,37210987,10466365,56706000,74672179,39309219,16286309,3061480,48690467,2682914,54502798,78108800,9790181,80821563,83471283,48295488,63315488,75682640,99071476,80487684,83969345
94858418,77093571,25808291,78420475,4574059,2300896,14096474,62705079,35569178,1790068,32245630,87537889,58066291,58600371,50110745,30255337,32313445,48696291,18478418,66484074,88794992,7420995,61375827,7831368,94071451,71656958,44600195,88494934,26129395,79353728,80853161,92181847,74340038,69133489,36666922,62491565,59227931,94920369,84953463,71396291,32237432,66193705,5298076,89477604,49474937,24674858,54900135,20596343,43884221,29603537,6469451,73547894,90937357,37237697,71709475,81288288,35326354,83123408,52887785,92412353,14096052,76166644,64866631,31184461,7473628,10301178,95882267,79513266,53081088,71956222,16140275,18868714,12274744,59013678,91956678,78885659,90901413,65451593,32353080,68297518,11333424,10097892,33375606,94410991,44142906,85758395,1437262,4693782,98699786,74894575,51092355,93416794,21983636,63828938,8947578,77465266,81266607,86920488,41948204,86866162
1159767,97982995,20094037,64394332,47060451,80433008,93091310,72515647,42408754,91102111,73614904,44036660,84296057,66491622,83596200,27968275,49327431,75387428,24949141,44409656,66901027,22587097,36232972,17838555,50971850,8964687,79579515,56249360,71311795,58784142,15277339,4264360,95281316,80125741,20230593,32598991,5882063,2782764,50945655,68808892,63358129,74845368,24993227,37023762,68157791,21795756,87475102,32344524,97244469,10994883,80958783,13964370,75460536,3486269,65637014,27862769,59350493,28793828,1257815,96479644,43238057,91104272,55523900,66404856,93086037,81349405,97690794,38602396,37155022,20166127,52278247,24963180,48919573,3057316,15296341,55018569,95048888,14802112,6470257,21684238,77723692,23763007,33530987,9201156,65484929,74240282,67997605,96405684,16014254,96474471,96372005,75371640,36146887,30579144,15944637,25053341,20865871,86607868,51236755,88523545
99942645,31168510,82405550,61514065,17932644,80668690,94976658,83962248,85752962,90968230,43343018,26465476,32575002,90813902,92948401,32884130,62925956,703424,33834669,73452042,88623711,64558890,33640977,29281164,31688488,79935862,73519432,67393708,1508291,8014289,26301953,57199272,35188158,56923999,87597313,99160009,54457841,34777988,62324609,75205007,50728207,6444691,80665878,34655216,70209417,47079869,65770415,26896281,87526837,11375561,68290322,1674828,4483325,85021256,86120669,12731974,52133644,85946013,64411201,75321128,55566640,16814715,32753123,65867957,95977352,29519269,23522988,25292461,1942882,2666681,56820991,48974318,97121972,83498230,7995150,58054818,92441334,7559099,79705425,66322895,81865378,32069794,24605618,46634448,97030414,73186377,49944971,87370178,51354145,75061535,98062329,77063717,11394738,29221525,86453660,96808636,86288514,15825577,33436786,39989488
38960359,95466559,36278514,37146694,16079404,54842408,2354743,23029540,51492052,24449253,91355109,27243712,16153969,16738939,60665169,46898417,45737082,8246075,86659223,95957556,96116064,689604,26576060,64275824,45247592,1615756,80979828,81610117,4733737,76129019,55833619,60562736,89530419,46432930,62978247,55137176,44532916,87022259,43317113,61037632,63464108,45327410,63384207,18658144,68385807,14637484,33423588,5734753,53049454,76330553,44932412,58062209,97429512,8280542,18685494,18567290,46289777,40356493,81955222,83849058,14197710,76158828,55879481,63028,17986524,70876873,90932883,89249958,57289472,3380547,15048181,30274052,25071695,69062980,80454290,5465985,99443247,69498575,57701695,85744019,77788349,79988968,19322779,31093842,44571704,51953592,41051199,41381086,28015460,87619741,19094937,75670857,31732842,31235681,97866678,88762355,75882076,56789793,38045610,24517525
33732036,13761803,18319358,6908833,26337262,60926481,15190763,83749113,12660578,91814981,21752717,5198652,94500215,85953644,97282254,89820645,1154845,91890482,88401122,66484865,88100778,56332683,29558977,25247486,8476736,90441682,41733050,67375158,24824378,71057657,2393266,43504365,30349683,82236438,65312389,6070089,5204847,21136419,75566945,99828731,21695620,79537731,40971797,46724429,11645425,99462829,42514319,19953779,88664850,49162467,78470506,989954,76844643,3828459,59814584,31062504,66806459,98667665,77274487,99833026,34820735,11705832,37185946,31158670,1783206,93100376,6231962,98307851,44911086,81458168,72427603,43153413,14048051,88032238,87023521,14558159,2730579,63590882,74216549,64429618,69999532,78063176,78249034,48816986,34197198,61993177,83556427,51903027,1163001,69284883,44203990,53958854,87546271,84338786,26181749,12469820,55794766,86458339,56176844,18631144
34963333,69028801,34757747,12527706,70651556,20007577,87729231,4198708,87931875,90002121,45547198,4778838,24685647,61915183,9110710,16282271,66850242,12162893,54793182,14808439,2772304,62635931,8725149,47892880,90361878,88576340,66767969,76057605,23900983,38593260,77891771,93041093,39571371,34289748,29277193,16886467,55156054,13570467,23601275,79387243,87981969,61356720,81367854,86544413,96546679,83195290,97966325,59765896,59549435,97195552,95467800,8976734,65327019,20938860,72368287,98800879,71846873,42522111,28771650,54985998,78414095,61881434,34671284,28344460,8481648,43273592,60489203,48995707,31255598,14134218,55096662,95469339,43151815,37352272,29427313,41822000,93965037,44902557,40794766,34751131,25692745,33218420,37314653,12588144,29879571,2883035,58235468,25783,46999479,47434461,88534951,70091741,40286890,80660583,66766807,63734325,26316924,31459850,11410368,40626743
28415556,22154469,12696476,10039651,7412618,25091299,86016664,3617094,46692387,70221726,71025732,86768585,86901074,51661263,35814539,14472602,95689104,3542625,6739519,5700563,41276621,36403105,89366069,68498299,25319564,51311934,28150258,57468684,2596634,95629973,57750171,54016276,15427564,25333384,70780339,34400603,31563690,43845389,89063728,98868592,66857966,78467402,27543790,52545695,19716367,14348324,31188657,9404090,95485975,18821675,77362752,91197659,34645021,58899980,73462213,16990368,62814999,59308566,47274304,82457724,32472319,76355964,28560423,41492694,83135747,92063864,60913679,96214927,74263421,57162361,37037711,50084689,51426025,417706,85193608,89011295,72834250,13281286,63001023,85156262,49576632,25181461,51007657,5765922,36754729,9235853,19553793,98740579,77353828,75719050,47680252,70589537,72585248,33859564,80230007,42944630,10296535,5218835,48678374,10942897
58789343,30233842,19994789,91849782,2134570,20294732,30397570,97055607,99770956,17181917,54802357,47457746,96811115,98964011,28332257,77182318,88878898,71586144,25596002,4156045,48170858,9118665,88021974,1203403,75689557,35766269,1400781,43158883,63654108,43442164,10156335,15200357,14033619,5676494,55317519,28788381,18403535,35615724,25436615,4513189,32159028,28015543,72944949,35664260,94122534,73927861,13552521,66060207,70795837,68214714,29005709,1900746,46217582,80924544,1780888,35487235,4384198,92698640,65642326,50245743,79492599,20534221,53157717,11350653,68232212,60680067,53321942,37190992,68514732,72892407,75479076,30787626,1197366,99188641,84867141,40934224,58459150,11083589,32281704,41721613,58669256,35016721,80369905,31560436,11372777,25134968,28069317,19924782,54136307,6280444,92984119,90526531,85208628,18179852,3943716,33827388,75885002,48595304,19707170,54686848
35780429,91879834,65386448,32553442,99946769,11117296,69663935,46081688,70635469,17559810,34154910,98723516,61474071,44427389,17077651,43526269,56590280,42196621,96273920,75798836,51892231,49885427,93811024,92248297,22715233,47735712,16666517,83863452,99159719,37082911,13169767,20847497,20801876,45980165,86006051,48371278,10866575,2232066,3317542,94060864,85202694,35219972,81817820,22376856,68940228,57145262,31507018,9409395,2532173,78351345,40728830,75016800,23783108,99904940,6501548,51601707,42809676,24518719,81508705,40024300,79766110,95188630,53757584,32689203,97850095,49018427,34065688,48673413,67926935,93706544,29163090,13843364,93825132,59593595,90240800,59713603,70677900,20627527,21182047,64184016,56193712,86758466,43885737,96581496,15854502,77008416,65868091,28457396,61814507,55229325,55363263,79263780,6942115,33370410,75617979,81589988,96922946,52323344,69001366,71916973
7928005,41866672,82042639,7136114,78279070,97698475,51506913,10511888,9074410,99938772,2559985,50825830,96696750,63066392,7104291,26276294,19542518,39829418,13224060,20654846,55409943,53170202,29438702,55454089,14932094,11989812,88381754,37612200,33309867,89817323,25817998,88494865,50935494,46311278,25636798,12906754,83977814,98736083,32004946,76530031,36913724,81667098,66051971,44815820,57933446,17358048,19363955,36065192,49238273,67934085,68918957,65498201,91851486,95117145,47304150,92281855,60544973,72015127,10747201,5526049,18015981,46174297,34949411,21208447,29942085,72147062,70814159,56432116,52073398,89430680,44285749,62763923,80787465,19082702,48276122,53080197,33092987,69830713,99167623,99796362,15416398,89035556,85636753,75172064,12976521,5508417,76928528,46505904,17526308,3081275,28862968,11848222,40554206,35588993,53890239,18490726,86218325,62829619,39030731,6799670
33527882,64215760,73806449,29312319,9733887,38494074,60418744,47455268,68462626,77800863,98492261,72318040,10291771,74507370,27892371,14607971,49218047,7614966,56071133,13001030,68518061,8064563,47752118,38036530,7263315,9232574,95984818,87861253,14205581,51043119,43287041,88342413,19943890,48027636,23792619,96014500,3612809,1067212,66610510,19937252,10624081,28412996,58689724,24032073,3667216,32311834,48825673,99790150,90606365,28738662,10701987,37725879,7159263,4714402,7170680,83242966,43011700,13795413,47053806,58078573,33224562,77674639,94798570,46267280,60109228,24128986,3327086,11507595,71533828,85987563,75575849,53299125,28621315,68100843,19586274,27926115,75760433,33905556,56860192,33352625,8725588,13962991,90847168,16079989,94756569,84723675,62451024,14359151,59225909,90936759,30273787,86077406,74122099,8906875,62714912,71906469,94922130,56474035,97643272,30119718
7421934,11763132,15298035,47777489,32025936,83613502,66236645,74414998,84973081,93193452,447935,92908134,30065357,75890385,20585774,62096270,47779749,79175459,34357502,13883050,23771708,15048680,40618589,40786574,80165133,19717693,33136034,95602140,28739056,48549397,32600179,5109407,29410765,43768691,6220661,55260331,44348951,60314053,48097984,20693058,11179905,1978016,19170719,3219181,19613185,45882701,98635713,19185029,1962946,9749267,70812752,35876356,87326063,30659421,6487719,5833090,87660405,83158953,20448497,89526012,34036607,70412824,29502139,32866960,34745758,85215442,18131243,44423924,53281094,76520741,29871196,13111465,70293414,56487178,37847168,51391526,70523391,28563372,82780871,99501425,54436418,44013591,29073748,15678433,57010607,57962773,67378152,81493295,13377272,71034491,44621645,6323816,91603865,7855542,75557703,17142154,58519841,78914761,71412577,77493634
4306391,9160937,63334262,6777896,64614635,56582323,20421908,67563356,4627853,69710649,63618673,57212289,46451811,63771823,71555724,81259210,9886212,45513845,39552634,14491107,5221487,61019264,40357760,85225703,65489378,1011309,8590469,21957748,18815893,25876923,78064654,34889074,18266529,29384609,94640017,22895734,79609774,45772283,5111349,2349741,44388050,58621854,82035017,11142294,96109266,99906947,19325366,52314346,5374782,28999256,49127822,32936081,62195909,89036104,6247729,18529061,24608458,98722589,93061876,93864628,36547940,33285074,29453322,78571316,1246248,97711915,22563565,30210208,38586303,10806021,94070183,62364753,66688539,538913,33621984,85722271,69535373,51039248,84838852,73273010,65926412,4664589,2654141,81077282,1521671,56377025,94194191,81279937,30287285,10155217,97806618,89151019,11915728,95308329,24973749,74633789,81593508,72280092,92682508,46791545
62683058,37113606,94830679,7438211,24113992,21804767,47845874,63232746,68622003,7927052,43907647,19070611,13986409,48371328,98532551,6265482,9768296,41761432,26759311,37809547,73917767,6163116,21989418,93786819,35172424,35070486,96784672,30908231,86288712,20440146,64885401,51912431,89611546,36227143,1265957,71251039,3932784,84911122,10050416,31374766,3869822,37718136,44322993,6087102,86642035,86111452,36155727,4579366,84893080,76322346,49769772,94494440,40640963,129064,60438462,86275563,3819076,64836064,5491163,95179866,34035050,22394903,46384547,62229141,91993482,96776804,33001889,95456208,52971828,18350340,40132766,64045443,7437703,40088631,18302279,96359802,54313250,82974801,84070297,35898774,22454451,26695622,74959481,74105093,31958570,5563620,60284349,87580338,45393131,92119952,78377421,90669586,99194314,28270455,38759185,53681409,56599736,10540615,11300916,11795775
67181050,77233804,68241033,70352103,74280469,14651677,45847982,22811934,52870578,6069494,80195869,41238757,27271139,96985006,4268426,62934288,67665654,92359434,67108270,75810699,97903569,44934214,55444374,68555478,89265368,40100240,20183265,19343715,89445216,83836281,72792577,56921295,25655054,94372276,70455993,1303084,49176214,86871165,53776111,75763041,74268932,54387793,48342244,4991820,91336291,95572362,26639834,82208585,21363600,36318559,20454088,13588284,20269363,57270841,47774633,92910199,36129002,75835740,92127900,74527043,80447776,95113492,73931496,86073302,5992897,75663322,36588274,67118777,786609,82990836,51949658,78105096,62273255,74527995,43403387,57208370,67642285,32057254,870816,98580846,81306383,9116691,34168788,13386678,65098998,65946964,6294742,49973186,40144568,32056716,5991976,12342546,98550841,13081934,1384279,2680669,48345902,61851583,51879367,99667962
60440966,82462034,61034968,57881693,26222030,9294361,30124488,33126927,45856754,65536321,76569762,35898037,29275687,5109723,48658475,78569630,90361520,53414899,81548056,42473426,68221943,72626061,47797326,64576670,54819297,55304004,20877366,9154224,35718727,13409817,14412481,44274524,10494931,46495797,15381171,40971439,81550921,78292027,57283264,17836293,55016618,35240475,45290758,51018007,47954068,64653066,13884927,82745327,84431328,62681918,82558979,49268391,7797042,10780499,23548171,49945685,42909557,90818135,33238994,84758866,41384694,29511517,45850176,87493636,46844800,687005,80836,22786007,43086480,56609011,22103068,25267748,51917172,3453836,12756836,76048177,75919167,34399747,27941988,79182269,6752697,19203157,11251902,42689733,47350439,30890830,83887468,30087866,97233917,28456232,87393997,31723745,56823072,5954646,61567901,70982455,39548736,17490632,28653234,97130041
69985094,61881970,27327970,99210609,62812967,90743763,35035972,53864685,75975011,54629144,88298450,7424015,9323073,70224553,7313435,80470552,85573990,52542422,93504695,53309188,77794320,93532297,53481127,36114097,81831547,55816072,5912581,94615441,17907020,54843193,73675138,27551985,49175130,44771234,83597403,87208671,46270442,6492438,34044372,59445934,25595285,44522783,39383972,52039079,1833491,57146123,68398864,65391257,48519831,64067717,12885167,42810256,81502958,63723321,19811721,24493786,19337063,91322970,10792709,73962273,38550224,9751899,48638874,73619174,49633073,84376015,12641724,69159877,25711655,1713389,32434460,1906606,67694676,13117197,13212662,99484420,67866237,9044157,13669941,66890138,25307851,33938715,46652837,3470506,30169532,89955655,3965460,73245219,56066770,12199175,89455704,94921980,22573835,33754600,48989365,43082202,35948025,53230059,35132830,97186763
26933407,70100089,63119601,8153128,27954371,87591619,47422692,37172064,98578633,31052185,99394066,27415124,60494454,46347179,8860654,37760811,72329053,32036251,25037839,33204459,86094609,20690641,42615295,97579220,15612540,90067388,74553380,89593228,30416582,38654700,31576899,21430639,43162023,39519222,59658590,49657471,32667689,2157167,59901896,9282273,40458463,252368,86763103,79387034,19909894,54836800,86952735,48327559,71210194,92318201,84410798,3470392,83042143,74312786,92069683,30897624,65011211,58032537,23127185,52193506,89465002,70200285,54813938,6285304,70536192,4512878,38671931,27407456,18761278,39611319,64282224,92311783,77767888,79956710,63792074,90364221,24137596,68245484,91679330,92011863,82485049,77177568,29473947,58536370,44612945,34631305,81080169,18033685,95424012,21274394,11338916,12401974,88661838,74642739,25491271,59733648,10590853,68814809,40331031,19709987
34682383,34428736,42995703,72001635,605036,54443810,85244145,85997663,59878102,84245668,13120000,16192540,19229644,27970279,36178954,61688957,43576893,78755633,64760751,46206591,9414720,42406751,64497772,65779934,58733932,73817799,6179968,13375065,76571259,45448265,84942146,94428006,85226334,60595775,16591742,32000268,76394382,65969342,18588144,61099272,56665833,32046970,91520852,57976170,6215393,27788424,10994816,46824087,89347183,89759736,9008278,46730212,20057449,70129836,54051763,96770791,77109419,28872389,23152790,17231004,37744985,19520738,5992474,83331755,16714366,23259351,50149880,1169824,6034628,68941731,19098565,6593056,63114815,17557984,86811843,35267473,30196150,86155920,63631646,48793045,17858926,85749493,38811050,44756460,23102179,13639128,54505766,3203162,56073610,7997176,62788345,82793074,1421962,97728284,82935148,73255151,5005983,68124782,53031971,972182
95024882,16988244,43524613,31950628,28008509,42968108,53455933,6942835,13571105,95392359,7804115,51416796,60361650,14008464,84457485,41718500,8025860,80755697,96910970,68165315,79191385,38528828,80743689,99561177,41413308,34141319,20576599,92903269,24062727,25925117,90455328,99647873,10966071,78393168,20283281,61666691,64384243,58725201,70904934,73476681,9088928,81130545,37481735,85925210,15172119,88970513,10044988,51722324,5682648,22320716,72446522,88933791,21736026,71525391,25787172,26272802,94477887,37491346,84751317,51306263,49807492,19209983,65966592,65825902,33273478,11364546,81638272,72119817,34031076,45104607,86906743,87057830,22756203,56848860,75712810,96990517,94600747,32417830,94340931,89982933,65979760,90635866,59541640,19351412,28477927,77495177,9604654,31305213,48277142,17721012,19675793,59028221,54286124,71486109,17360284,73491750,69512142,32235735,72545346,61856895
91037743,14590453,83873156,42027639,1883850,11459930,8511485,83836179,76108175,28565173,88337847,73265797,42565364,90911389,60657466,72642490,11688231,95716407,76160187,83471596,76037598,31457691,35809621,19594241,9721773,30369366,74771655,48843329,12587030,38966847,25882677,25661539,91546433,4899486,79936365,96739335,7754606,29782967,39430524,48419486,48570028,76586779,4251161,26847296,37512676,99776641,38360882,56704592,24616094,87891227,45647976,93378313,56126643,35802335,90962885,15240324,85316643,23281592,85900383,37012283,82246117,60424426,13099700,47892284,57186528,6942581,82128027,12945119,7403579,64761146,40628176,60419821,11824938,40529040,51243510,71537147,96140334,14462690,95569191,58233524,53095812,26508620,41252433,62712557,18793664,55642713,40661062,35913986,97038530,85056412,79403527,880699,29854760,724138,41251094,43603736,95307405,90390277,71071287,52951688
48707841,58254493,71535624,79854204,25590719,54872170,5990661,40476188,26627237,40901333,6013779,25831368,16052623,88184446,49097291,33524127,23281674,87053525,37271170,71737848,66570783,16375887,63764134,43144489,70534139,57666555,1501063,42334125,41198010,76892793,87926884,61229791,79272029,50626427,91530740,4315046,5120069,3861709,3619838,60600224,26643132,71391257,55781721,10669809,97854042,88837994,40988130,87096726,18152934,19179196,15364437,67493722,72063867,11281189,12261122,60696754,85646297,4280714,6967161,83290793,14193955,51798641,72368514,66216800,92207846,4634052,24032235,55046870,84184632,4488718,51496753,39019645,92993188,43203384,38686212,99042596,13934639,22849515,26427104,78467833,58677653,2799059,61526464,30098911,28531277,61307475,65040641,54948326,6303523,42198255,96349757,54248526,72635754,4843853,48212530,55247646,93042719,70580283,54905968,80452487
548366,21702510,95010919,38273223,44513734,90365805,11547934,92107710,28037990,10413707,37209282,34200201,93951608,93964640,94263985,73346643,25862010,16109345,24325446,44039815,97677428,61057387,80020800,10589402,79311789,87436162,48565244,98857301,68766822,63070755,98008154,3140341,40301782,37135321,97045779,95686274,75470946,21891468,5274600,60923317,88178076,77196105,61288388,92397298,27046686,50758382,25572775,60627535,38141650,89252683,2313941,82367319,12860348,36518040,14045262,38475274,31146033,55763829,2771535,9659657,30650922,94548857,7801997,90858300,46928272,28345125,68897618,59771241,30900323,32054439,45235374,81138999,37766146,94322348,3734595,62595116,31152511,2080553,16088013,83402126,57217078,4014120,87608384,58749716,58356879,6127039,2081997,99692762,61260912,18363717,77587764,94737334,96517581,87622693,53209447,39375383,78740444,23197641,85609235,56269912
55678015,78012856,16939433,87809894,49847226,55484943,78623714,54092347,66019984,11924777,84878141,77090949,31600962,14548517,252812,60139086,58294809,6644331,70198062,79765116,86600089,60891268,82195668,18691685,69592580,73632154,55543382,76125695,18316523,13268982,32347548,43276563,41624794,56467677,77593386,59694728,33365751,8710136,86615774,85871535,27571171,12170309,40988639,68711106,75963798,74425340,76908562,10738922,70849942,45308695,48183243,75703945,61161868,91937802,10016258,4629645,99817609,64175433,17728224,25635524,77762427,22044533,18867132,55926814,54297581,93109884,32736469,53247162,40644151,63761426,257096,89012243,92169049,10761506,8072531,79560126,91367107,35451556,84790422,76791697,39145773,8342943,42464977,78781218,83115357,39709781,23403840,48534434,58128967,66054668,82508463,56524518,25182626,70852810,83472885,74375679,98008762,95283920,6800168,7225776
79327044,6978407,28399230,71200787,59879465,53993624,10459033,18230058,97634396,40752182,4619160,88409864,85213981,53795234,32659408,39874687,30393450,92469268,1246337,84658363,6483067,80766537,22398383,71394005,89918587,69271653,15207447,63422720,87080809,45257457,85187841,8024016,68864056,36531571,99471199,52127456,82246222,58452284,64592221,77440478,99176609,44562272,62960143,67921210,55088267,46948602,14161848,51736119,58986364,84453524,30382525,75048889,14173803,3755805,42217924,9816666,32103877,75020115,26461763,32037964,18893666,98093507,60912008,49790054,31972740,49368283,94590800,153396,40477696,62464846,29900797,97099826,22514720,35355545,13163392,3343107,12736554,91654423,98560377,72250367,17358701,17280209,39574058,34767419,57606471,33658599,84861356,79910919,83924504,10142366,53458914,68613166,69731251,16326561,15982593,29449283,72481189,74572141,51518150,91472202
82428627,95051108,91404637,36042617,34272860,28814575,56328487,5731594,71101092,56591856,23890734,37684355,47719204,29668721,14153727,58741432,36165883,89436991,38805000,95452028,10955931,7224862,32437004,12919260,74942440,53470289,72054301,71488643,76181904,91549769,87761053,67431671,64348305,15851298,84569106,37564959,52665486,39277814,50068554,41850571,55659185,86737390,80484623,61212662,45328879,20558749,34366808,38083077,65589528,68969698,25413344,21175680,42337802,11621180,43694076,23223967,24456441,61560475,56695637,37908532,14635806,45742777,83453928,36331837,2684159,91643497,84945562,49554428,31607145,94180642,73912779,55059028,51754396,78701040,77730090,78821628,13731855,11611322,6865859,62531470,75410241,86790546,21384104,92952910,64103215,94551870,16567186,17468327,75946984,57687658,96957971,34387293,67475575,49241069,69994836,45410845,36836013,31632332,58822991,91121493
16993092,32189406,42494028,1129492,75494126,6433316,68548462,77861615,94446858,3647060,94333290,68402972,36078915,32273039,69426565,47744594,81517984,52883486,45058837,95736485,40698202,5609721,45934897,31740954,46430648,28544885,63326632,73530920,40357352,77903242,76102805,44351632,28650791,87554047,11952164,21886722,10855173,89692337,79643398,90046421,45745828,81186426,86165732,31728780,22180644,18033028,76185926,27016162,1972765,10297293,95583930,18916140,36126304,41706986,34425005,89287313,45003486,50642528,19663164,657656,91282956,29038513,43976345,64920579,17935068,80473718,27285169,42735331,70725901,33147615,56649085,16905651,87265374,97027607,57022257,3578086,19329333,85203558,9200300,40924251,55537527,59649454,8616825,54931122,16789513,66816934,30406163,67199346,42028210,63882825,39108969,53732962,86174609,70189818,17192695,15836082,8321613,71049014,44817992,55281571
82036249,62947724,4184704,44900300,26971847,1222965,66580085,68004617,9060470,49032287,19306350,72823402,12267486,38161836,94423479,13734640,44505795,29388119,22732897,86410220,51580809,54282292,66874519,75436862,65869789,51458367,17666969,5491790,33335474,429042,63742332,29919844,82369194,49335221,60238704,15014640,11916694,76405028,49941041,49200787,35871505,27600018,84789349,87556019,78870192,51635165,12138412,21708396,43306544,81816189,57860659,88780067,56496926,22128545,3320120,62643802,61499723,95644351,41443936,50095096,46646687,75486910,86189996,26457817,42312913,49186971,77791393,80734228,93062658,37776665,51558776,5661958,19088821,57784439,67982236,50607588,50793862,14777290,95889459,31725307,35541811,54674574,87076935,76007217,53757956,51060112,46088720,63435683,43377729,84357970,15346560,33640826,16882546,99635769,50944409,4785384,97076002,63128051,70585562,48270340
74689707,57066294,25005286,78455318,52475755,52797970,77978910,3051045,9453911,21250021,56001623,49588832,40536425,74896332,60591841,10927086,42245171,22428936,14181166,64136909,59400815,58341485,63255653,69286827,257219,44249035,68437605,78893468,65248735,45480260,94162976,49249189,84836191,6014123,66223208,84559930,15383848,59740171,59332012,48280689,8540678,90317684,84709546,33560856,90313042,98037694,53703030,34950253,95676173,87236432,15568257,32248125,52974051,1789874,93574892,81249925,21615886,30478821,47605723,38142354,93878385,73347383,60030910,2789282,12210552,82223444,74242201,41706453,5156414,94008413,56187730,39050276,78274031,95939729,91069378,62109571,75339401,37294631,38189393,12613982,44459511,7592644,71547754,75090003,76098605,40269642,35751060,52164559,8968964,56557244,83885338,39810288,830791,94274544,80429337,6351482,74701400,49992435,21510765,96696670
91230526,45520967,31148900,90215956,27731605,67229989,84115951,35949311,32246927,64001524,99618739,81638008,11137856,88972789,59067038,43332977,22446646,34422161,36630790,4758999,72561874,12576108,21500166,200877,30725004,18917361,65446039,84978183,61996039,80789455,81255646,90193080,69202459,57616662,98481636,58559769,48151270,70989591,603543,35600904,94757419,33202670,15383060,18299888,47923457,12021123,94844873,63721266,84273783,69735298,59188732,12317917,97483242,32398671,91851021,42529790,794468,53536642,99217984,32917343,5060255,94671142,59573768,1385572,23007948,31968344,54411966,94660505,88059493,37849976,58554629,84775805,94891091,87817481,68960020,72475594,4831252,5783809,6811754,72677568,7948752,70034900,22827533,27850604,9084873,90089113,41796557,87193476,75672627,60496684,50764922,43343227,87381478,53609515,3816524,40909708,37976579,68275189,29616686,13354720
74549527,16694875,26878471,7644263,33728380,30574805,33764756,88981423,11074950,90813378,91351056,23748436,92930748,97408131,42852651,39102409,74195914,73129273,76413049,41044265,6063657,63011465,20603248,76908123,98468161,21765846,83537512,22861130,49503160,67052134,26602233,52775323,27453850,54648149,12506283,62845019,11585891,15855879,59833037,87550904,61550493,29764568,57819136,67740078,71583654,48318082,67360605,27326503,56445919,40261934,20774551,75413383,17040047,5927446,26982317,23874662,70451282,64757039,72425223,18616165,88284866,229397,82369006,30837906,38747147,56245206,77825135,2366602,82640710,27518279,58435487,45314062,81936979,74798980,41903242,57645693,87553187,75298778,35671331,79855276,26250528,70724277,39761817,74869624,28207612,4057701,25458981,62303203,43302024,69548301,95522988,61331720,740229,37067902,27183756,76542721,47641125,8379662,27728768,14593647
94991032,29443276,95112636,88719175,23307578,48540951,30340667,5405488,10468979,49121641,35473821,69471953,1938706,56845295,2939357,63051973,4353809,95864585,86807942,98575668,97127437,16977037,11700270,66901763,27266459,42720610,24852463,37598965,11574093,96839287,46892218,79602120,80433945,97684833,70560597,73590364,12373403,70235991,86909362,57786563,78727607,66217859,95762370,10401093,97427844,73396481,5511984,42926149,38486685,97308997,69019934,40421481,21300218,77516374,94618709,98544247,62594681,15293364,34419110,58252882,72756855,47197980,23457815,92539033,27883331,54650657,83830395,83995836,25996986,2641971,19202252,55814390,11987596,62614475,66185364,81212323,68520133,45979643,99353007,1341365,50296339,26889980,37720454,61992753,83478527,52088621,28261672,83603993,33709264,13477538,64192582,89781584,47531814,80878787,63510976,45263218,52785249,86547971,43752069,28679841
88583098,82933345,76179492,7188379,17239116,51724136,36514744,49554734,84667718,84438415,19781665,35170330,68500703,45122697,1447513,14737970,44166818,16143621,74902800,38407724,57269942,38970942,44961213,59023622,4344122,39602216,76705411,34385216,24489300,38384561,30290016,30990372,1920706,59708808,23041487,3416337,71106218,25288057,44322429,7100113,78501162,71173070,65576961,5190764,37190782,80238952,65063204,79229590,28917358,78166652,39935302,32897478,39953457,37642314,46013011,44940232,35979759,14414811,59677205,22514781,71663061,82887778,41051868,10755468,4161619,28266867,53081176,62545481,40471548,78104625,8968255,81173155,21656166,32440757,53840619,2247684,54220592,63409403,92718334,67302970,15840575,4903811,35874379,39496049,93647397,18498250,98095837,15724712,79220315,28700220,5460348,24734446,10303316,71735910,20289985,80583353,13555254,72940436,12847095,65456033
34706251,15320671,57329742,29231982,13806040,28596486,8904406,23989780,73159433,50488391,1336554,94698914,56168156,22097416,9323238,75335265,81527414,9313084,96681164,56254475,81812680,74731421,50731999,32617611,14164221,45188529,57008914,56016419,41708756,31369927,29089589,84175922,88944041,35176426,97084244,82917458,55117913,42377415,75834440,80228700,86477245,89969314,54803578,90151015,64373023,81732395,37925299,36082407,56574573,71157081,19743599,59811670,52044796,27796678,93476223,80492010,50389865,58815673,99994564,97987652,87227682,34860279,91877112,86967924,77513882,58169178,24930360,60107195,77204158,93787507,7633154,97798295,30161474,68489014,38061101,92192068,51025099,83023244,66360527,28493263,57618420,20540911,39522976,60733729,39220438,71736377,48010394,93069090,91072276,25516208,78375074,16467936,24574120,46816659,59836268,95093238,80929654,88107709,35304562,47626010
38038860,5401007,64067158,40649303,36730160,70748869,77898816,11609524,93818174,16689254,91205489,97170877,26226519,98221136,38714539,66324611,724567,29820063,88532312,30648475,75115447,3060098,88885765,86961295,12136179,58388100,20902297,21300125,26009602,69923829,41986264,43444386,50071229,50989723,12181411,15169838,97291663,58480874,68472946,72222875,33174230,20321120,68720214,86225785,21789116,46305371,46342064,94141070,18429472,23104035,50967861,39809058,34032401,630659,89582288,90296293,38252706,54565162,84507685,65282809,27099530,85499280,16632699,17133177,59787792,8526578,78091765,50534891,69623489,84662109,34854979,43424431,27032274,84531572,75968777,22561516,55900899,88891471,6555191,28537513,12170552,48999893,78253514,94984368,17037464,41800249,950458,45191566,69006214,7887941,59791725,14807234,81961972,99088916,16628036,29610388,69452809,3096654,31062268,55409337
51777039,61952926,99962456,25213929,83598699,32939650,15377882,16237346,82453624,77077385,26011688,60209489,61697883,94871257,15076081,93399574,51030335,20269778,84079938,26608676,24284896,51753421,18180022,90476331,44448179,89137349,53157376,44857301,69841295,81865572,10647549,31692402,62812725,27050304,18252537,50039829,86138281,34280819,85486350,63275189,83381052,22574921,79915244,1740086,92679951,23772363,92401784,55168302,17526860,12977305,14090316,95611795,15053558,66279570,11446303,97817359,52535594,5052906,23158330,61072963,21807810,66205464,63938269,42300986,45710163,19882838,48309175,99161785,46726970,53327325,28127178,73079529,82539224,71125162,30392602,19119645,30749885,21688960,12975301,85428129,26791098,12812044,45041017,82481252,27609343,21488444,29957853,99101942,68168553,10319375,38012035,14873479,77375901,86632644,72315146,27566590,37851696,9798636,9806046,17160564
67690493,69100,99814016,52083417,14530350,1099475,25770031,26077434,18267902,82483409,13101311,1818038,97301975,90018740,58944956,6547442,72423285,67130043,26187084,65396617,65543765,73265048,83579176,31519825,53820301,87117198,49787599,79225639,47204831,50397506,68371672,16618835,6505519,42928300,94499383,7334929,81734288,80664469,20185824,97549090,81805969,23559983,35316553,81934100,90051196,60786732,87392368,39343601,14672988,25887068,2682099,90931065,12811572,53632736,3585496,62798926,63447619,58139275,78884440,21545620,71747775,10344961,91066828,55667115,26593789,2151341,88070021,93937561,48537590,4594743,4516752,73434844,89553289,97766710,18421466,45326928,63980728,72946433,21606993,75169915,5758356,56602086,90046322,33909988,68172044,3587735,92046476,84380411,17978306,11254945,95358658,14600361,67107454,63243474,65580123,30745312,44285300,70816940,68903535,91594634
94730515,983821,63050591,47510632,52928809,22894182,64674647,76679209,50278047,1852709,74583751,36487455,54203091,26299922,86231193,53995738,48491945,16675222,1918153,5222569,2644817,89185965,8183801,78198555,69804655,36587458,10697848,70500351,68984424,3157644,24726651,32381862,35724698,2680716,60503270,32818201,42720702,17698510,28067970,50285629,67169514,13483754,52421038,71467758,57647343,26131139,60999928,42689439,92228935,27686504,42127715,27782999,77587291,16204947,64285360,39139533,72816279,84536002,98697706,22341265,35186884,78122848,30512836,70632873,97837152,52622516,56733973,29463475,4136896,79717402,31570769,23537289,35789585,53265537,16714984,55361685,16494339,90109471,18340287,44869964,72571344,12211647,79154492,58821736,75912215,23999207,15258501,87167038,77306447,81458312,24433982,65328886,46691745,61532781,59915684,98258687,25167273,44558138,29256650,59897515
4054283,41412713,71533927,14366047,60354592,25048239,16205850,35789015,10804406,40133616,94436859,76611382,89952080,46895981,53253628,227119,66479544,28867240,87300884,97618501,58454425,68337431,59508789,44587699,85922185,70766502,39472811,55095928,4541158,79547033,92829919,62619006,64651267,77202249,11291528,71561926,94498510,42718915,14735257,78924945,20781255,75910650,84136806,41759404,65991429,43651323,68187528,69279992,35614913,97369066,9504238,32616291,81550208,19608947,11382849,59348468,94945416,93594712,99930277,13923481,56099702,74073371,93430829,96925784,2589281,40806444,35368730,93277458,32589462,58267767,79548395,61500189,97031270,75164410,80610476,60938444,51308671,2736165,27172238,88191627,93101150,59706806,92871382,35679156,25717939,60326813,29867657,45760784,42636534,38328440,67354484,41359921,93656502,64015868,91000037,23202781,69693198,15713410,9918912,56343265
49508789,32732843,25482849,58290624,92840431,99443235,46613819,6250595,31350613,71965339,84565059,87705801,97817075,48244607,1659301,76017690,26901413,3568621,4710895,19651038,96883558,90030198,4324094,83097643,26511828,30583638,28006645,41449738,80949910,80879211,17803568,74244396,77121013,36922893,205045,89577699,37799310,16373161,26496887,9336641,53242237,80647804,40251221,51358494,55798221,20594274,79650238,54186333,50166030,21164776,47080133,60006852,71853262,60828513,48342788,97792698,11238475,44867447,3153014,52990506,54505335,92472545,50124754,46652343,7513300,95458249,90812008,21413032,24361730,48284586,68325371,76722793,82382291,62856535,5179127,53501966,11277794,76181300,88864812,6017622,81715855,93228785,59089931,58797696,33669288,68277734,98835963,65983055,39136385,23051171,64912417,96894197,30016403,56499398,88644893,12218784,47956505,46335233,72053623,88270826
23644194,14089574,72407740,47495375,57299113,64148032,27547400,63107443,79507249,3195337,43307420,86537668,19454962,92690221,2280795,99902181,88511474,21340349,47469137,89723353,94633854,32372030,22256905,48922399,87632008,68936412,92212114,20215751,41187278,3977898,5210452,8495063,6877857,20767210,61673416,67133363,71618476,19644085,99088239,91631908,52702100,54233490,66749004,28778954,62151626,28625407,45214930,31229737,13143980,80312772,89200179,34442455,88730499,58899703,28309540,35079002,91105317,42586235,4778656,41279052,79437809,77355980,44414113,17461606,23008955,58990279,11697973,52008775,9144392,4849090,15099905,9972443,33507701,3233826,42577711,68087818,18330637,28337186,67321130,67140321,23466606,80358980,78545217,31780456,95991649,33694196,13124996,98401648,12288919,36417071,50786442,50723502,40097778,57234712,27689873,35067834,29031105,70367201,78936933,42372806
30757063,31452531,47028631,17804878,86468105,43574669,94883989,96028743,70487614,91679182,65832252,76341309,41690554,91303619,90808935,1919098,19866519,11404027,15643432,77551847,95499406,29241139,81705336,62191195,80829839,57910439,76393679,5581427,16729411,67847684,667028,74309432,95484278,43470713,44980363,52197846,26046982,6968149,93227472,61809026,84038919,18937114,32271200,31338231,96760133,98546954,50902415,58913362,73794343,45245298,73156599,18509518,30581678,92624250,40322185,48085477,79579724,57066026,78913027,56225281,7180266,51674843,91893245,17951615,54381152,49479422,3948160,48787992,55611450,6717393,19075013,42670460,85330844,35174988,11575375,21754532,74431457,84261506,52519834,99980806,21450259,73663799,74376230,3526621,85230206,83108017,44478540,24850514,8242096,52797755,58128414,38110178,46784985,78169511,45994849,52801138,52916296,42763699,52962791,18281067
82649885,13139909,52167145,9290014,43324778,73449691,99163236,50246342,7918924,76821962,99115162,46466884,25581092,83545377,73808721,64488698,78129592,4852219,13067561,41621385,54907559,42405326,10209600,51972862,24573917,2274996,77177056,91668697,25989160,62203782,52997073,76712336,47833178,10290221,41038759,59858990,21745591,74459951,29463101,39866137,21623376,44976262,88309048,58788548,14020220,37996258,76002807,13824956,42689408,12403678,13281088,17027718,16953950,4056093,5644143,51733269,37465227,19832631,47529402,40739502,5831754,40746826,87152625,93105429,26264276,48840992,76417595,29726619,40820496,40677321,88818810,43651243,51797865,70403185,59238888,64285683,62728527,71916573,77679992,32777872,22256201,97358622,76720810,83265189,98108163,15346843,85959904,34490991,17894045,43862977,41197473,85720479,22819782,42331795,12005792,51079747,12222831,65817965,29742729,52364619
33618652,21604671,72339879,76968651,63125096,38289406,87897793,85995842,72534012,20487371,88233237,97995747,75430416,28823861,14301795,71884939,90868990,34615643,30302807,65820966,45508372,18488855,97854637,54484815,82685690,34995091,15144144,80615730,24128375,12709291,44070292,87342021,90075197,70802715,51841612,35169245,38587045,13142711,33449042,24025946,23626671,66970303,11695134,31261104,76377442,38854541,24504392,59239300,58895308,83584808,39014589,25473407,74914812,70761498,59639752,73698004,73513995,70593649,74894965,63129628,92917320,49856562,93096441,22066085,41204346,16991489,84307936,38275656,13054510,27001367,76213700,339103,41951581,96122994,77025365,80262724,80474956,12100481,24217889,19502471,20218427,92615161,94891992,75457026,22675256,64399911,98239167,806621,69848057,57358637,46667507,51222085,8485875,22511020,47027920,37639690,84046683,22051210,12655628,74387584
9440143,84355356,23910580,2549639,74710560,31319217,44072691,13961695,45558861,24457589,88446630,39108667,67976025,71923688,40665072,10163448,54911347,70494395,79729183,16349190,99923373,58805571,36538598,46677764,73118171,41901486,48989853,71059968,12164845,73678685,64136606,47961729,49605591,69177990,54601530,62381405,40034502,90962580,70383617,94205206,73559352,20463862,46424138,79958909,75744736,21820435,2384582,82272876,38693841,99128833,75634342,72375971,18221822,11363347,24248082,29048733,79645100,69825210,21827338,26712346,59915016,4613092,40389656,11107484,8407438,22066080,68533674,28531413,69478638,66607828,74982264,39112646,77254480,10810920,6523649,61423503,63697972,44618001,48699046,12574894,45653776,61112005,45273647,6662989,82594596,39934150,88443872,54487086,52936836,11164839,43840577,75211804,76292019,41363324,68536293,51304603,64747262,15092447,378872,25188827
83312021,23749764,74804850,21435465,81358773,51425980,24003089,49871133,94520788,78187783,22565983,12185531,39390291,17048029,31641199,4299565,93036716,34159430,6929516,24560425,16731576,28896887,24074271,91739740,69957830,86646235,87504416,93792997,64832281,5353760,37712738,49061563,12639514,88898286,27892661,84640763,52548896,12004114,61104671,29540839,41993963,91901338,44637400,66959459,62853438,68835509,98000040,82301341,2309155,97521556,79341104,92196022,15620018,15169403,32314104,88981496,18971053,60584115,31231069,53466548,88288399,22060154,96250434,89943157,50566935,311848,89798374,59009608,25678895,20676564,91705905,56427103,12391662,50488783,92763842,10245896,40250284,42761901,79853080,8825996,66393737,82033767,20496884,72673910,81686585,5608109,65579157,57108941,65083593,14339377,82246510,45339919,92804337,7176801,13624708,38277368,95806147,98333385,87736963,80870026
55966641,36776197,31020903,17570987,25614062,89106260,30925606,54402347,24152722,8414043,19663923,39202926,46496652,36525232,51411607,56079924,94490198,6334892,34461935,56439408,70262540,91319513,75840804,33875048,45863128,1312880,52251635,33836455,48660070,88983773,36566698,82390561,8016750,78190891,25013278,23254411,90120403,94864453,17843993,63171211,22847463,92875974,46434460,24334011,61750779,22522212,48062348,66085544,7889177,50532723,69277840,61350027,65198047,20866400,44706602,79896931,36990447,11043834,4132576,6873168,53764061,76780270,42887818,97282979,49784284,20206911,54232524,85909548,18762064,25658736,63153090,32781699,87754016,66475259,93921207,21754624,54970080,17348591,41304496,16831299,77448634,18901929,34247214,56503924,83988564,51240824,68970477,70415699,96595428,35835190,89355863,36178281,30836848,77507662,59424773,76728403,54842045,24080655,79673734,46934069
23044780,90895723,10083282,73571161,23667117,82057214,9092818,30854119,20448106,53116849,73447976,7567498,34457879,23888854,81241852,69091754,50263789,66954281,3310034,24134485,94368551,76261346,64475057,70413642,34564013,2322466,7117094,82032900,70662525,33907132,83054448,12192368,91649879,91938222,53440427,25756885,7875377,30558544,20965931,92701246,300852,21312942,67185168,7454113,39710377,70265113,33366533,51763515,30212841,98783495,18846409,9521749,55473988,53094509,67916672,44706648,17920802,83812433,76386309,12802900,8254141,35679502,80015460,53730839,38517206,43874945,40466396,8666170,55972062,39516201,31103974,23708717,13734738,85970216,64934858,77523433,26443637,97739384,63899048,7943496,61921304,87206128,53919765,79821168,65877071,14972022,68486674,81660274,84346049,36802852,88801106,72945847,28398474,80578051,37166615,90584699,8789225,15736544,8510752,95102857
33938545,60401682,70864749,44870659,83275674,70362064,90754859,31453522,8678641,70098703,33811869,64841536,55939552,72738875,99017615,90357261,88261380,68449886,84076596,2383754,11920830,20223232,90585339,8020895,39622372,58509255,94347215,62946675,65777005,91879132,80322952,88368129,97540075,91548740,44515169,12681246,22599997,34893743,41926701,56332634,86258755,70605539,59875253,86495579,48806585,99389717,2599644,20928035,29625897,6629823,78566618,46787908,99256976,10809313,38936986,47484148,27020708,96094448,45026541,55237344,25458555,76226019,87762529,52233432,86238799,12335377,91915121,36800208,99218925,78233413,48047234,50051650,12944128,19114709,18783465,52632039,32206386,31757449,21723044,34605680,83594738,32846709,61104143,41481898,75596382,54164207,40586744,69922591,72347210,89001411,40200723,38468791,22195285,3705802,17966459,69753922,20403673,78282881,78149725,88761371
84955807,89285829,87632106,61544237,25572403,97394970,21271930,43675997,89129985,77743052,94242317,52780616,13404309,31488956,15484631,89064858,63729452,37443557,12172195,35446390,11735895,80527102,66327555,98145895,23306446,52377679,81497187,74170267,62721190,76301756,36834710,65614925,44334428,2189526,74272326,32748534,88631470,95285420,5088757,48567187,16703871,76496399,31385665,25429149,40824681,40361067,9934838,18751668,96422852,16479815,73120220,47213225,38003438,77944726,43009999,14274497,65222922,75511476,25828666,71522296,41222313,29869101,80008712,20858459,26053976,71113855,39614942,43400382,52060371,99217589,22633258,89958245,48998987,62818796,1299448,85891308,31336635,63746874,76269771,26780800,19743439,21974629,87901669,37614908,63094818,82345686,55615196,49584352,29406946,19935102,97756423,29385830,42389863,57054233,41452376,24386589,95527248,64508034,1208527,84189736
29076621,21770837,1920142,56550328,95001967,6920256,16440531,21660625,88596904,96718765,86345103,14460848,76346501,1581513,92623101,61677941,28664268,11420162,29731991,64638681,87513046,77898307,57523111,91353837,29394041,91320066,92758230,29685718,6413533,37596680,24251503,95342392,54598663,41840113,84059775,85307863,61280085,9709884,33786257,84911908,95450884,88209525,16164738,81538234,65996021,18028620,31971794,34562045,76536030,9575371,34448904,37183172,23666672,4994193,33577885,90942052,3009630,26646294,96557468,62938600,81552580,23112913,27024308,52975220,43561504,52541594,17366965,49436261,12641274,93178740,56068003,40760044,22458632,33975350,18294171,58397678,55219478,18618125,39750546,20728337,10982677,67046569,77266944,42370971,16003404,89423583,15864602,66821898,96161167,18841186,31718041,17140705,72400268,38481781,8825919,34726908,47946057,27248251,78151458,75929484
86600557,69979568,32231671,40702114,54111025,45385230,99947231,18198514,82938650,12636804,37045961,51374276,57864120,55958043,63754377,97341538,29948749,32766391,37630629,1344043,60941582,46627714,65038538,65751476,75360482,25162524,87082683,69018393,50209756,13990108,12664356,70023847,83043101,3213288,39830227,16083367,54360646,34182146,11347375,40710443,1330608,43221551,17122899,51738825,32040437,28541515,8276250,54645094,97081794,42030412,1816378,59581412,23182212,40782850,93194879,84212821,50380506,16353866,28118907,12209479,47842368,19266326,68756209,76324013,46673703,31638488,32703723,32887451,43756290,66278690,30507357,11164022,41202954,74404086,41181936,88175084,3994337,32317714,53356776,5715080,92115157,50355286,38693656,83597863,59469819,46872582,63574187,54095323,22566546,39738247,67727681,22659119,38295695,35867123,14741350,94650336,59670165,70426459,33961994,33060835
90146232,22888830,34643475,84539898,57314162,27627646,70192626,43189752,44340429,80190074,86092225,96588555,80121676,50535222,84051656,3254578,84416884,90757117,81192941,79226688,91923958,61565326,63410485,36008812,26516761,73221313,60407630,21279669,96045359,70693124,33537994,73906637,42038290,61143373,32723212,60590838,80008344,90419300,72202691,62936300,37562227,99776283,34229168,83444602,6024857,73587957,49884807,82767421,5693560,16462082,34616035,89339451,13707661,58492956,54374759,70707140,75379043,77493582,77721767,12487582,1468470,7453052,57784068,67826261,44737481,95655161,12502601,82399089,20258467,92461655,83966061,12324960,29068778,22700112,92606276,75270161,40631944,10470710,82512988,35024184,30872092,81593572,94310045,26231737,99191508,95913606,77298349,59704335,10069656,75020740,23529133,49259007,84226711,41737130,34929412,69055189,42662553,46212352,81557365,65339279
59186337,25528136,92574289,82460001,24227231,86163315,59419340,9736695,30304390,85146482,91121399,95526040,79227856,70316196,68812153,12807314,11879273,42170355,55782780,52954273,54036838,65431908,18371288,31339844,42779085,61841873,39728712,47890317,97850530,2981285,17946814,53704920,62404632,68625202,95223843,17195116,20647369,64497946,20786099,86999504,6227948,2794918,82643072,7284396,4488189,35096252,13348165,20762799,1327443,20527273,84116010,13079003,9046758,22727721,98491820,66894776,53249006,34353300,24826709,71553309,57231774,29674978,51343196,49790840,39640052,17268655,85628742,41809196,2275036,38105665,96407259,89728135,9110292,24898371,9014793,58705906,6723279,68941742,46180381,14443862,21185818,65059387,44388399,60001793,35852368,5777367,60536650,88684537,60590686,7254259,64494640,36154996,49014029,79217456,69742134,39153501,81687635,26756614,23666593,88525991
5023243,21914473,44494460,57626963,29751591,62890296,39811188,72765492,82972017,37303156,48538978,56872979,20882623,95634279,67364579,2246026,4876126,53711422,79625941,51791226,18189040,97849899,4087072,13498279,39216845,14214454,42679866,82867749,21230458,70367705,69271179,66129640,59153832,36159911,67741003,31286501,14175060,69490017,13154492,91004482,43703022,12192718,54306242,90756065,18666879,96665694,50728164,84357596,54179479,39203801,59676476,58446735,9457024,37506411,50762547,30397368,61673791,83073602,83305678,77761213,56758510,23480578,46666902,82572408,81720844,8177219,63759849,71783965,22062978,72063938,52124261,84031810,52430345,46682333,38276063,22235365,96038649,82195900,92585842,51167901,32578226,30886825,67464601,12525869,44403406,20924047,76907007,65432837,1920943,1509681,26258917,32836834,75806855,5126816,48412793,64007051,93046369,94442414,7719059,10726926
86058908,77588409,58439357,2554310,2471096,68973556,92915379,9876907,2085987,59964572,30455801,58547841,9621858,86267446,79599621,52489448,16911264,57302048,48474509,61108490,85976893,2313456,48805124,29256230,90282971,24310149,50358862,20274311,63235412,43732872,49232477,21182588,26503976,57157199,22654014,46248407,9482601,31100614,96998703,132931,77844287,57322592,48143593,37713558,10191111,26359114,14406076,74314627,78087495,30171875,96314784,44406745,29038076,50110865,51625864,17818783,11359790,14034236,49126651,51623440,73529637,24041917,90201566,37072084,87126140,74712011,35083712,88639361,85788375,37888063,82941887,61574831,97771813,13555929,38514333,45300393,24568717,5581661,41898650,70671634,86931283,44292457,52862186,76029360,45706829,55883110,96522125,85581204,87570497,55487576,47675316,12330758,4127616,9962721,75816619,48034313,58491444,19751898,93966667,33268746
62133705,26723186,71696491,28162997,97879084,49904718,38878126,86198265,39699582,65217665,87738707,7331275,98115027,83621163,93555142,76015813,143319,22419999,49211333,25488288,18289346,38295114,17548324,40452109,67248895,2327087,50817521,29502762,88126231,91597409,93441787,73905983,18228430,11122619,52117838,47535980,37832914,51237299,94054203,4329166,80397476,75552911,30767011,47688974,44121104,73827754,30220069,42460589,97852810,35300509,82290899,98987815,72676381,59780449,48879509,72700544,81332711,20332339,18983950,43596611,36554081,8779754,11868464,60823416,29703553,71922945,75972865,46127087,1827161,94749260,88520548,51941968,64343961,10066004,61264990,15664003,19667887,45731949,65775619,22702745,76834053,84276578,39995648,10892381,70052394,36307238,20227395,28207219,14607880,50279349,6515892,95349128,53837530,50814471,5079431,65741833,52484490,76706655,36572602,5826997
57617720,19299454,44965864,13185766,90961253,44308615,53000917,37208115,59885600,78704827,24188049,59757649,32022623,44565433,3057563,15184042,85792996,25237313,89951074,73575519,59720409,84021868,76288130,59747154,60147942,47685663,75596122,1192886,58739147,64242283,13843318,31133302,70548543,39469260,45279801,69065586,15181749,9052556,26530922,82831586,81583998,79995696,8044295,5843062,31988644,20109418,81835517,50613575,29716816,88622014,70351831,67846371,30183290,65609497,9742934,62535169,22925380,90910981,62831883,13204900,17460348,41555538,81077812,98291580,56788178,6894360,16565250,95974264,37017979,35474610,6543797,27769842,13611305,29233872,86088789,63013788,80274327,74893154,59721406,9352928,98764310,32791666,32567199,98925826,76207028,77688866,61108641,23663006,68304548,94105371,98065387,77722049,70996001,86409465,7796746,27941726,51737178,90572794,21183248,16777089
36249760,11971021,36681678,23159678,42453144,9733690,19592209,23097847,51042729,61752714,18067972,56843506,78404871,31037850,76261558,57234628,99375267,92357930,40798181,24046094,30950418,2234104,33381452,76688945,98542144,40311333,95877819,99907188,36374953,84857696,43676612,88039511,52474067,45545919,66092083,31490464,88601057,92122300,41241441,91244471,83088047,71763193,68629373,77048900,88310042,461420,28536626,98495022,80114849,51279554,47117478,88582732,66527983,16358148,46143792,98369933,85245949,83051188,79224874,59371426,95606113,44243151,24492551,26007638,15643224,38352701,20155735,80918514,34388881,60486233,93883777,61234769,5202675,41863560,58832006,27337656,9179412,71726238,3449769,14624167,2911763,54343855,41080053,3637646,81876384,22150065,17101128,84121985,96237478,3521767,50224200,3377389,1016726,50318222,85681293,8634345,98603707,91214066,59906743,53151967
17603805,36233172,72804960,61314071,54683028,34812589,48903000,66894913,85116838,70461208,17341626,24189698,19647620,23494014,93749025,11808083,41366928,29184997,80468503,53673205,20576031,55908980,33683470,43926758,15570497,16987823,94739621,17400765,33549389,21326767,36060962,71853264,56663337,81988823,12355819,69610684,40212293,80305180,52776769,5108904,53570342,57799375,98772166,28063209,13449733,53692593,47662382,13869518,89978970,35753541,29163935,71169066,5468211,47891652,72725840,38477968,49581739,60206182,50686884,96189617,32450641,41402725,32672736,46685117,79619524,36864037,2511949,13194255,68453778,91565245,41892022,24579388,84420694,72214253,41972389,42319780,14974065,8354481,6077181,97586481,6427229,37393948,65779263,94622132,74858229,51783667,49063892,29669549,96941734,97254274,28867301,79235769,31103425,76769382,87379180,4321321,32330200,84724878,58431096,79800894
70916685,17564625,22592295,76513982,49685769,82243715,6645642,45473845,45067892,89429080,72274627,51214184,62184826,47736845,87266832,88686150,20481746,36160579,60099567,52929745,51068641,99151553,64496130,36062622,64084409,55792941,19593887,18354294,5051473,23195499,83690473,2585391,9029418,34279201,92365006,21242551,34645848,88008749,54322386,50850303,48916179,7118495,58906754,54537876,95562698,17336245,57276929,75069324,683647,93484926,57463515,54235626,66093673,79286312,46680596,60854510,94646510,75626598,27888882,82431592,56354855,19757429,99909641,99966459,71553709,5660018,42324193,6368020,78678575,46125544,13798557,42521860,51036818,53674654,84321824,73335500,90523855,12841624,13047356,61458482,38831696,67692533,12643873,59032266,48492533,18357791,69927365,32823670,39766499,97557320,35921918,63165726,75735324,6924962,49882245,64719696,62692111,36875575,7669387,76190009
21238315,32286193,16025110,52229339,56866928,12529339,63567096,71842227,65582192,90840288,51129925,28550504,8526026,50581373,95894525,39500334,95174087,25039567,37937299,47600347,65108593,63808490,794999,48161341,71933723,6453171,49536327,30426770,73708891,20624637,18515352,87517050,892605,9300309,86743877,86122541,64284943,41707678,8970943,76308983,26855094,83981305,88035862,23996107,39353484,55511839,15893822,38064102,26265605,94478894,99284074,15184207,5421175,94456424,15876783,73013273,41795884,39827804,59202685,31390079,44525815,56544876,12317151,28746139,39737081,84526912,35588078,46404178,48361435,60323979,86229771,98674339,43232185,65899536,32097690,41898031,1447672,83260561,83491786,55216384,22689456,80343202,54008044,12576704,89853638,32650223,48624661,5185061,70980836,97150055,3555876,24406334,22546434,17856138,24404724,82916178,63369966,40899714,48623996,56007265
10245043,86413636,64988932,60954769,42139159,76755887,99144709,5766021,71467706,31546619,84850249,51706692,13678134,56195856,98193817,24067094,20953725,17488827,7501071,30886466,88534660,92409134,9809131,26980839,75594848,8169086,43304641,29991177,6179097,34332686,24200602,69032026,43056489,83931523,20872734,96340980,31485005,89640557,47695767,32385883,9294787,48946263,1700764,84541206,98815583,51748132,77914690,86177056,25784150,39484442,87300170,44553183,84593477,60901084,59326879,34043760,18736525,98720801,1621123,67514223,35184197,26898335,68292941,76776868,15392777,24928248,98163031,99306425,73047138,27955606,7368961,28080032,89132362,88354826,82024628,21662768,36964297,5967259,98658625,78120996,35859506,82337107,13815777,68969746,4268917,79698145,5472145,34349842,9209749,92299104,15482105,75902610,76983806,79674130,207919,13870460,6506990,2741704,32876405,48519705
75409726,9228960,9466594,51153783,34416103,15997984,24891787,81657485,39961707,57482837,12906691,68885730,91913004,85620658,72779291,30337992,68680148,57621251,25309056,4623565,78858959,53816472,83245898,48553791,81048505,20114005,58762319,49157708,52141592,64604099,50758565,15348261,49649195,70414018,5137949,26492947,58252824,70386676,6360908,25751736,52631531,61690090,39714307,66030993,29425172,81736509,55242560,40217159,2883266,57745731,30303576,57918883,8195718,92883754,60084575,25865358,33450993,35213427,71193899,96762199,11831570,95193248,3471263,91622933,53646768,24752931,22682101,94087723,30213498,64737969,14201930,13776775,30852500,32518032,76532158,6108297,2358549,38816270,16025106,75820278,63369646,86040988,30703781,65045917,94901375,82025153,10338675,47114379,12421510,32485279,86036104,74316862,58582775,90564046,37395800,55215390,58170268,24568967,77487975,62463698
99165031,6208519,82376835,59483299,25283117,9351887,98074779,83678572,83371154,28963608,82485468,56844496,3418616,39226010,97941755,17378206,78826264,78709667,89096339,35139314,91406329,61993238,99980848,48061442,32931020,66737686,80398115,49288569,86856685,22417760,52357349,20798359,33362123,52958502,3750487,96397926,30118095,82390955,12495026,24221207,53947300,14347540,89167859,5061960,21201230,6223500,78183357,28199761,18332253,19865892,26860219,46391450,93030210,35186430,23364820,87946093,37712292,34842416,29950777,83019419,44188685,92002170,86804091,29017564,92929035,91306031,5105815,9499846,36735218,78416248,22245083,40732932,52280980,46355255,84193415,41149933,8361857,96081836,80910077,7922305,61485035,15233204,38116030,72782492,86888587,65430010,74112706,7381507,88987274,91471527,86115036,89146773,70088432,61091623,62706299,47936145,46180263,86615001,95154347,72289840
23844945,21590652,8705527,31948414,89232234,44942550,50311021,84798523,85664593,54349271,42887095,95777967,56767909,20023425,69077924,44120815,29470744,52535303,1033807,49366766,22465821,21170217,17838116,52227744,88118206,64473737,85050284,49308998,26039123,30626567,37107017,99164298,8927187,13108154,1889219,64012069,12414504,44661004,18207145,88451663,93421177,19873974,87134076,51939712,43024201,52573552,53291687,46662777,21651132,5442716,51237870,33480171,30486039,66641305,22482818,21706592,1465243,69360595,6211642,21274144,18574256,52656132,2366169,5264765,79479896,70548278,87145566,54341058,77420978,76722942,3983436,48657106,22399953,67945995,2490537,51728078,14624790,44873987,90298081,31198092,90521480,25028508,20352241,58674650,80833029,72209612,92972049,14829990,95578696,92277595,92253666,26846088,80986463,93758512,32719384,97268344,7885721,49814953,5272479,20978702
29774871,35398740,60202677,85690960,12223649,49587840,76616558,42893421,54369671,48260126,61790832,30047081,88624670,57644397,59237691,28358833,62984702,27500239,3864370,43948392,36713476,6456386,94379819,26103649,41381839,47950264,32064507,12014531,74208076,32027516,5701394,81308027,25984169,67570873,11195212,34072708,19977434,14781532,98455265,33719372,66389302,58422319,13922617,30743139,1275764,64654365,76528902,76629748,12654094,98914821,48043734,84240256,22740279,87855871,66964378,76734706,26834812,93522902,676404,8707600,92453254,41291800,34807513,59174989,63414320,37465364,59406476,19053765,53384867,53331281,49617780,15626186,27819462,6526169,10469862,85727048,24411697,73345381,50752881,95365319,48524101,29906506,74241106,51876777,28832404,53717621,1152542,97126153,43614195,57390336,70885244,66706248,70461947,59816934,27075750,47178080,62335758,96001833,14013033,19539131
48769136,49261107,32359129,16480769,77234418,82466506,34413874,41160532,25089943,67895167,26871570,37510956,68362974,40021888,98714929,29092907,12375444,55328213,46610451,55485234,12022013,42392862,18713405,13444563,69690908,68854772,52570245,55783271,18015415,57911641,78894437,21143180,40155976,5899696,44670909,16643558,39263006,27155289,69588501,72694419,39383030,29573066,97512885,32209355,63201530,83425865,61343218,23107770,58590870,69566214,86781154,46711423,82596035,93178617,14505703,66839369,13681629,2342608,5893795,50648650,38952260,42794476,29463540,7965092,61673239,58996365,95590890,93194456,63358015,12179525,62448808,71525269,88009883,80665173,11921033,31167514,58288359,28511851,71708241,82399537,18510911,15336186,97592180,82047334,95526474,51379093,7357436,11218364,94352743,37846059,77385489,56145317,35458168,38504161,32138487,87654513,97186632,19628017,76279968,11818666
88723670,36775412,25304256,66255004,21595724,59311203,13927851,38816391,65464509,11026798,3147487,9589596,85428121,55808086,62465943,65956604,30453290,52993685,74159670,10888680,42073573,76375120,13407852,44281010,39615130,86543102,21562350,43329497,82710205,10635657,91817928,67868451,16683817,60613727,78722697,42638209,2687729,65143027,188640,67260650,84486776,78850932,85364893,95577760,22073834,47882731,35131613,59473660,81182103,22534745,70920065,90365918,67010680,74561749,94928199,68720341,90788038,7471911,53024501,50387428,87382372,74961336,71180483,15608895,69990786,420244,29273969,71056062,68452321,22408991,15322550,12864355,77820594,92290039,21702495,60581340,72400153,39049798,72599771,2676952,84386370,88041102,99649363,45510971,26742374,8605428,79623395,26811892,36606050,78155642,39156055,13725650,94187150,60098369,97346306,36485513,35403488,95381361,636183,33320659
86283035,76516364,49965774,38798274,95253304,90647149,91900281,38482721,9902511,8296350,51434930,44308747,47818008,76789080,78747116,74171372,13461340,53688966,74604249,69826128,72325075,9594916,9002035,39710106,28250525,4409137,42994081,28656835,37670852,61530409,53437330,48463070,62631020,47670016,55380540,88626275,57016778,14273709,66700722,490111,82935313,57522064,71557497,49923816,11816823,62770846,68639883,14704661,80092902,75250274,29504783,53255870,10799686,77400240,78717715,37246245,42477959,15378898,32276746,14769645,22498784,99742748,94616845,10400009,65775001,5998209,57690046,11679129,21094036,82252270,87161682,56743213,46662684,52249427,71249640,67704546,79194401,40541915,96150230,32452205,91302123,61434287,56622858,84702235,39960429,57764864,42930290,30090303,68525023,72461105,34025470,1583888,54758165,62441245,34737374,80976941,29581745,76553957,37118724,12428212
57664579,90836834,74291741,58049438,63263001,68020999,37240535,56437918,96123094,47168167,90509662,62207875,46456679,1136580,39402765,49005513,57612779,44862609,28509942,66344905,76848907,90010045,83655372,94091190,13967223,32910229,27259607,32011151,42925020,99683984,50006087,95588821,54459159,66754216,92152899,36093955,71448853,57674967,62758678,55374631,92659876,45059560,56963845,98691324,88545595,39423607,52181806,57443512,36203343,37514638,65123093,1499220,47871425,56095877,10499893,39946363,25892729,337803,26059598,46371155,67753998,35407215,6470178,76853671,96945580,5092532,3791854,62512717,78524987,35763513,7959517,84099196,54595176,86000486,37512363,94212059,20694057,69160694,82902574,24195944,86100314,58755723,29043103,9748906,41408786,76041594,99418469,2625540,89522281,1110204,91055958,10940778,49320500,87235204,71116838,41066522,12352650,89687787,16026151,50918561
47901028,49461069,53417407,2209106,13209234,14451195,69516827,30343668,67631137,86224013,90664105,29675860,40958425,78124776,73589329,16565514,75234455,95839989,14804038,16039863,47061066,90565647,77653682,63415354,40271741,3411185,97031460,78118850,10235580,79185895,93176126,75827202,54549386,69028401,84228383,92808885,91351149,70525683,33098096,66698687,64431014,67202272,79861233,22577866,59376124,31621136,83839281,80431210,76471130,15542229,94789041,25685483,31442446,1454404,66748454,2259986,19572186,74855555,40072660,49442094,48370630,74160969,35740481,55089652,57383958,51534091,72516027,15905424,3595242,9771442,72048062,98741344,41827177,71911737,83135880,45157662,54906801,82294582,74893831,60357732,96207573,70626727,29720720,67075276,8201984,27120984,35689516,32044135,13772763,79289667,58700661,23630371,24029244,98688579,29854333,96897945,28114539,55517712,96365449,17610136
38252812,2273358,23013080,37561323,97063060,69392481,96819550,47750303,85625815,21421920,27894267,98920535,54831062,28735931,38876583,82411572,64228539,88263055,73613095,45160633,71991242,90656257,22051344,82040540,44499997,70042866,22458159,80470664,10957609,77269303,19349321,39474733,19023149,58130919,3102546,5842481,79837373,18144977,1401367,3572114,31251589,69456526,29959480,43429387,56615907,54168861,67684698,13438783,69302490,15752916,93937323,53970154,58746974,12601678,14875039,49311298,92204731,30830464,64513656,83521460,17680355,58427796,9471060,88735830,72071578,35130989,64413800,55602530,75497028,98689807,32272301,54741878,38619204,61142907,77097303,24771142,33700279,19182022,21475107,34718759,87990489,22703650,81611385,58004788,11051907,26256801,67766605,18267960,35329974,6841587,23050182,4149286,16827313,61443818,47440894,21434893,56285467,19578270,10072964,31822326
