0,5703241,46706492,87608073,23851558,87552931,92662275,37464081,23724534,63139789,58330960,87569523,48590420,3795034,34105208,36681603,79044789,91745658,35346437,98919177,14250779,17937893,72928678,24114381,93896433,68691670,23332105,17482501,47559804,24430367,22463536,38483389,73667028,47172183,88767739,17662002,12934592,90986978,43825637,64234605,95999204,96583326,51100846,23410232,53383381,28515003,62308773,43561332,42220544,16091041,71613973,55856951,37312508,52095758,29616537,52266132,57137667,8776166,16211695,39462812,61890567,9647315,53339659,25103747,57534614,60013550,55564024,23229954,44868021,28655951,1563829,83063798,92552800,11191751,56803808,42954216,34080298,45126853,47146452,17405249,53672975,21908285,71772427,3728163,51234641,55879557,89762450,39874214,66657671,6666642,30189632,44886203,15190655,23117859,52973093,96554435,14616591,27241007,39960745,46376867
8148248,37339354,72938651,12324754,88146130,6438845,32709354,6142833,37193422,57117744,83566853,45174696,58589203,61929626,57161412,30307602,60718543,60928754,16127249,33909689,3545579,63637656,29184762,38890239,39002941,11810698,65013963,65052426,66143179,41685659,25811312,13565073,83415560,74835806,48571529,10470075,50697716,11783413,55162761,90275224,41448179,17939858,11787440,55861556,66537571,75942985,14055682,43015626,15856896,86505431,82665018,65176868,70813317,98498772,65287308,57738916,1265692,24227690,17334065,30949956,85373004,99080373,55187009,7442273,52437184,36290666,73858831,36870497,99863537,61464849,63767103,75134080,88652299,38303034,12519536,2143179,77657742,12460823,68932890,74625849,57481869,86143360,49736716,7309365,26656033,58632798,75465441,48893258,87603159,27693037,2278971,13974144,45894502,55838957,29305368,4361799,51166525,30753641,42780274,5355149
8148248,37339354,72938651,88146130,12324754,6438845,32709354,6142833,37193422,57117744,83566853,45174696,58589203,61929626,57161412,30307602,60928754,16127249,33909689,60718543,3545579,29184762,63637656,38890239,39002941,11810698,65013963,65052426,13565073,66143179,25811312,41685659,83415560,74835806,48571529,50697716,10470075,11783413,55162761,90275224,11787440,17939858,66537571,43015626,41448179,75942985,14055682,55861556,15856896,86505431,82665018,70813317,65176868,1265692,98498772,57738916,30949956,24227690,85373004,65287308,7442273,17334065,99080373,55187009,36290666,36870497,52437184,61464849,73858831,99863537,63767103,38303034,12519536,88652299,75134080,68932890,2143179,12460823,77657742,57481869,49736716,74625849,86143360,13974144,55838957,7309365,2278971,75465441,58632798,87603159,48893258,45894502,26656033,27693037,42780274,33563674,62916777,30753641,29305368,51166525
8148248,37339354,72938651,88146130,12324754,6438845,32709354,6142833,37193422,57117744,83566853,58589203,45174696,61929626,57161412,16127249,60928754,30307602,33909689,60718543,3545579,29184762,38890239,39002941,63637656,13565073,11810698,65013963,65052426,66143179,25811312,41685659,83415560,74835806,48571529,11783413,50697716,10470075,43015626,90275224,55162761,66537571,11787440,17939858,86505431,14055682,15856896,41448179,75942985,55861556,82665018,70813317,1265692,30949956,65176868,85373004,98498772,57738916,24227690,7442273,36290666,65287308,99080373,55187009,17334065,36870497,61464849,52437184,73858831,38303034,12519536,63767103,68932890,99863537,88652299,75134080,12460823,57481869,2143179,49736716,77657742,55838957,13974144,86143360,74625849,2278971,42780274,75465441,87603159,7309365,45894502,48893258,58632798,33563674,62916777,27693037,30753641,26656033,51166525,29305368
8148248,37339354,72938651,88146130,12324754,6438845,32709354,6142833,37193422,58589203,83566853,57117744,57161412,61929626,45174696,16127249,33909689,60928754,30307602,3545579,60718543,29184762,13565073,39002941,65052426,38890239,11810698,63637656,65013963,66143179,25811312,41685659,83415560,48571529,74835806,11783413,50697716,43015626,10470075,66537571,11787440,17939858,86505431,90275224,15856896,55162761,14055682,41448179,75942985,82665018,70813317,55861556,1265692,85373004,30949956,98498772,7442273,65176868,36290666,57738916,24227690,99080373,36870497,55187009,61464849,65287308,52437184,17334065,68932890,73858831,12519536,38303034,63767103,99863537,12460823,88652299,55838957,13974144,57481869,75134080,49736716,2143179,42780274,77657742,2278971,86143360,33563674,74625849,87603159,75465441,45894502,62916777,48893258,7309365,58632798,30753641,27693037,12444552,51166525,33924875
8148248,37339354,72938651,88146130,12324754,6438845,32709354,6142833,37193422,58589203,57161412,83566853,61929626,57117744,45174696,16127249,33909689,60928754,30307602,3545579,13565073,60718543,29184762,65052426,39002941,11810698,38890239,65013963,66143179,25811312,63637656,41685659,83415560,43015626,48571529,11783413,50697716,74835806,66537571,86505431,11787440,15856896,17939858,10470075,14055682,90275224,55162761,75942985,82665018,41448179,70813317,85373004,30949956,1265692,55861556,36290666,7442273,98498772,24227690,65176868,57738916,36870497,99080373,68932890,61464849,55187009,52437184,73858831,12519536,65287308,17334065,38303034,55838957,13974144,63767103,99863537,12460823,57481869,88652299,49736716,42780274,2278971,75134080,2143179,33563674,77657742,62916777,86143360,87603159,45894502,75465441,74625849,30753641,48893258,33924875,58632798,7309365,12444552,27693037,51166525
8148248,37339354,72938651,88146130,12324754,6438845,6142833,32709354,37193422,58589203,57161412,33909689,16127249,61929626,83566853,57117744,45174696,60928754,30307602,3545579,13565073,29184762,60718543,65052426,39002941,11810698,66143179,38890239,25811312,65013963,63637656,41685659,83415560,43015626,48571529,11783413,86505431,66537571,50697716,11787440,15856896,74835806,17939858,14055682,10470075,90275224,55162761,85373004,82665018,70813317,75942985,30949956,41448179,1265692,36290666,7442273,55861556,98498772,24227690,36870497,57738916,68932890,65176868,99080373,61464849,55187009,52437184,55838957,12519536,73858831,13974144,38303034,17334065,65287308,42780274,12460823,63767103,57481869,99863537,49736716,2278971,88652299,33563674,62916777,75134080,2143179,45894502,87603159,77657742,86143360,75465441,30753641,33924875,48893258,12444552,74625849,58632798,51166525,7309365,5355149
8148248,37339354,72938651,88146130,12324754,6142833,6438845,32709354,37193422,33909689,16127249,58589203,57161412,61929626,83566853,60928754,45174696,57117744,13565073,3545579,30307602,29184762,65052426,60718543,39002941,11810698,66143179,25811312,65013963,38890239,41685659,63637656,83415560,43015626,86505431,48571529,66537571,11783413,15856896,50697716,11787440,17939858,74835806,14055682,85373004,10470075,82665018,90275224,30949956,70813317,36290666,55162761,1265692,75942985,41448179,7442273,55861556,68932890,36870497,98498772,24227690,57738916,65176868,61464849,99080373,55838957,13974144,55187009,12519536,52437184,73858831,38303034,42780274,12460823,57481869,2278971,17334065,49736716,63767103,65287308,99863537,33563674,62916777,88652299,45894502,87603159,75134080,75465441,2143179,33924875,30753641,86143360,77657742,12444552,48893258,15310758,51166525,95209334,5355149,74625849
8148248,37339354,72938651,88146130,12324754,6142833,6438845,32709354,37193422,33909689,16127249,58589203,13565073,57161412,60928754,61929626,83566853,45174696,57117744,3545579,30307602,65052426,29184762,60718543,66143179,25811312,39002941,11810698,65013963,38890239,41685659,83415560,63637656,43015626,86505431,66537571,15856896,48571529,11783413,11787440,50697716,17939858,85373004,14055682,74835806,30949956,82665018,36290666,10470075,70813317,1265692,90275224,7442273,75942985,55162761,41448179,68932890,36870497,55861556,98498772,55838957,24227690,13974144,57738916,61464849,99080373,65176868,42780274,12519536,55187009,52437184,38303034,73858831,12460823,2278971,49736716,33563674,57481869,63767103,17334065,62916777,99863537,65287308,88652299,45894502,87603159,33924875,30753641,75465441,15310758,75134080,12444552,86143360,2143179,77657742,95209334,48893258,51166525,63075476,5355149
8148248,37339354,72938651,88146130,12324754,6142833,6438845,32709354,37193422,33909689,16127249,13565073,58589203,60928754,57161412,61929626,3545579,83566853,45174696,57117744,30307602,65052426,29184762,25811312,66143179,60718543,39002941,11810698,65013963,38890239,83415560,41685659,43015626,63637656,86505431,15856896,66537571,11787440,48571529,11783413,85373004,50697716,17939858,14055682,30949956,36290666,74835806,82665018,1265692,70813317,7442273,10470075,90275224,75942985,68932890,55162761,41448179,55838957,36870497,13974144,98498772,24227690,55861556,61464849,42780274,57738916,99080373,12519536,65176868,52437184,55187009,38303034,73858831,2278971,12460823,33563674,49736716,57481869,62916777,63767103,99863537,17334065,65287308,33924875,45894502,88652299,15310758,87603159,30753641,75465441,12444552,95209334,86143360,75134080,2143179,77657742,48893258,63075476,51166525,5355149
8148248,37339354,88146130,72938651,12324754,6142833,6438845,32709354,37193422,13565073,33909689,16127249,60928754,58589203,57161412,3545579,61929626,83566853,45174696,57117744,30307602,65052426,29184762,25811312,66143179,39002941,11810698,60718543,65013963,38890239,83415560,41685659,43015626,86505431,63637656,15856896,66537571,11787440,85373004,11783413,48571529,17939858,50697716,36290666,14055682,30949956,82665018,1265692,70813317,7442273,74835806,68932890,10470075,90275224,55838957,75942985,13974144,36870497,55162761,41448179,42780274,98498772,24227690,61464849,55861556,57738916,99080373,12519536,2278971,38303034,52437184,65176868,33563674,55187009,73858831,12460823,49736716,57481869,62916777,63767103,15310758,33924875,99863537,45894502,17334065,87603159,30753641,95209334,88652299,12444552,65287308,75465441,86143360,63075476,75134080,48893258,79095176,94910904,7864413,5355149
8148248,37339354,88146130,72938651,6142833,12324754,6438845,32709354,13565073,33909689,37193422,16127249,60928754,58589203,57161412,3545579,61929626,83566853,45174696,65052426,57117744,30307602,29184762,25811312,66143179,39002941,11810698,60718543,65013963,83415560,43015626,38890239,41685659,86505431,63637656,15856896,66537571,85373004,11787440,36290666,11783413,48571529,30949956,17939858,14055682,50697716,1265692,82665018,7442273,70813317,68932890,55838957,74835806,13974144,90275224,75942985,10470075,36870497,42780274,41448179,55162761,61464849,98498772,24227690,99080373,12519536,57738916,55861556,33563674,2278971,38303034,52437184,12460823,55187009,73858831,65176868,49736716,62916777,57481869,15310758,33924875,63767103,45894502,95209334,99863537,30753641,87603159,12444552,17334065,88652299,75465441,79095176,65287308,63075476,94910904,86143360,7864413,5355149,57405423,48893258
8148248,37339354,88146130,72938651,6142833,12324754,6438845,32709354,13565073,33909689,16127249,37193422,60928754,3545579,57161412,58589203,61929626,65052426,83566853,45174696,57117744,30307602,29184762,25811312,66143179,39002941,11810698,43015626,65013963,60718543,83415560,41685659,38890239,86505431,15856896,66537571,85373004,63637656,11787440,36290666,30949956,11783413,17939858,48571529,14055682,50697716,68932890,7442273,1265692,55838957,82665018,70813317,13974144,42780274,74835806,36870497,75942985,90275224,10470075,41448179,55162761,61464849,24227690,98498772,33563674,12519536,99080373,2278971,57738916,38303034,55861556,52437184,12460823,62916777,49736716,73858831,55187009,57481869,65176868,15310758,33924875,95209334,45894502,63767103,30753641,12444552,87603159,99863537,79095176,75465441,88652299,17334065,94910904,63075476,57405423,7864413,71438987,65287308,86143360,37672516
8148248,37339354,88146130,72938651,6142833,12324754,6438845,32709354,13565073,33909689,16127249,37193422,60928754,3545579,57161412,58589203,61929626,65052426,83566853,45174696,30307602,57117744,29184762,25811312,66143179,39002941,11810698,43015626,83415560,65013963,60718543,41685659,86505431,38890239,15856896,85373004,66537571,36290666,63637656,11787440,30949956,17939858,11783413,14055682,55838957,68932890,48571529,7442273,50697716,1265692,13974144,82665018,70813317,42780274,36870497,74835806,75942985,90275224,10470075,41448179,61464849,55162761,33563674,24227690,2278971,98498772,12519536,99080373,57738916,62916777,38303034,12460823,52437184,49736716,15310758,55861556,73858831,57481869,55187009,65176868,33924875,95209334,45894502,79095176,30753641,12444552,63767103,87603159,99863537,94910904,75465441,63075476,88652299,57405423,71438987,17334065,7864413,37672516,21732568,5355149
8148248,37339354,88146130,72938651,6142833,12324754,6438845,32709354,13565073,33909689,16127249,37193422,60928754,3545579,57161412,58589203,65052426,61929626,83566853,45174696,30307602,29184762,57117744,25811312,66143179,43015626,39002941,11810698,83415560,65013963,86505431,41685659,60718543,38890239,15856896,85373004,66537571,36290666,30949956,11787440,55838957,63637656,68932890,17939858,13974144,14055682,7442273,11783413,48571529,1265692,50697716,82665018,42780274,70813317,36870497,75942985,74835806,90275224,33563674,61464849,10470075,41448179,2278971,55162761,24227690,12519536,98498772,99080373,62916777,15310758,57738916,38303034,12460823,49736716,52437184,57481869,73858831,55861556,55187009,33924875,95209334,65176868,79095176,45894502,30753641,12444552,87603159,94910904,63767103,63075476,75465441,99863537,57405423,71438987,21732568,37672516,7864413,88652299,19454275,5355149
8148248,37339354,88146130,72938651,6142833,12324754,6438845,32709354,13565073,33909689,16127249,60928754,37193422,3545579,57161412,58589203,65052426,61929626,83566853,30307602,45174696,29184762,25811312,66143179,57117744,43015626,39002941,11810698,83415560,86505431,65013963,41685659,60718543,15856896,85373004,38890239,66537571,36290666,30949956,55838957,11787440,68932890,13974144,7442273,63637656,17939858,14055682,42780274,1265692,11783413,48571529,82665018,50697716,70813317,36870497,33563674,75942985,74835806,61464849,90275224,2278971,10470075,41448179,12519536,24227690,15310758,62916777,98498772,55162761,99080373,38303034,12460823,49736716,57738916,52437184,57481869,73858831,95209334,33924875,55187009,79095176,55861556,65176868,45894502,30753641,12444552,94910904,87603159,63767103,63075476,71438987,57405423,21732568,75465441,37672516,99863537,7864413,19454275,88652299,99424544
8148248,37339354,88146130,6142833,72938651,12324754,6438845,13565073,32709354,33909689,16127249,60928754,3545579,37193422,65052426,57161412,58589203,61929626,83566853,25811312,29184762,30307602,66143179,45174696,57117744,43015626,39002941,86505431,11810698,83415560,65013963,41685659,85373004,15856896,60718543,38890239,36290666,66537571,55838957,30949956,68932890,13974144,11787440,7442273,42780274,14055682,17939858,1265692,63637656,11783413,82665018,48571529,70813317,50697716,36870497,33563674,2278971,75942985,61464849,74835806,15310758,90275224,12519536,62916777,10470075,41448179,24227690,98498772,99080373,55162761,12460823,49736716,38303034,57738916,95209334,57481869,79095176,52437184,33924875,73858831,55187009,55861556,45894502,65176868,12444552,30753641,94910904,87603159,63075476,21732568,71438987,57405423,37672516,63767103,75465441,19454275,7864413,99863537,99424544,44493495
8148248,37339354,88146130,6142833,72938651,12324754,13565073,6438845,32709354,33909689,16127249,60928754,3545579,37193422,65052426,57161412,58589203,61929626,25811312,66143179,83566853,29184762,30307602,45174696,43015626,57117744,86505431,39002941,83415560,11810698,65013963,85373004,41685659,15856896,36290666,55838957,66537571,60718543,38890239,30949956,13974144,68932890,11787440,42780274,7442273,14055682,1265692,17939858,11783413,82665018,63637656,70813317,48571529,50697716,36870497,33563674,2278971,15310758,61464849,75942985,62916777,12519536,90275224,74835806,24227690,41448179,10470075,98498772,99080373,49736716,79095176,12460823,38303034,95209334,55162761,33924875,57481869,57738916,52437184,73858831,55187009,94910904,45894502,55861556,12444552,30753641,65176868,21732568,87603159,71438987,63075476,57405423,37672516,19454275,99424544,75465441,63767103,7864413,15543418,44493495
8148248,37339354,88146130,6142833,72938651,13565073,12324754,6438845,32709354,33909689,16127249,60928754,3545579,65052426,37193422,57161412,58589203,61929626,25811312,66143179,29184762,83566853,43015626,30307602,45174696,57117744,86505431,39002941,83415560,11810698,85373004,15856896,65013963,41685659,36290666,55838957,66537571,13974144,68932890,30949956,38890239,60718543,42780274,11787440,7442273,1265692,14055682,17939858,82665018,11783413,70813317,48571529,36870497,63637656,50697716,33563674,2278971,15310758,61464849,62916777,75942985,12519536,90275224,79095176,74835806,24227690,95209334,41448179,99080373,98498772,49736716,10470075,12460823,38303034,33924875,57481869,55162761,57738916,52437184,73858831,55187009,94910904,12444552,45894502,30753641,21732568,55861556,71438987,57405423,87603159,63075476,37672516,65176868,19454275,15543418,99424544,44493495,75465441,95932862,86621240
8148248,37339354,88146130,6142833,72938651,13565073,12324754,6438845,32709354,33909689,16127249,3545579,60928754,65052426,37193422,57161412,58589203,61929626,25811312,66143179,43015626,29184762,83566853,30307602,45174696,86505431,57117744,83415560,39002941,85373004,11810698,15856896,55838957,36290666,41685659,65013963,13974144,68932890,66537571,30949956,42780274,38890239,60718543,11787440,7442273,1265692,14055682,17939858,82665018,11783413,70813317,36870497,48571529,50697716,33563674,63637656,15310758,2278971,61464849,62916777,79095176,12519536,75942985,95209334,90275224,24227690,49736716,74835806,12460823,99080373,98498772,33924875,41448179,38303034,10470075,57481869,55162761,52437184,57738916,73858831,94910904,55187009,12444552,45894502,30753641,21732568,15543418,71438987,57405423,19454275,37672516,99424544,63075476,87603159,55861556,65176868,95932862,44493495,86621240,17285643
8148248,37339354,88146130,6142833,72938651,13565073,12324754,6438845,32709354,33909689,16127249,3545579,60928754,65052426,37193422,57161412,58589203,61929626,25811312,66143179,43015626,29184762,30307602,83566853,86505431,45174696,57117744,83415560,85373004,39002941,55838957,36290666,11810698,15856896,13974144,41685659,65013963,68932890,66537571,42780274,30949956,38890239,11787440,7442273,60718543,1265692,14055682,17939858,82665018,70813317,36870497,11783413,33563674,48571529,50697716,15310758,63637656,2278971,62916777,61464849,79095176,12519536,95209334,75942985,49736716,24227690,33924875,12460823,90275224,99080373,98498772,38303034,74835806,41448179,57481869,10470075,52437184,94910904,57738916,55162761,73858831,15543418,21732568,12444552,55187009,30753641,45894502,19454275,71438987,99424544,57405423,37672516,63075476,87603159,95932862,44493495,17285643,86621240,45145951,74784420
8148248,37339354,6142833,88146130,72938651,13565073,12324754,6438845,32709354,33909689,16127249,3545579,60928754,65052426,37193422,57161412,58589203,25811312,43015626,66143179,61929626,29184762,30307602,86505431,83566853,45174696,85373004,55838957,83415560,57117744,36290666,39002941,15856896,13974144,11810698,68932890,41685659,42780274,65013963,30949956,66537571,7442273,38890239,11787440,60718543,1265692,14055682,17939858,82665018,36870497,70813317,33563674,11783413,15310758,48571529,50697716,2278971,63637656,62916777,79095176,61464849,95209334,12519536,75942985,33924875,49736716,12460823,24227690,99080373,90275224,38303034,98498772,57481869,15543418,41448179,74835806,94910904,10470075,52437184,57738916,21732568,73858831,55162761,12444552,99424544,19454275,30753641,45894502,71438987,55187009,57405423,37672516,95932862,63075476,44493495,45145951,17285643,74784420,87603159,86621240
8148248,37339354,6142833,88146130,13565073,72938651,12324754,33909689,6438845,32709354,16127249,3545579,60928754,65052426,37193422,57161412,58589203,43015626,25811312,66143179,61929626,29184762,86505431,30307602,83566853,55838957,85373004,45174696,36290666,83415560,13974144,15856896,39002941,57117744,68932890,11810698,42780274,41685659,30949956,65013963,66537571,7442273,11787440,38890239,1265692,60718543,14055682,17939858,33563674,82665018,36870497,15310758,70813317,11783413,2278971,48571529,50697716,79095176,62916777,63637656,61464849,95209334,12519536,33924875,75942985,49736716,12460823,15543418,24227690,99080373,38303034,57481869,90275224,98498772,94910904,41448179,74835806,21732568,52437184,10470075,99424544,19454275,57738916,12444552,73858831,71438987,30753641,45894502,55162761,57405423,37672516,95932862,45145951,55187009,44493495,74784420,63075476,17285643,31438596,3976736
8148248,37339354,6142833,88146130,13565073,72938651,12324754,33909689,6438845,32709354,16127249,3545579,60928754,65052426,37193422,57161412,43015626,58589203,25811312,66143179,61929626,29184762,86505431,55838957,30307602,85373004,83566853,36290666,13974144,83415560,45174696,15856896,68932890,42780274,39002941,57117744,11810698,30949956,41685659,66537571,65013963,7442273,11787440,38890239,1265692,60718543,14055682,33563674,17939858,15310758,36870497,82665018,70813317,11783413,2278971,79095176,48571529,50697716,62916777,95209334,61464849,63637656,12519536,15543418,33924875,49736716,75942985,12460823,24227690,94910904,38303034,99080373,57481869,98498772,21732568,90275224,99424544,41448179,19454275,52437184,74835806,12444552,71438987,10470075,95932862,73858831,37672516,57405423,57738916,30753641,45145951,3976736,45894502,74784420,31438596,44493495,67838895,17285643,86621240,55162761
8148248,6142833,37339354,88146130,13565073,72938651,33909689,12324754,6438845,32709354,16127249,3545579,60928754,65052426,37193422,43015626,57161412,25811312,58589203,66143179,61929626,86505431,29184762,55838957,85373004,13974144,30307602,36290666,83566853,83415560,15856896,42780274,68932890,45174696,39002941,11810698,30949956,57117744,41685659,66537571,65013963,7442273,11787440,1265692,38890239,15310758,33563674,14055682,17939858,60718543,36870497,82665018,70813317,2278971,79095176,11783413,62916777,48571529,50697716,95209334,61464849,15543418,63637656,12519536,33924875,49736716,12460823,75942985,94910904,38303034,24227690,57481869,99080373,21732568,99424544,98498772,19454275,90275224,3976736,95932862,67838895,45145951,12444552,71438987,31438596,41448179,52437184,74784420,37672516,57405423,44493495,30753641,17285643,74835806,45894502,73858831,57738916,86621240,10470075,63075476
8148248,6142833,37339354,13565073,88146130,72938651,33909689,12324754,16127249,6438845,32709354,3545579,60928754,65052426,43015626,37193422,57161412,25811312,66143179,58589203,55838957,86505431,61929626,29184762,85373004,13974144,36290666,30307602,42780274,68932890,15856896,83415560,83566853,45174696,39002941,30949956,11810698,66537571,57117744,41685659,65013963,7442273,11787440,1265692,15310758,33563674,38890239,14055682,36870497,17939858,82665018,60718543,79095176,70813317,2278971,11783413,62916777,95209334,48571529,50697716,15543418,61464849,12519536,33924875,63637656,49736716,94910904,12460823,75942985,21732568,99424544,38303034,57481869,24227690,3976736,99080373,19454275,67838895,31438596,95932862,45145951,98498772,74784420,71438987,90275224,12444552,37672516,44493495,57405423,17285643,52437184,30753641,86621240,41448179,17546658,45894502,73858831,26033959,63075476,74835806
8148248,6142833,13565073,37339354,88146130,72938651,33909689,16127249,12324754,6438845,32709354,3545579,60928754,65052426,43015626,25811312,57161412,37193422,66143179,58589203,55838957,86505431,29184762,61929626,85373004,13974144,36290666,42780274,68932890,30307602,15856896,83415560,83566853,30949956,45174696,39002941,11810698,66537571,41685659,57117744,65013963,7442273,11787440,15310758,1265692,33563674,38890239,14055682,36870497,79095176,17939858,82665018,2278971,70813317,60718543,62916777,11783413,15543418,95209334,50697716,48571529,61464849,33924875,12519536,63637656,49736716,94910904,12460823,3976736,21732568,99424544,67838895,19454275,75942985,57481869,38303034,31438596,45145951,95932862,24227690,99080373,74784420,71438987,44493495,17285643,98498772,37672516,57405423,12444552,17546658,86621240,90275224,30753641,26033959,52437184,45894502,41448179,63075476,73858831,42278540
8148248,6142833,13565073,37339354,88146130,72938651,33909689,16127249,12324754,6438845,32709354,3545579,65052426,60928754,43015626,25811312,55838957,66143179,57161412,37193422,58589203,86505431,13974144,85373004,29184762,61929626,36290666,42780274,68932890,15856896,30307602,83415560,83566853,30949956,39002941,45174696,66537571,11810698,41685659,7442273,57117744,65013963,15310758,11787440,33563674,1265692,79095176,14055682,36870497,38890239,2278971,17939858,82665018,70813317,15543418,62916777,60718543,95209334,11783413,50697716,48571529,61464849,33924875,12519536,3976736,94910904,49736716,99424544,67838895,21732568,63637656,12460823,31438596,19454275,45145951,95932862,74784420,57481869,38303034,75942985,99080373,17546658,24227690,17285643,44493495,71438987,37672516,57405423,86621240,12444552,98498772,26033959,30753641,42278540,45894502,52437184,90275224,63075476,83407563,73858831
8148248,13565073,6142833,37339354,88146130,72938651,33909689,16127249,12324754,6438845,32709354,3545579,65052426,60928754,43015626,55838957,25811312,66143179,57161412,86505431,37193422,13974144,58589203,85373004,36290666,42780274,29184762,61929626,68932890,15856896,83415560,30307602,30949956,83566853,39002941,66537571,45174696,11810698,41685659,7442273,65013963,57117744,15310758,33563674,11787440,1265692,79095176,36870497,14055682,2278971,15543418,38890239,17939858,82665018,70813317,62916777,95209334,60718543,11783413,50697716,48571529,61464849,33924875,3976736,12519536,67838895,94910904,99424544,49736716,21732568,31438596,12460823,19454275,45145951,74784420,95932862,63637656,17546658,57481869,17285643,38303034,44493495,71438987,75942985,37672516,99080373,24227690,86621240,57405423,12444552,26033959,42278540,98498772,30753641,74844186,83407563,45894502,63075476,52437184,21381479
8148248,13565073,6142833,88146130,37339354,72938651,33909689,16127249,32709354,6438845,12324754,3545579,65052426,60928754,43015626,55838957,25811312,66143179,86505431,13974144,57161412,37193422,85373004,58589203,42780274,36290666,29184762,68932890,61929626,15856896,83415560,30307602,30949956,83566853,39002941,66537571,45174696,11810698,7442273,41685659,15310758,65013963,57117744,33563674,79095176,11787440,1265692,15543418,36870497,2278971,14055682,17939858,82665018,38890239,70813317,62916777,95209334,60718543,11783413,3976736,61464849,50697716,48571529,33924875,67838895,12519536,94910904,99424544,31438596,21732568,49736716,45145951,19454275,74784420,95932862,12460823,17546658,17285643,44493495,57481869,63637656,71438987,38303034,37672516,86621240,42278540,57405423,74844186,26033959,75942985,99080373,24227690,12444552,83407563,30753641,21381479,98498772,45894502,63075476,19622294
8148248,13565073,6142833,88146130,37339354,72938651,33909689,16127249,32709354,6438845,12324754,3545579,65052426,60928754,43015626,55838957,25811312,66143179,13974144,86505431,57161412,85373004,42780274,36290666,37193422,58589203,68932890,29184762,61929626,15856896,83415560,30949956,30307602,83566853,66537571,39002941,7442273,15310758,11810698,45174696,41685659,33563674,79095176,65013963,57117744,11787440,15543418,1265692,36870497,2278971,14055682,17939858,62916777,82665018,95209334,70813317,38890239,3976736,11783413,60718543,67838895,61464849,33924875,50697716,48571529,99424544,31438596,94910904,12519536,21732568,45145951,74784420,19454275,49736716,95932862,17546658,12460823,17285643,44493495,74844186,42278540,71438987,57481869,86621240,37672516,38303034,57405423,26033959,63637656,12444552,83407563,99080373,75942985,24227690,21381479,19622294,30753641,63075476,45894502,98498772
8148248,13565073,6142833,88146130,37339354,33909689,72938651,16127249,3545579,32709354,6438845,65052426,12324754,60928754,43015626,55838957,13974144,25811312,86505431,66143179,85373004,42780274,57161412,36290666,37193422,68932890,58589203,29184762,15856896,61929626,83415560,30949956,30307602,66537571,15310758,83566853,39002941,7442273,11810698,41685659,45174696,33563674,79095176,15543418,65013963,11787440,1265692,57117744,2278971,36870497,14055682,62916777,95209334,17939858,82665018,70813317,38890239,3976736,67838895,11783413,60718543,33924875,61464849,31438596,99424544,94910904,50697716,48571529,21732568,45145951,12519536,74784420,17546658,95932862,19454275,49736716,74844186,17285643,42278540,12460823,44493495,86621240,71438987,37672516,26033959,57481869,57405423,38303034,83407563,19622294,21381479,12444552,99080373,63637656,24227690,75942985,30753641,63075476,45894502,55887153
8148248,13565073,6142833,88146130,37339354,33909689,72938651,16127249,3545579,65052426,32709354,6438845,12324754,60928754,43015626,55838957,13974144,25811312,86505431,66143179,42780274,85373004,36290666,57161412,68932890,37193422,58589203,29184762,15856896,61929626,83415560,30949956,30307602,15310758,66537571,7442273,39002941,83566853,79095176,15543418,33563674,11810698,41685659,45174696,65013963,11787440,1265692,57117744,2278971,36870497,14055682,62916777,95209334,17939858,82665018,70813317,3976736,38890239,67838895,31438596,11783413,33924875,99424544,61464849,60718543,94910904,45145951,21732568,17546658,74784420,95932862,50697716,19454275,74844186,48571529,12519536,42278540,49736716,17285643,44493495,12460823,86621240,71438987,26033959,37672516,19622294,57405423,57481869,83407563,21381479,38303034,12444552,99080373,67858128,24227690,30753641,75942985,63637656,62440979,63075476
8148248,13565073,6142833,88146130,37339354,33909689,72938651,16127249,3545579,65052426,32709354,6438845,60928754,12324754,55838957,43015626,13974144,86505431,25811312,42780274,66143179,85373004,36290666,68932890,57161412,58589203,37193422,29184762,15856896,61929626,30949956,83415560,15310758,30307602,66537571,7442273,15543418,79095176,39002941,33563674,83566853,41685659,11810698,45174696,65013963,1265692,11787440,2278971,36870497,57117744,95209334,62916777,14055682,3976736,82665018,17939858,70813317,67838895,38890239,31438596,99424544,33924875,11783413,17546658,45145951,94910904,74844186,74784420,21732568,61464849,95932862,60718543,19454275,42278540,12519536,50697716,48571529,17285643,49736716,44493495,19622294,86621240,12460823,26033959,71438987,37672516,83407563,21381479,57405423,57481869,67858128,38303034,12444552,62440979,99080373,30753641,55887153,63075476,24227690,54346692
8148248,13565073,6142833,88146130,37339354,33909689,72938651,16127249,3545579,65052426,32709354,60928754,6438845,12324754,55838957,43015626,13974144,42780274,86505431,25811312,85373004,66143179,36290666,68932890,57161412,58589203,37193422,15856896,29184762,30949956,61929626,83415560,15310758,15543418,30307602,79095176,66537571,7442273,33563674,39002941,83566853,41685659,11810698,45174696,1265692,11787440,65013963,2278971,36870497,95209334,3976736,57117744,62916777,14055682,67838895,82665018,17939858,70813317,31438596,38890239,99424544,74844186,17546658,33924875,45145951,74784420,94910904,21732568,11783413,95932862,61464849,42278540,19454275,60718543,12519536,17285643,50697716,44493495,48571529,49736716,19622294,86621240,26033959,12460823,71438987,37672516,21381479,83407563,67858128,57405423,57481869,12444552,62440979,38303034,55887153,30753641,54346692,63075476,99080373,24227690
8148248,13565073,6142833,88146130,37339354,33909689,16127249,72938651,3545579,65052426,60928754,32709354,6438845,55838957,12324754,43015626,13974144,42780274,86505431,25811312,85373004,66143179,36290666,68932890,57161412,15856896,58589203,29184762,37193422,30949956,61929626,15310758,83415560,15543418,79095176,66537571,7442273,30307602,33563674,39002941,41685659,83566853,11810698,1265692,45174696,11787440,2278971,65013963,3976736,36870497,95209334,62916777,67838895,57117744,14055682,82665018,17939858,70813317,31438596,74844186,99424544,17546658,45145951,38890239,74784420,33924875,94910904,21732568,42278540,95932862,19454275,61464849,11783413,17285643,19622294,12519536,44493495,60718543,49736716,50697716,48571529,86621240,67858128,26033959,21381479,83407563,71438987,37672516,12460823,57405423,62440979,57481869,12444552,38303034,55887153,54346692,30753641,63075476,99080373,82230846
8148248,13565073,6142833,88146130,37339354,33909689,16127249,72938651,3545579,65052426,60928754,55838957,32709354,6438845,43015626,12324754,13974144,42780274,86505431,85373004,25811312,36290666,66143179,68932890,57161412,15856896,58589203,29184762,37193422,30949956,15543418,15310758,83415560,61929626,79095176,7442273,66537571,33563674,30307602,39002941,41685659,11810698,83566853,1265692,3976736,2278971,11787440,45174696,65013963,36870497,95209334,67838895,62916777,14055682,57117744,31438596,74844186,82665018,17939858,70813317,99424544,17546658,45145951,74784420,42278540,33924875,94910904,21732568,95932862,38890239,19454275,19622294,61464849,11783413,17285643,44493495,67858128,12519536,86621240,49736716,21381479,26033959,50697716,83407563,60718543,48571529,71438987,37672516,12460823,57405423,62440979,57481869,12444552,54346692,55887153,38303034,82230846,30753641,63075476,82748933
8148248,13565073,6142833,88146130,37339354,33909689,16127249,72938651,3545579,65052426,55838957,60928754,43015626,32709354,6438845,13974144,12324754,42780274,86505431,85373004,36290666,25811312,68932890,66143179,57161412,15856896,15543418,29184762,58589203,15310758,37193422,30949956,79095176,83415560,61929626,33563674,7442273,66537571,30307602,39002941,41685659,3976736,11810698,83566853,2278971,1265692,11787440,67838895,95209334,36870497,45174696,65013963,62916777,74844186,14055682,31438596,57117744,82665018,17546658,17939858,99424544,70813317,45145951,42278540,74784420,95932862,33924875,21732568,94910904,19454275,19622294,38890239,67858128,17285643,61464849,44493495,11783413,12519536,21381479,86621240,26033959,83407563,49736716,71438987,37672516,50697716,48571529,60718543,57405423,62440979,12460823,57481869,12444552,54346692,55887153,82230846,38303034,82748933,63075476,30753641
8148248,13565073,6142833,88146130,33909689,37339354,16127249,72938651,65052426,3545579,55838957,60928754,43015626,13974144,32709354,6438845,42780274,12324754,86505431,85373004,36290666,25811312,68932890,66143179,15856896,15543418,57161412,15310758,29184762,58589203,30949956,37193422,79095176,83415560,61929626,33563674,7442273,66537571,30307602,3976736,39002941,41685659,11810698,2278971,67838895,1265692,83566853,95209334,11787440,36870497,62916777,65013963,74844186,45174696,31438596,14055682,17546658,99424544,82665018,45145951,57117744,42278540,70813317,17939858,74784420,95932862,21732568,94910904,33924875,19622294,19454275,67858128,17285643,38890239,44493495,61464849,21381479,11783413,86621240,26033959,12519536,83407563,49736716,71438987,37672516,62440979,57405423,50697716,12460823,48571529,60718543,54346692,82230846,57481869,12444552,55887153,82748933,63533000,38303034,63075476
8148248,13565073,6142833,88146130,33909689,37339354,16127249,72938651,65052426,3545579,55838957,60928754,43015626,13974144,32709354,42780274,6438845,12324754,86505431,85373004,36290666,68932890,25811312,66143179,15543418,15856896,57161412,15310758,29184762,30949956,79095176,58589203,37193422,83415560,33563674,61929626,7442273,66537571,3976736,30307602,39002941,67838895,41685659,2278971,11810698,1265692,95209334,74844186,83566853,11787440,62916777,36870497,65013963,31438596,45174696,17546658,14055682,99424544,42278540,45145951,74784420,82665018,70813317,17939858,57117744,19622294,95932862,67858128,21732568,94910904,33924875,19454275,17285643,44493495,38890239,61464849,21381479,86621240,26033959,83407563,11783413,12519536,49736716,62440979,71438987,37672516,57405423,50697716,12460823,48571529,82230846,54346692,60718543,63533000,82748933,55887153,12444552,57481869,71827655,38303034
8148248,13565073,6142833,88146130,33909689,37339354,16127249,72938651,65052426,3545579,55838957,60928754,43015626,13974144,42780274,32709354,6438845,86505431,85373004,36290666,12324754,68932890,25811312,66143179,15543418,15856896,15310758,57161412,79095176,30949956,29184762,58589203,37193422,83415560,33563674,7442273,61929626,66537571,3976736,30307602,67838895,39002941,2278971,74844186,41685659,95209334,1265692,11810698,62916777,11787440,36870497,83566853,31438596,17546658,65013963,45174696,42278540,99424544,45145951,14055682,74784420,67858128,19622294,82665018,95932862,70813317,17939858,21732568,94910904,57117744,33924875,19454275,17285643,44493495,21381479,61464849,86621240,83407563,38890239,26033959,62440979,12519536,11783413,71438987,37672516,49736716,57405423,82230846,63533000,12460823,54346692,50697716,82748933,48571529,55887153,71827655,12444552,60718543,57481869,60156343
8148248,13565073,6142833,88146130,33909689,37339354,16127249,55838957,65052426,72938651,3545579,13974144,43015626,60928754,42780274,32709354,6438845,86505431,85373004,36290666,68932890,12324754,25811312,66143179,15543418,15310758,15856896,79095176,57161412,30949956,29184762,58589203,33563674,83415560,37193422,7442273,3976736,61929626,66537571,67838895,74844186,30307602,2278971,39002941,95209334,41685659,1265692,62916777,11810698,31438596,36870497,11787440,17546658,83566853,42278540,65013963,99424544,45145951,67858128,74784420,45174696,19622294,14055682,95932862,82665018,21732568,70813317,94910904,17939858,19454275,33924875,57117744,17285643,44493495,21381479,83407563,86621240,26033959,61464849,62440979,38890239,12519536,71438987,37672516,11783413,49736716,63533000,82230846,57405423,82748933,54346692,12460823,71827655,55887153,50697716,48571529,12444552,77700351,60156343,57481869
8148248,13565073,6142833,88146130,33909689,16127249,37339354,55838957,65052426,3545579,72938651,13974144,43015626,60928754,42780274,32709354,85373004,86505431,36290666,6438845,68932890,25811312,15543418,12324754,66143179,15310758,15856896,79095176,30949956,57161412,29184762,58589203,33563674,83415560,3976736,37193422,7442273,66537571,61929626,67838895,74844186,30307602,2278971,95209334,39002941,31438596,1265692,41685659,62916777,17546658,11810698,36870497,11787440,42278540,67858128,83566853,99424544,45145951,19622294,74784420,65013963,45174696,95932862,14055682,21732568,82665018,94910904,19454275,70813317,33924875,17939858,17285643,44493495,57117744,21381479,83407563,86621240,26033959,62440979,61464849,63533000,71438987,38890239,37672516,82230846,12519536,49736716,11783413,57405423,71827655,82748933,54346692,77700351,12460823,55887153,60156343,50697716,23453615,95138188,12444552
8148248,13565073,6142833,88146130,33909689,16127249,37339354,55838957,65052426,3545579,72938651,13974144,43015626,60928754,42780274,85373004,86505431,36290666,68932890,32709354,6438845,15543418,25811312,66143179,12324754,15310758,79095176,15856896,30949956,57161412,29184762,3976736,33563674,58589203,83415560,7442273,37193422,67838895,74844186,66537571,61929626,2278971,95209334,30307602,31438596,39002941,1265692,62916777,17546658,41685659,42278540,36870497,67858128,11810698,11787440,99424544,19622294,45145951,74784420,83566853,65013963,95932862,14055682,21732568,45174696,94910904,19454275,82665018,33924875,70813317,17285643,17939858,44493495,21381479,83407563,57117744,86621240,26033959,62440979,63533000,61464849,82230846,71438987,37672516,71827655,12519536,38890239,49736716,82748933,57405423,77700351,11783413,54346692,95138188,55887153,12460823,60156343,23453615,82552341,12444552
8148248,13565073,6142833,88146130,33909689,16127249,37339354,55838957,65052426,3545579,13974144,72938651,43015626,42780274,60928754,85373004,86505431,36290666,68932890,15543418,32709354,6438845,25811312,66143179,12324754,15310758,79095176,15856896,30949956,3976736,57161412,29184762,33563674,58589203,83415560,67838895,74844186,7442273,37193422,66537571,61929626,95209334,2278971,31438596,17546658,30307602,62916777,67858128,42278540,1265692,39002941,41685659,36870497,19622294,11787440,99424544,45145951,11810698,74784420,83566853,95932862,65013963,21732568,14055682,94910904,19454275,45174696,33924875,82665018,17285643,70813317,17939858,21381479,44493495,83407563,62440979,63533000,26033959,86621240,57117744,82230846,71827655,61464849,71438987,37672516,77700351,82748933,95138188,12519536,57405423,49736716,54346692,38890239,11783413,60156343,55887153,23453615,12460823,82552341,12444552
8148248,13565073,6142833,88146130,33909689,16127249,37339354,55838957,65052426,3545579,13974144,43015626,72938651,42780274,60928754,15543418,85373004,68932890,36290666,86505431,32709354,6438845,25811312,66143179,15310758,12324754,79095176,15856896,30949956,3976736,33563674,57161412,29184762,74844186,67838895,83415560,58589203,7442273,37193422,66537571,61929626,95209334,31438596,2278971,17546658,67858128,42278540,62916777,30307602,1265692,19622294,39002941,36870497,41685659,99424544,45145951,74784420,11787440,11810698,95932862,83566853,21732568,65013963,19454275,94910904,14055682,17285643,33924875,82665018,45174696,21381479,70813317,44493495,17939858,63533000,83407563,62440979,26033959,86621240,71827655,82230846,77700351,95138188,57117744,61464849,82748933,71438987,37672516,57405423,54346692,12519536,49736716,60156343,38890239,23453615,11783413,55887153,12460823,82552341,47503339
8148248,13565073,6142833,33909689,88146130,16127249,55838957,37339354,65052426,3545579,13974144,42780274,43015626,72938651,60928754,15543418,85373004,68932890,36290666,86505431,32709354,25811312,6438845,66143179,15310758,79095176,12324754,15856896,3976736,30949956,33563674,74844186,57161412,67838895,29184762,83415560,7442273,58589203,66537571,37193422,31438596,95209334,67858128,61929626,2278971,17546658,42278540,19622294,62916777,1265692,30307602,45145951,99424544,39002941,36870497,74784420,41685659,11787440,11810698,95932862,21732568,19454275,94910904,83566853,65013963,14055682,17285643,33924875,21381479,63533000,82665018,44493495,70813317,45174696,62440979,83407563,17939858,71827655,26033959,86621240,82230846,95138188,77700351,82748933,37672516,71438987,61464849,57117744,54346692,57405423,60156343,12519536,49736716,23453615,55887153,22927680,38890239,47503339,11783413,82552341
8148248,13565073,6142833,33909689,88146130,16127249,55838957,37339354,65052426,13974144,3545579,42780274,43015626,72938651,60928754,15543418,85373004,68932890,36290666,86505431,32709354,25811312,66143179,15310758,6438845,79095176,12324754,15856896,3976736,30949956,74844186,33563674,67838895,57161412,29184762,7442273,83415560,58589203,66537571,67858128,31438596,37193422,95209334,17546658,42278540,2278971,61929626,19622294,62916777,45145951,99424544,1265692,74784420,30307602,36870497,39002941,41685659,11787440,95932862,11810698,21732568,19454275,94910904,17285643,63533000,65013963,83566853,21381479,14055682,33924875,44493495,82665018,62440979,71827655,95138188,83407563,70813317,77700351,45174696,82230846,26033959,17939858,86621240,82748933,37672516,71438987,61464849,54346692,60156343,22927680,57117744,57405423,23453615,12519536,49736716,47503339,55887153,95873742,44054712,82552341
8148248,13565073,6142833,33909689,88146130,16127249,55838957,65052426,13974144,37339354,3545579,42780274,43015626,15543418,60928754,72938651,68932890,85373004,36290666,86505431,25811312,15310758,32709354,79095176,66143179,6438845,3976736,15856896,12324754,74844186,30949956,67838895,33563674,57161412,29184762,7442273,83415560,67858128,58589203,31438596,66537571,17546658,42278540,95209334,37193422,2278971,19622294,61929626,62916777,45145951,99424544,74784420,1265692,36870497,30307602,39002941,41685659,95932862,11787440,11810698,21732568,19454275,63533000,94910904,17285643,21381479,95138188,33924875,71827655,65013963,44493495,14055682,77700351,83566853,62440979,83407563,82665018,82230846,70813317,26033959,86621240,17939858,45174696,82748933,22927680,37672516,71438987,60156343,54346692,61464849,57405423,23453615,44054712,47503339,95873742,57117744,49736716,12519536,55887153,93671396
8148248,13565073,6142833,33909689,88146130,16127249,55838957,13974144,65052426,37339354,3545579,42780274,43015626,15543418,60928754,72938651,68932890,85373004,36290666,86505431,15310758,25811312,79095176,32709354,66143179,6438845,3976736,15856896,74844186,12324754,30949956,67838895,33563674,57161412,29184762,7442273,67858128,83415560,31438596,58589203,17546658,66537571,42278540,95209334,19622294,2278971,37193422,62916777,61929626,45145951,99424544,74784420,1265692,36870497,95932862,30307602,39002941,41685659,11787440,21732568,63533000,11810698,95138188,19454275,94910904,17285643,21381479,71827655,77700351,33924875,44493495,62440979,14055682,65013963,83407563,82230846,83566853,82665018,26033959,86621240,70813317,22927680,82748933,17939858,45174696,60156343,37672516,71438987,54346692,44054712,23453615,61464849,47503339,95873742,57405423,93671396,49736716,55887153,12519536,82552341
8148248,13565073,6142833,33909689,88146130,16127249,55838957,13974144,65052426,42780274,3545579,37339354,43015626,15543418,60928754,68932890,72938651,85373004,36290666,86505431,15310758,79095176,25811312,66143179,32709354,3976736,6438845,74844186,15856896,67838895,30949956,12324754,33563674,67858128,29184762,57161412,7442273,31438596,83415560,17546658,42278540,19622294,66537571,58589203,95209334,2278971,37193422,45145951,62916777,99424544,74784420,61929626,1265692,36870497,95932862,30307602,95138188,63533000,39002941,41685659,11787440,21732568,19454275,77700351,71827655,94910904,11810698,21381479,17285643,62440979,44493495,33924875,82230846,83407563,14055682,22927680,65013963,26033959,86621240,83566853,82665018,82748933,70813317,17939858,60156343,45174696,44054712,54346692,37672516,71438987,23453615,95873742,47503339,93671396,57405423,61464849,82552341,55887153,49736716,26245439
8148248,13565073,6142833,33909689,88146130,55838957,16127249,13974144,65052426,42780274,3545579,15543418,43015626,37339354,60928754,68932890,85373004,36290666,86505431,72938651,15310758,79095176,25811312,3976736,66143179,74844186,32709354,6438845,15856896,67838895,30949956,33563674,12324754,67858128,7442273,29184762,31438596,57161412,42278540,17546658,83415560,19622294,95209334,66537571,58589203,2278971,45145951,99424544,74784420,62916777,37193422,61929626,1265692,95138188,95932862,36870497,63533000,77700351,71827655,30307602,21732568,39002941,11787440,41685659,19454275,21381479,94910904,17285643,11810698,62440979,22927680,82230846,44493495,33924875,83407563,26033959,14055682,86621240,65013963,82748933,82665018,83566853,70813317,60156343,17939858,44054712,54346692,95873742,47503339,37672516,71438987,23453615,45174696,93671396,57405423,85016043,61464849,82552341,26245439,55887153
8148248,13565073,6142833,33909689,88146130,55838957,16127249,13974144,65052426,42780274,15543418,3545579,43015626,37339354,60928754,68932890,85373004,36290666,86505431,72938651,15310758,79095176,3976736,25811312,74844186,66143179,32709354,67838895,6438845,15856896,30949956,33563674,67858128,12324754,31438596,7442273,42278540,17546658,19622294,29184762,57161412,83415560,95209334,66537571,2278971,58589203,45145951,99424544,74784420,62916777,95138188,37193422,63533000,61929626,95932862,1265692,36870497,77700351,71827655,21732568,19454275,11787440,30307602,39002941,41685659,21381479,22927680,94910904,17285643,62440979,82230846,11810698,44493495,83407563,33924875,26033959,82748933,86621240,14055682,65013963,82665018,44054712,60156343,70813317,83566853,95873742,93671396,17939858,47503339,54346692,23453615,37672516,71438987,85016043,45174696,57405423,29611134,26245439,11288006,82552341
8148248,13565073,6142833,33909689,55838957,88146130,16127249,13974144,42780274,65052426,15543418,3545579,43015626,37339354,68932890,60928754,85373004,36290666,86505431,72938651,79095176,15310758,3976736,74844186,25811312,66143179,67838895,32709354,15856896,6438845,30949956,33563674,67858128,12324754,31438596,42278540,17546658,19622294,7442273,29184762,57161412,83415560,95209334,66537571,2278971,45145951,58589203,95138188,99424544,74784420,62916777,63533000,37193422,77700351,95932862,71827655,1265692,61929626,36870497,22927680,21732568,19454275,21381479,11787440,17285643,94910904,41685659,30307602,39002941,62440979,82230846,44493495,83407563,11810698,33924875,82748933,26033959,86621240,44054712,14055682,60156343,65013963,82665018,95873742,93671396,70813317,47503339,85016043,83566853,23453615,54346692,17939858,37672516,71438987,29611134,11288006,65370546,26245439,5923793,82552341
8148248,13565073,6142833,33909689,55838957,88146130,16127249,13974144,15543418,42780274,65052426,3545579,43015626,37339354,68932890,60928754,36290666,85373004,86505431,79095176,15310758,72938651,3976736,74844186,25811312,66143179,67838895,32709354,15856896,67858128,6438845,30949956,33563674,31438596,42278540,19622294,17546658,12324754,7442273,29184762,95209334,57161412,83415560,95138188,66537571,2278971,45145951,74784420,99424544,58589203,62916777,63533000,77700351,71827655,95932862,22927680,37193422,1265692,36870497,61929626,21732568,21381479,19454275,17285643,82230846,94910904,62440979,11787440,41685659,39002941,30307602,44493495,83407563,33924875,82748933,11810698,26033959,44054712,86621240,60156343,85016043,14055682,93671396,95873742,47503339,65013963,82665018,70813317,23453615,54346692,65370546,11288006,29611134,83566853,37672516,17939858,71438987,5923793,26245439,82552341
8148248,13565073,6142833,33909689,55838957,88146130,16127249,13974144,15543418,42780274,65052426,3545579,43015626,68932890,37339354,36290666,85373004,60928754,86505431,79095176,15310758,3976736,74844186,72938651,25811312,67838895,66143179,67858128,15856896,32709354,33563674,30949956,6438845,31438596,42278540,19622294,17546658,7442273,12324754,95138188,95209334,29184762,83415560,57161412,45145951,2278971,66537571,74784420,99424544,63533000,77700351,62916777,58589203,71827655,22927680,95932862,37193422,1265692,36870497,21732568,61929626,21381479,19454275,82230846,62440979,17285643,94910904,11787440,41685659,44493495,39002941,83407563,30307602,82748933,33924875,44054712,26033959,11810698,85016043,86621240,60156343,93671396,95873742,47503339,65370546,14055682,23453615,82665018,11288006,54346692,65013963,29611134,5923793,70813317,37672516,26245439,71438987,17939858,83566853,9796620
8148248,13565073,6142833,33909689,55838957,16127249,88146130,13974144,15543418,42780274,65052426,43015626,3545579,68932890,36290666,85373004,60928754,37339354,86505431,79095176,15310758,3976736,74844186,72938651,67838895,25811312,66143179,67858128,15856896,33563674,32709354,30949956,6438845,19622294,42278540,31438596,17546658,95138188,7442273,12324754,95209334,29184762,83415560,45145951,57161412,63533000,2278971,74784420,99424544,77700351,66537571,22927680,71827655,62916777,58589203,95932862,1265692,36870497,37193422,21732568,21381479,19454275,82230846,62440979,61929626,17285643,94910904,11787440,44493495,83407563,44054712,41685659,82748933,39002941,85016043,30307602,33924875,26033959,93671396,86621240,65370546,60156343,95873742,11810698,47503339,11288006,23453615,14055682,5923793,29611134,54346692,82665018,65013963,70813317,26245439,37672516,9796620,71438987,82552341,17939858
8148248,13565073,6142833,33909689,55838957,16127249,88146130,13974144,15543418,42780274,65052426,43015626,3545579,68932890,36290666,85373004,60928754,86505431,37339354,74844186,79095176,3976736,15310758,72938651,67838895,25811312,67858128,66143179,15856896,33563674,30949956,32709354,19622294,42278540,31438596,6438845,17546658,95138188,7442273,95209334,12324754,45145951,63533000,77700351,29184762,22927680,83415560,74784420,99424544,2278971,57161412,71827655,66537571,62916777,95932862,58589203,21381479,21732568,1265692,82230846,36870497,19454275,62440979,37193422,17285643,94910904,61929626,44054712,85016043,44493495,83407563,82748933,11787440,65370546,41685659,93671396,39002941,33924875,26033959,30307602,95873742,60156343,86621240,47503339,11288006,11810698,5923793,29611134,23453615,54346692,14055682,26245439,9796620,82665018,70813317,65013963,37672516,71438987,82552341,49967823
8148248,13565073,6142833,33909689,55838957,16127249,15543418,13974144,88146130,42780274,65052426,43015626,3545579,68932890,36290666,85373004,74844186,60928754,3976736,86505431,79095176,15310758,37339354,67838895,67858128,72938651,25811312,66143179,15856896,33563674,30949956,19622294,42278540,32709354,31438596,17546658,95138188,6438845,7442273,95209334,22927680,77700351,63533000,45145951,74784420,12324754,71827655,29184762,99424544,83415560,2278971,57161412,66537571,62916777,95932862,58589203,82230846,21381479,21732568,62440979,1265692,19454275,36870497,17285643,85016043,44054712,37193422,94910904,65370546,61929626,83407563,44493495,82748933,93671396,11787440,95873742,60156343,26033959,33924875,41685659,47503339,39002941,86621240,11288006,30307602,5923793,29611134,23453615,11810698,54346692,26245439,9796620,14055682,49967823,82665018,37672516,82552341,71438987,70813317,41030832
8148248,13565073,6142833,33909689,55838957,15543418,16127249,13974144,88146130,42780274,65052426,43015626,3545579,68932890,36290666,85373004,74844186,3976736,79095176,86505431,60928754,15310758,37339354,67838895,67858128,25811312,72938651,66143179,15856896,33563674,19622294,30949956,42278540,95138188,31438596,17546658,32709354,6438845,22927680,77700351,7442273,63533000,95209334,45145951,71827655,74784420,99424544,2278971,29184762,83415560,12324754,66537571,57161412,62916777,95932862,58589203,82230846,21381479,21732568,85016043,62440979,19454275,1265692,65370546,36870497,44054712,17285643,94910904,37193422,82748933,83407563,44493495,93671396,61929626,95873742,60156343,11787440,47503339,26033959,11288006,5923793,33924875,86621240,41685659,29611134,39002941,30307602,23453615,11810698,54346692,26245439,9796620,49967823,14055682,41030832,95033301,82552341,37672516,82665018,71438987
8148248,13565073,6142833,33909689,55838957,15543418,13974144,16127249,88146130,42780274,65052426,43015626,3545579,68932890,74844186,36290666,85373004,3976736,79095176,86505431,15310758,60928754,37339354,67838895,67858128,25811312,72938651,66143179,15856896,95138188,33563674,19622294,42278540,30949956,31438596,17546658,32709354,22927680,77700351,6438845,63533000,7442273,95209334,71827655,45145951,74784420,99424544,2278971,29184762,83415560,12324754,66537571,57161412,62916777,95932862,82230846,85016043,21381479,65370546,58589203,62440979,21732568,44054712,19454275,17285643,1265692,36870497,94910904,93671396,82748933,83407563,44493495,95873742,37193422,60156343,5923793,11288006,47503339,61929626,26033959,29611134,11787440,33924875,86621240,41685659,39002941,23453615,30307602,9796620,26245439,54346692,41030832,49967823,11810698,95033301,14055682,82552341,37672516,71438987,82665018
8148248,13565073,6142833,33909689,55838957,15543418,13974144,16127249,42780274,88146130,65052426,43015626,3545579,74844186,68932890,3976736,36290666,85373004,79095176,15310758,86505431,60928754,67838895,67858128,37339354,25811312,72938651,66143179,95138188,19622294,33563674,42278540,15856896,31438596,17546658,30949956,22927680,77700351,32709354,63533000,6438845,71827655,95209334,7442273,45145951,74784420,99424544,2278971,83415560,29184762,66537571,95932862,62916777,12324754,57161412,85016043,65370546,82230846,21381479,44054712,62440979,21732568,19454275,58589203,17285643,36870497,1265692,93671396,94910904,82748933,83407563,95873742,44493495,5923793,11288006,60156343,47503339,29611134,37193422,26033959,61929626,33924875,86621240,11787440,23453615,41685659,41030832,39002941,9796620,26245439,95033301,49967823,54346692,30307602,11810698,82552341,14055682,37672516,59414892,71438987
8148248,13565073,6142833,55838957,33909689,15543418,13974144,16127249,42780274,88146130,65052426,43015626,3545579,74844186,68932890,3976736,36290666,85373004,79095176,15310758,86505431,60928754,67858128,67838895,37339354,95138188,25811312,66143179,19622294,72938651,42278540,33563674,15856896,31438596,17546658,22927680,30949956,77700351,63533000,32709354,71827655,95209334,45145951,6438845,7442273,74784420,99424544,2278971,83415560,29184762,85016043,65370546,95932862,62916777,66537571,57161412,12324754,82230846,44054712,21381479,62440979,21732568,19454275,17285643,93671396,58589203,82748933,36870497,1265692,94910904,95873742,5923793,11288006,83407563,44493495,47503339,60156343,29611134,26033959,37193422,86621240,33924875,61929626,11787440,41030832,23453615,9796620,95033301,26245439,49967823,41685659,39002941,54346692,30307602,59414892,82552341,11810698,58970546,37672516,28436477
8148248,13565073,6142833,55838957,33909689,15543418,13974144,16127249,42780274,88146130,65052426,43015626,74844186,3545579,3976736,68932890,36290666,79095176,85373004,15310758,86505431,67858128,60928754,67838895,37339354,95138188,25811312,19622294,66143179,42278540,22927680,33563674,72938651,31438596,17546658,15856896,30949956,77700351,63533000,71827655,32709354,95209334,45145951,7442273,74784420,6438845,99424544,2278971,65370546,85016043,95932862,83415560,29184762,62916777,66537571,82230846,44054712,57161412,21381479,12324754,62440979,21732568,93671396,19454275,17285643,5923793,82748933,11288006,95873742,58589203,94910904,36870497,1265692,83407563,47503339,29611134,44493495,60156343,26033959,41030832,86621240,33924875,23453615,95033301,37193422,9796620,11787440,61929626,49967823,26245439,54346692,41685659,59414892,39002941,28436477,82552341,30307602,58970546,23834979,36431527
8148248,13565073,6142833,55838957,33909689,15543418,13974144,16127249,42780274,88146130,65052426,43015626,74844186,3545579,3976736,68932890,79095176,36290666,85373004,15310758,86505431,67858128,67838895,60928754,95138188,37339354,19622294,25811312,22927680,42278540,66143179,31438596,17546658,33563674,15856896,72938651,77700351,30949956,63533000,71827655,45145951,32709354,95209334,74784420,7442273,99424544,65370546,6438845,85016043,2278971,95932862,83415560,62916777,44054712,82230846,29184762,66537571,21381479,62440979,57161412,93671396,12324754,21732568,19454275,5923793,17285643,11288006,95873742,82748933,29611134,94910904,47503339,83407563,36870497,60156343,58589203,1265692,44493495,41030832,26033959,95033301,86621240,23453615,9796620,33924875,49967823,26245439,37193422,11787440,59414892,61929626,28436477,54346692,41685659,39002941,23834979,82552341,58970546,36431527,30307602
8148248,13565073,6142833,55838957,33909689,15543418,13974144,42780274,16127249,88146130,65052426,74844186,43015626,3976736,3545579,68932890,79095176,36290666,85373004,15310758,67858128,86505431,67838895,60928754,95138188,22927680,19622294,37339354,42278540,25811312,17546658,31438596,66143179,33563674,77700351,15856896,63533000,72938651,30949956,71827655,45145951,95209334,65370546,74784420,32709354,85016043,7442273,99424544,6438845,2278971,95932862,44054712,82230846,62916777,83415560,29184762,66537571,21381479,62440979,93671396,5923793,57161412,21732568,11288006,19454275,95873742,17285643,12324754,82748933,29611134,47503339,83407563,60156343,94910904,36870497,44493495,41030832,1265692,58589203,95033301,26033959,9796620,23453615,86621240,49967823,59414892,28436477,26245439,33924875,11787440,37193422,54346692,61929626,23834979,41685659,58970546,82552341,14149344,39002941,36431527
8148248,13565073,6142833,55838957,15543418,33909689,13974144,42780274,16127249,88146130,74844186,65052426,43015626,3976736,3545579,68932890,79095176,36290666,85373004,15310758,67858128,67838895,86505431,95138188,60928754,22927680,19622294,42278540,37339354,25811312,17546658,31438596,77700351,33563674,66143179,63533000,15856896,30949956,71827655,72938651,65370546,45145951,85016043,95209334,74784420,99424544,7442273,32709354,2278971,6438845,44054712,95932862,82230846,62916777,83415560,21381479,66537571,93671396,62440979,29184762,5923793,11288006,21732568,95873742,19454275,57161412,82748933,17285643,29611134,47503339,12324754,60156343,41030832,83407563,94910904,44493495,36870497,95033301,1265692,58589203,28436477,59414892,26033959,9796620,49967823,23453615,86621240,26245439,33924875,23834979,54346692,11787440,14149344,37193422,61929626,58970546,82552341,96569379,36431527,41685659
8148248,13565073,6142833,55838957,15543418,33909689,13974144,42780274,16127249,74844186,88146130,65052426,43015626,3976736,3545579,68932890,79095176,67858128,36290666,15310758,85373004,67838895,86505431,95138188,60928754,22927680,19622294,42278540,77700351,17546658,31438596,25811312,37339354,33563674,63533000,66143179,15856896,71827655,30949956,72938651,65370546,85016043,45145951,95209334,74784420,99424544,7442273,32709354,44054712,2278971,95932862,82230846,6438845,62916777,93671396,21381479,5923793,62440979,83415560,11288006,66537571,29184762,95873742,21732568,29611134,82748933,19454275,17285643,47503339,41030832,57161412,60156343,83407563,95033301,94910904,28436477,12324754,44493495,36870497,59414892,1265692,9796620,49967823,58589203,26033959,23453615,26245439,86621240,14149344,33924875,23834979,54346692,96569379,11787440,58970546,36431527,82552341,37193422,23752065,61929626
8148248,13565073,6142833,55838957,15543418,33909689,13974144,42780274,16127249,74844186,65052426,88146130,3976736,43015626,68932890,3545579,79095176,67858128,36290666,15310758,85373004,67838895,95138188,86505431,60928754,22927680,19622294,42278540,77700351,17546658,31438596,25811312,63533000,33563674,37339354,66143179,71827655,15856896,30949956,65370546,85016043,72938651,45145951,74784420,95209334,99424544,7442273,44054712,32709354,82230846,2278971,95932862,93671396,6438845,5923793,62916777,21381479,62440979,11288006,83415560,66537571,95873742,29184762,29611134,82748933,41030832,21732568,19454275,47503339,17285643,28436477,60156343,95033301,57161412,83407563,59414892,94910904,44493495,12324754,36870497,49967823,9796620,1265692,14149344,26033959,23453615,26245439,58589203,86621240,23834979,96569379,33924875,54346692,23752065,58970546,40762426,36431527,11787440,82552341,77192334
8148248,13565073,6142833,15543418,55838957,33909689,13974144,42780274,16127249,74844186,3976736,65052426,43015626,88146130,68932890,67858128,79095176,3545579,15310758,36290666,85373004,67838895,95138188,86505431,22927680,60928754,19622294,42278540,77700351,17546658,31438596,63533000,25811312,33563674,71827655,66143179,37339354,65370546,15856896,30949956,85016043,72938651,45145951,74784420,95209334,99424544,44054712,7442273,82230846,95932862,32709354,2278971,93671396,5923793,11288006,62916777,62440979,21381479,6438845,95873742,29611134,41030832,83415560,66537571,28436477,82748933,29184762,47503339,21732568,19454275,17285643,95033301,60156343,59414892,83407563,57161412,94910904,44493495,14149344,49967823,9796620,36870497,1265692,23453615,12324754,26033959,26245439,96569379,23834979,86621240,58589203,23752065,33924875,40762426,54346692,58970546,36431527,9832662,77192334,38427471
8148248,13565073,6142833,15543418,55838957,33909689,13974144,42780274,16127249,74844186,3976736,65052426,43015626,88146130,67858128,79095176,68932890,3545579,95138188,15310758,36290666,67838895,85373004,22927680,86505431,60928754,19622294,77700351,42278540,17546658,31438596,63533000,71827655,33563674,25811312,65370546,66143179,85016043,15856896,37339354,30949956,45145951,72938651,74784420,95209334,99424544,44054712,7442273,82230846,95932862,5923793,93671396,2278971,11288006,32709354,62440979,21381479,62916777,28436477,95873742,41030832,29611134,6438845,82748933,83415560,47503339,66537571,95033301,59414892,21732568,19454275,29184762,17285643,60156343,14149344,83407563,94910904,49967823,44493495,57161412,9796620,96569379,36870497,23453615,26245439,23752065,23834979,26033959,1265692,12324754,86621240,40762426,58589203,33924875,58970546,54346692,36431527,9832662,15945668,77192334
8148248,13565073,6142833,15543418,55838957,33909689,13974144,42780274,74844186,16127249,3976736,65052426,43015626,67858128,88146130,79095176,68932890,95138188,3545579,15310758,67838895,36290666,85373004,22927680,86505431,19622294,60928754,77700351,42278540,17546658,63533000,31438596,71827655,65370546,33563674,25811312,85016043,66143179,15856896,30949956,37339354,45145951,74784420,95209334,44054712,72938651,99424544,7442273,82230846,5923793,93671396,95932862,11288006,2278971,28436477,62440979,41030832,32709354,21381479,95873742,29611134,62916777,59414892,95033301,82748933,47503339,6438845,83415560,66537571,21732568,14149344,60156343,19454275,17285643,29184762,83407563,96569379,49967823,9796620,94910904,44493495,23752065,57161412,23834979,26245439,23453615,36870497,26033959,40762426,1265692,86621240,12324754,58970546,9832662,33924875,58589203,15945668,54346692,36431527,77192334
8148248,13565073,6142833,15543418,55838957,33909689,13974144,42780274,74844186,16127249,3976736,65052426,67858128,43015626,95138188,79095176,88146130,68932890,67838895,15310758,3545579,36290666,22927680,85373004,86505431,19622294,77700351,60928754,42278540,63533000,17546658,31438596,65370546,71827655,33563674,85016043,25811312,66143179,15856896,30949956,37339354,45145951,74784420,44054712,95209334,99424544,72938651,5923793,82230846,7442273,93671396,28436477,11288006,95932862,2278971,41030832,62440979,29611134,95873742,21381479,59414892,62916777,32709354,95033301,14149344,47503339,82748933,60156343,21732568,19454275,6438845,66537571,83415560,17285643,96569379,29184762,23752065,83407563,49967823,9796620,94910904,44493495,23834979,26245439,23453615,40762426,57161412,26033959,36870497,1265692,86621240,9832662,15945668,58970546,40167168,9268333,36431527,77192334,12324754,33924875
8148248,13565073,6142833,15543418,55838957,33909689,13974144,42780274,74844186,16127249,3976736,67858128,43015626,65052426,95138188,79095176,68932890,88146130,67838895,22927680,15310758,3545579,36290666,85373004,86505431,19622294,77700351,42278540,60928754,63533000,65370546,17546658,31438596,71827655,85016043,33563674,25811312,66143179,15856896,30949956,45145951,37339354,44054712,74784420,95209334,99424544,28436477,5923793,82230846,72938651,93671396,11288006,7442273,41030832,95932862,2278971,29611134,95873742,62440979,59414892,21381479,14149344,95033301,62916777,47503339,82748933,32709354,96569379,60156343,21732568,23752065,19454275,17285643,66537571,83415560,6438845,49967823,83407563,9796620,29184762,23834979,44493495,94910904,40762426,26245439,23453615,26033959,57161412,36870497,40167168,9268333,15945668,86621240,9832662,1265692,58970546,36431527,52367677,77192334,96500043
8148248,13565073,6142833,15543418,55838957,33909689,13974144,42780274,74844186,16127249,3976736,67858128,95138188,43015626,65052426,79095176,22927680,68932890,67838895,88146130,15310758,3545579,36290666,85373004,86505431,19622294,77700351,42278540,65370546,60928754,63533000,17546658,71827655,31438596,85016043,33563674,25811312,66143179,15856896,30949956,45145951,44054712,74784420,37339354,28436477,95209334,99424544,5923793,93671396,82230846,11288006,41030832,72938651,7442273,95932862,59414892,14149344,29611134,95873742,2278971,62440979,95033301,21381479,47503339,96569379,62916777,82748933,23752065,32709354,60156343,21732568,19454275,17285643,49967823,66537571,83415560,9796620,83407563,23834979,40762426,6438845,29184762,44493495,94910904,26245439,23453615,9268333,40167168,26033959,15945668,9832662,57161412,36870497,96500043,86621240,58970546,52367677,1265692,77192334,36431527
8148248,13565073,6142833,15543418,55838957,33909689,13974144,42780274,74844186,3976736,16127249,67858128,95138188,43015626,65052426,22927680,79095176,67838895,68932890,15310758,88146130,36290666,3545579,85373004,86505431,77700351,19622294,42278540,65370546,63533000,60928754,71827655,17546658,31438596,85016043,33563674,25811312,66143179,15856896,30949956,44054712,45145951,28436477,74784420,99424544,95209334,5923793,37339354,93671396,11288006,82230846,41030832,14149344,59414892,95932862,7442273,29611134,72938651,95873742,95033301,62440979,2278971,21381479,96569379,23752065,47503339,82748933,62916777,60156343,32709354,21732568,49967823,19454275,17285643,40762426,9796620,23834979,66537571,83407563,83415560,6438845,44493495,9268333,29184762,26245439,94910904,40167168,23453615,15945668,9832662,96500043,26033959,52367677,58970546,36870497,92729588,86621240,15199580,77192334,57161412
8148248,13565073,6142833,15543418,55838957,33909689,13974144,74844186,42780274,3976736,16127249,95138188,67858128,22927680,43015626,79095176,65052426,67838895,68932890,15310758,88146130,36290666,3545579,85373004,77700351,86505431,19622294,65370546,42278540,63533000,71827655,17546658,85016043,60928754,31438596,33563674,25811312,66143179,44054712,15856896,28436477,30949956,45145951,74784420,5923793,99424544,95209334,93671396,11288006,41030832,82230846,14149344,37339354,59414892,29611134,95932862,95033301,95873742,96569379,7442273,23752065,62440979,72938651,21381479,2278971,47503339,82748933,62916777,60156343,40762426,49967823,21732568,19454275,17285643,23834979,9796620,32709354,83407563,9268333,66537571,40167168,83415560,26245439,44493495,94910904,23453615,15945668,6438845,29184762,96500043,9832662,52367677,92729588,26033959,58970546,15199580,77192334,36431527,15827134,86621240
8148248,13565073,6142833,15543418,55838957,13974144,33909689,74844186,42780274,3976736,95138188,67858128,16127249,22927680,79095176,43015626,65052426,67838895,68932890,15310758,36290666,88146130,3545579,85373004,77700351,19622294,65370546,86505431,42278540,63533000,71827655,85016043,17546658,31438596,60928754,33563674,25811312,28436477,44054712,66143179,15856896,45145951,30949956,74784420,5923793,14149344,99424544,11288006,93671396,41030832,95209334,82230846,59414892,37339354,96569379,29611134,95033301,23752065,95873742,95932862,7442273,62440979,21381479,47503339,2278971,72938651,82748933,62916777,60156343,40762426,49967823,23834979,9796620,9268333,21732568,17285643,19454275,40167168,83407563,32709354,66537571,96500043,26245439,83415560,15945668,44493495,23453615,9832662,94910904,52367677,92729588,29184762,6438845,15827134,26033959,15199580,58970546,77192334,36431527,38427471
8148248,13565073,6142833,15543418,55838957,13974144,33909689,74844186,42780274,3976736,95138188,67858128,16127249,22927680,79095176,43015626,67838895,65052426,68932890,15310758,36290666,85373004,3545579,88146130,77700351,65370546,19622294,86505431,42278540,63533000,85016043,71827655,17546658,31438596,60928754,33563674,28436477,44054712,25811312,15856896,66143179,45145951,5923793,30949956,14149344,74784420,41030832,11288006,93671396,99424544,59414892,95209334,82230846,96569379,23752065,95033301,29611134,95873742,37339354,95932862,62440979,7442273,21381479,47503339,2278971,82748933,40762426,72938651,60156343,62916777,49967823,9268333,23834979,40167168,9796620,21732568,17285643,19454275,96500043,83407563,15945668,26245439,32709354,66537571,92729588,9832662,52367677,83415560,23453615,44493495,15827134,94910904,15199580,29184762,58970546,77192334,6438845,26033959,36431527,38427471
8148248,13565073,6142833,15543418,55838957,13974144,74844186,33909689,42780274,95138188,3976736,67858128,22927680,16127249,79095176,67838895,43015626,65052426,68932890,15310758,36290666,77700351,85373004,3545579,65370546,88146130,19622294,86505431,63533000,42278540,85016043,71827655,17546658,31438596,60928754,28436477,33563674,44054712,25811312,14149344,5923793,45145951,15856896,66143179,30949956,74784420,41030832,11288006,93671396,59414892,99424544,96569379,82230846,23752065,95209334,95033301,29611134,95873742,95932862,62440979,37339354,7442273,47503339,21381479,40762426,2278971,82748933,9268333,60156343,49967823,40167168,23834979,72938651,62916777,9796620,96500043,21732568,17285643,19454275,15945668,83407563,92729588,15827134,26245439,52367677,9832662,23453615,66537571,44493495,32709354,83415560,94910904,88875166,15199580,77192334,58970546,36431527,29184762,26033959,38427471
8148248,13565073,15543418,6142833,55838957,74844186,13974144,33909689,42780274,95138188,3976736,67858128,22927680,16127249,79095176,67838895,43015626,65052426,68932890,15310758,77700351,65370546,36290666,85373004,3545579,19622294,88146130,63533000,85016043,86505431,42278540,71827655,17546658,31438596,60928754,28436477,33563674,44054712,14149344,5923793,25811312,45145951,41030832,59414892,15856896,11288006,66143179,74784420,93671396,30949956,96569379,23752065,99424544,82230846,95209334,95033301,29611134,95873742,95932862,62440979,40762426,47503339,21381479,9268333,7442273,37339354,82748933,2278971,40167168,60156343,23834979,49967823,62916777,9796620,96500043,72938651,15827134,17285643,21732568,15945668,19454275,92729588,52367677,83407563,9832662,88875166,26245439,23453615,44493495,66537571,15199580,94910904,32709354,83415560,77192334,58970546,36431527,38427471,26033959,63174692
8148248,13565073,15543418,6142833,55838957,74844186,13974144,33909689,42780274,95138188,3976736,67858128,22927680,16127249,79095176,67838895,43015626,65052426,68932890,15310758,65370546,77700351,36290666,85373004,19622294,3545579,88146130,85016043,63533000,42278540,71827655,86505431,17546658,31438596,28436477,60928754,33563674,44054712,14149344,5923793,41030832,25811312,59414892,45145951,96569379,23752065,11288006,93671396,74784420,15856896,66143179,30949956,82230846,99424544,95033301,95209334,29611134,95873742,95932862,40762426,9268333,62440979,47503339,21381479,40167168,7442273,82748933,23834979,2278971,37339354,49967823,60156343,96500043,9796620,15827134,62916777,92729588,88875166,15945668,72938651,17285643,21732568,52367677,19454275,9832662,83407563,26245439,23453615,15199580,44493495,77192334,66537571,94910904,58970546,83415560,36431527,32709354,38427471,63174692,58728416
8148248,13565073,15543418,6142833,55838957,74844186,13974144,33909689,42780274,95138188,3976736,22927680,67858128,16127249,67838895,79095176,43015626,65052426,15310758,68932890,65370546,77700351,36290666,19622294,85373004,3545579,85016043,63533000,88146130,42278540,71827655,86505431,17546658,31438596,28436477,60928754,14149344,44054712,33563674,5923793,41030832,59414892,96569379,23752065,11288006,45145951,25811312,93671396,74784420,15856896,66143179,30949956,95033301,82230846,99424544,29611134,95209334,95873742,9268333,40762426,95932862,62440979,47503339,40167168,21381479,23834979,82748933,7442273,49967823,96500043,60156343,15827134,2278971,88875166,9796620,37339354,92729588,15945668,62916777,52367677,9832662,17285643,21732568,19454275,72938651,26245439,83407563,23453615,15199580,44493495,77192334,58970546,94910904,66537571,36431527,63174692,38427471,58728416,83415560,62079757
8148248,13565073,15543418,6142833,55838957,74844186,13974144,95138188,33909689,42780274,22927680,3976736,67858128,16127249,67838895,79095176,43015626,65370546,15310758,77700351,68932890,65052426,36290666,19622294,85016043,85373004,63533000,3545579,71827655,42278540,88146130,86505431,17546658,28436477,31438596,14149344,60928754,44054712,33563674,5923793,23752065,96569379,59414892,41030832,11288006,45145951,93671396,25811312,74784420,95033301,15856896,82230846,30949956,66143179,29611134,99424544,95209334,95873742,9268333,40762426,40167168,95932862,47503339,62440979,21381479,88875166,23834979,96500043,15827134,82748933,49967823,7442273,60156343,92729588,2278971,9796620,15945668,52367677,37339354,62916777,9832662,17285643,21732568,19454275,26245439,83407563,72938651,15199580,23453615,77192334,62079757,44493495,58970546,63174692,36431527,58728416,38427471,94910904,66537571,9924198
8148248,13565073,15543418,6142833,55838957,74844186,13974144,95138188,42780274,33909689,22927680,3976736,67858128,16127249,67838895,79095176,65370546,43015626,77700351,15310758,68932890,65052426,19622294,85016043,36290666,85373004,63533000,71827655,3545579,42278540,88146130,86505431,28436477,17546658,31438596,14149344,44054712,60928754,23752065,96569379,33563674,5923793,59414892,41030832,11288006,93671396,45145951,95033301,74784420,25811312,82230846,29611134,15856896,30949956,99424544,66143179,9268333,40762426,95873742,95209334,40167168,88875166,47503339,95932862,62440979,15827134,96500043,23834979,21381479,82748933,49967823,92729588,60156343,7442273,15945668,9796620,2278971,52367677,9832662,62916777,37339354,17285643,21732568,19454275,26245439,83407563,62079757,15199580,23453615,77192334,72938651,63174692,58970546,58728416,44493495,36431527,38427471,32664628,9924198,94910904
8148248,13565073,15543418,6142833,55838957,74844186,95138188,13974144,22927680,42780274,33909689,3976736,67858128,67838895,16127249,79095176,65370546,77700351,43015626,15310758,68932890,65052426,85016043,19622294,36290666,63533000,85373004,71827655,42278540,3545579,28436477,86505431,88146130,17546658,31438596,14149344,44054712,23752065,96569379,60928754,59414892,5923793,41030832,33563674,11288006,93671396,45145951,95033301,74784420,25811312,82230846,29611134,9268333,15856896,99424544,40762426,30949956,66143179,95873742,40167168,88875166,95209334,15827134,47503339,96500043,62440979,95932862,23834979,21381479,92729588,49967823,82748933,60156343,15945668,9796620,52367677,7442273,2278971,9832662,62916777,62079757,17285643,26245439,19454275,21732568,37339354,83407563,15199580,23453615,32664628,77192334,63174692,58728416,58970546,36431527,9924198,38427471,72938651,44493495,83553781
8148248,13565073,15543418,6142833,55838957,74844186,95138188,13974144,22927680,42780274,67858128,33909689,3976736,67838895,65370546,79095176,16127249,77700351,43015626,15310758,68932890,65052426,85016043,19622294,63533000,36290666,71827655,85373004,42278540,28436477,3545579,17546658,86505431,88146130,31438596,14149344,23752065,44054712,96569379,59414892,5923793,41030832,60928754,33563674,11288006,93671396,95033301,45145951,9268333,74784420,29611134,82230846,40762426,88875166,25811312,99424544,40167168,15856896,95873742,30949956,66143179,95209334,15827134,96500043,47503339,23834979,62440979,95932862,92729588,21381479,49967823,82748933,15945668,60156343,52367677,9796620,7442273,9832662,2278971,62079757,62916777,32664628,26245439,17285643,19454275,21732568,15199580,83407563,63174692,37339354,77192334,23453615,58728416,83553781,58970546,9924198,36431527,38427471,48376945,44493495
8148248,13565073,15543418,6142833,55838957,74844186,95138188,13974144,22927680,42780274,67858128,3976736,33909689,65370546,67838895,79095176,16127249,77700351,15310758,43015626,85016043,68932890,65052426,19622294,63533000,36290666,71827655,28436477,85373004,42278540,3545579,17546658,86505431,14149344,31438596,88146130,23752065,96569379,44054712,59414892,41030832,5923793,60928754,33563674,11288006,93671396,95033301,9268333,45145951,88875166,74784420,29611134,40762426,82230846,40167168,25811312,99424544,95873742,15827134,15856896,30949956,66143179,95209334,96500043,47503339,92729588,23834979,62440979,95932862,49967823,21381479,15945668,82748933,52367677,60156343,9796620,62079757,9832662,7442273,2278971,32664628,62916777,26245439,15199580,17285643,19454275,21732568,83553781,63174692,83407563,58728416,77192334,23453615,9924198,48376945,58970546,91474694,36431527,37339354,38427471
8148248,13565073,15543418,6142833,55838957,74844186,95138188,22927680,13974144,67858128,42780274,3976736,33909689,65370546,67838895,79095176,77700351,16127249,85016043,15310758,43015626,68932890,19622294,65052426,63533000,28436477,71827655,36290666,42278540,85373004,3545579,14149344,17546658,86505431,31438596,88146130,23752065,96569379,44054712,59414892,41030832,5923793,11288006,60928754,33563674,93671396,9268333,88875166,95033301,45145951,40762426,29611134,40167168,74784420,82230846,15827134,95873742,99424544,25811312,96500043,15856896,30949956,95209334,66143179,92729588,23834979,47503339,62440979,95932862,49967823,15945668,21381479,62079757,52367677,82748933,60156343,9796620,9832662,32664628,7442273,2278971,83553781,26245439,15199580,62916777,17285643,63174692,58728416,19454275,48376945,21732568,91474694,77192334,83407563,9924198,23453615,58970546,36431527,1293796,38427471
8148248,13565073,15543418,55838957,6142833,74844186,95138188,22927680,13974144,67858128,42780274,3976736,33909689,65370546,67838895,77700351,79095176,16127249,85016043,15310758,43015626,68932890,19622294,28436477,63533000,65052426,71827655,36290666,42278540,85373004,14149344,3545579,17546658,31438596,86505431,23752065,96569379,88146130,44054712,59414892,41030832,5923793,11288006,88875166,9268333,93671396,33563674,60928754,95033301,40762426,45145951,40167168,29611134,15827134,74784420,82230846,95873742,96500043,99424544,25811312,15856896,92729588,30949956,95209334,23834979,66143179,47503339,62079757,62440979,49967823,15945668,95932862,52367677,21381479,82748933,32664628,60156343,9796620,9832662,83553781,7442273,2278971,15199580,48376945,26245439,91474694,63174692,58728416,62916777,17285643,77192334,9924198,19454275,21732568,75530871,83407563,1293796,23453615,58970546,74114936
8148248,13565073,15543418,55838957,6142833,74844186,95138188,22927680,13974144,67858128,3976736,42780274,33909689,65370546,67838895,77700351,79095176,85016043,16127249,15310758,28436477,43015626,19622294,68932890,63533000,71827655,65052426,36290666,42278540,14149344,85373004,17546658,3545579,23752065,31438596,96569379,86505431,59414892,44054712,88146130,41030832,5923793,88875166,11288006,9268333,93671396,95033301,33563674,60928754,40762426,40167168,15827134,29611134,45145951,82230846,74784420,96500043,95873742,99424544,92729588,25811312,15856896,23834979,30949956,95209334,62079757,47503339,66143179,15945668,32664628,62440979,49967823,52367677,95932862,21381479,82748933,60156343,9796620,9832662,83553781,48376945,91474694,7442273,75530871,2278971,15199580,63174692,26245439,58728416,1293796,9924198,77192334,17285643,62916777,74114936,19454275,21732568,83407563,23453615,46320676
8148248,13565073,15543418,55838957,6142833,74844186,95138188,22927680,13974144,67858128,3976736,42780274,33909689,65370546,67838895,77700351,79095176,85016043,16127249,28436477,15310758,19622294,43015626,63533000,68932890,71827655,65052426,14149344,42278540,36290666,85373004,23752065,17546658,96569379,3545579,31438596,86505431,59414892,44054712,41030832,88875166,88146130,5923793,9268333,11288006,93671396,95033301,40762426,33563674,40167168,15827134,60928754,29611134,45145951,96500043,82230846,74784420,95873742,92729588,99424544,62079757,23834979,25811312,32664628,15856896,47503339,95209334,30949956,15945668,52367677,66143179,49967823,62440979,95932862,21381479,82748933,9832662,83553781,9796620,60156343,75530871,48376945,91474694,15199580,63174692,7442273,58728416,2278971,1293796,26245439,9924198,74114936,77192334,17285643,46320676,62916777,9399741,19454275,21732568,83407563
8148248,13565073,15543418,55838957,95138188,74844186,6142833,22927680,67858128,13974144,3976736,42780274,65370546,33909689,67838895,77700351,79095176,85016043,28436477,16127249,15310758,19622294,63533000,43015626,68932890,71827655,14149344,65052426,42278540,36290666,85373004,23752065,96569379,17546658,31438596,3545579,59414892,86505431,88875166,44054712,41030832,5923793,88146130,9268333,11288006,95033301,93671396,40762426,40167168,15827134,33563674,60928754,29611134,45145951,96500043,82230846,74784420,92729588,95873742,62079757,99424544,32664628,23834979,47503339,25811312,95209334,15856896,15945668,30949956,52367677,49967823,62440979,66143179,83553781,95932862,75530871,9832662,82748933,21381479,9796620,60156343,91474694,48376945,1293796,63174692,15199580,58728416,74114936,9924198,26245439,2278971,7442273,77192334,46320676,9399741,17285643,62916777,19454275,58970546,60353468
8148248,13565073,15543418,55838957,95138188,74844186,6142833,22927680,67858128,13974144,3976736,42780274,65370546,33909689,77700351,67838895,85016043,79095176,28436477,16127249,15310758,19622294,63533000,71827655,43015626,68932890,14149344,65052426,42278540,36290666,23752065,96569379,85373004,17546658,31438596,88875166,59414892,3545579,86505431,44054712,41030832,5923793,9268333,88146130,11288006,95033301,15827134,93671396,40167168,40762426,33563674,29611134,96500043,60928754,45145951,82230846,62079757,92729588,74784420,95873742,32664628,23834979,99424544,47503339,15945668,52367677,75530871,25811312,95209334,15856896,30949956,83553781,49967823,62440979,66143179,9832662,95932862,82748933,21381479,9796620,91474694,60156343,48376945,1293796,74114936,63174692,58728416,15199580,9924198,26245439,46320676,2278971,9399741,7442273,77192334,17285643,60353468,96139451,56189521,58970546
8148248,13565073,15543418,95138188,55838957,74844186,22927680,6142833,67858128,13974144,3976736,42780274,65370546,33909689,77700351,67838895,85016043,28436477,79095176,16127249,63533000,19622294,15310758,14149344,71827655,68932890,43015626,42278540,65052426,23752065,96569379,36290666,85373004,88875166,17546658,59414892,31438596,3545579,41030832,44054712,86505431,5923793,9268333,11288006,15827134,88146130,40167168,95033301,40762426,93671396,96500043,29611134,33563674,62079757,92729588,45145951,60928754,32664628,82230846,74784420,95873742,23834979,75530871,99424544,15945668,47503339,52367677,83553781,49967823,95209334,25811312,15856896,30949956,62440979,9832662,91474694,48376945,95932862,66143179,82748933,9796620,21381479,60156343,1293796,74114936,63174692,58728416,15199580,9924198,46320676,26245439,9399741,77192334,56189521,2278971,7442273,96139451,60353468,74695581,22521464
8148248,13565073,15543418,95138188,74844186,55838957,22927680,6142833,67858128,13974144,3976736,42780274,65370546,33909689,77700351,67838895,85016043,28436477,79095176,63533000,14149344,19622294,15310758,16127249,71827655,68932890,43015626,23752065,42278540,96569379,65052426,88875166,36290666,85373004,17546658,59414892,31438596,41030832,44054712,3545579,9268333,5923793,86505431,15827134,11288006,40167168,40762426,95033301,93671396,88146130,96500043,62079757,29611134,32664628,33563674,92729588,45145951,82230846,60928754,75530871,95873742,74784420,23834979,83553781,99424544,15945668,52367677,47503339,49967823,95209334,91474694,48376945,25811312,15856896,30949956,62440979,9832662,9796620,95932862,82748933,21381479,60156343,66143179,1293796,74114936,63174692,58728416,15199580,9924198,46320676,9399741,56189521,26245439,77192334,96139451,94536225,74695581,2278971,22521464,60353468
8148248,13565073,15543418,95138188,22927680,74844186,55838957,6142833,67858128,13974144,3976736,65370546,42780274,33909689,77700351,28436477,67838895,85016043,79095176,14149344,63533000,19622294,71827655,15310758,16127249,23752065,68932890,43015626,96569379,42278540,88875166,65052426,36290666,85373004,59414892,17546658,31438596,41030832,9268333,44054712,5923793,3545579,86505431,15827134,11288006,40167168,40762426,95033301,93671396,62079757,88146130,96500043,32664628,29611134,92729588,75530871,33563674,45145951,82230846,95873742,60928754,74784420,23834979,83553781,15945668,52367677,99424544,47503339,91474694,49967823,48376945,95209334,9832662,62440979,25811312,30949956,15856896,9796620,1293796,82748933,95932862,60156343,21381479,74114936,66143179,63174692,58728416,46320676,15199580,9924198,56189521,9399741,94536225,96139451,26245439,77192334,22521464,74695581,48284163,60353468
8148248,13565073,15543418,95138188,22927680,74844186,55838957,6142833,67858128,3976736,13974144,65370546,42780274,33909689,77700351,28436477,85016043,67838895,79095176,14149344,63533000,19622294,71827655,15310758,23752065,16127249,96569379,88875166,68932890,43015626,42278540,65052426,36290666,59414892,17546658,85373004,9268333,41030832,31438596,44054712,5923793,3545579,15827134,86505431,40167168,11288006,40762426,95033301,93671396,62079757,32664628,96500043,75530871,88146130,29611134,92729588,33563674,82230846,45145951,95873742,83553781,74784420,23834979,60928754,15945668,52367677,99424544,91474694,47503339,48376945,49967823,9832662,95209334,62440979,1293796,30949956,25811312,15856896,74114936,9796620,82748933,95932862,60156343,21381479,66143179,56189521,58728416,63174692,46320676,9924198,15199580,94536225,9399741,96139451,26245439,77192334,22521464,48284163,74695581,60353468
8148248,13565073,15543418,95138188,22927680,74844186,55838957,6142833,67858128,65370546,3976736,13974144,42780274,77700351,28436477,33909689,85016043,67838895,79095176,14149344,63533000,19622294,71827655,23752065,15310758,88875166,96569379,16127249,68932890,43015626,42278540,65052426,59414892,36290666,17546658,9268333,85373004,41030832,31438596,44054712,5923793,15827134,40167168,3545579,86505431,11288006,40762426,95033301,62079757,32664628,93671396,75530871,96500043,92729588,29611134,88146130,33563674,83553781,82230846,45145951,95873742,23834979,74784420,60928754,15945668,52367677,91474694,48376945,99424544,47503339,49967823,9832662,1293796,74114936,95209334,62440979,9796620,30949956,15856896,25811312,82748933,60156343,95932862,56189521,21381479,58728416,63174692,94536225,46320676,66143179,9924198,15199580,96139451,9399741,22521464,48284163,74695581,77192334,26245439,75740620
8148248,13565073,15543418,95138188,22927680,74844186,55838957,67858128,6142833,65370546,3976736,13974144,42780274,28436477,77700351,85016043,33909689,67838895,14149344,79095176,63533000,19622294,71827655,23752065,88875166,96569379,15310758,16127249,68932890,42278540,43015626,59414892,65052426,9268333,36290666,17546658,41030832,85373004,44054712,31438596,15827134,5923793,40167168,40762426,11288006,3545579,62079757,86505431,75530871,32664628,95033301,93671396,96500043,92729588,29611134,83553781,88146130,33563674,82230846,95873742,45145951,23834979,74784420,91474694,52367677,15945668,48376945,60928754,47503339,99424544,49967823,1293796,9832662,74114936,62440979,95209334,56189521,9796620,82748933,94536225,30949956,60156343,15856896,25811312,95932862,21381479,58728416,46320676,63174692,96139451,9924198,9399741,15199580,66143179,22521464,48284163,74695581,75740620,77192334,26245439
