4289401,4240915,9071791,4143943,9816260,9789591,8329971,9709584,8357129,9656246,8302813,9736253,9842929,7945282,9762922,9742261,9629577,9688923,9682915,9715592,9768930,8275655,4192429,9662254,9822268,8248497,8384287,9795599,4265158,8221339,8854319,8325140,9635585,4457519,4481762,8297982,8194181,4216672,8216508,8352298,3136028,8243666,4453828,9293474,4409033,3552268,8189350,6604360,4750414,8036563,4433276,8379456,3530941,9608916,4336304,2327506,8167023,4360547,4506005,9266290,1515939,3502834,7689416,4478071,4381099,3509614,1753743,1726723,3084980,8270824,4836194,4384790,1773458,7711883,4921974,4405342,8135388,7567815,4502314,4429585,9239106,6582107,3481507,8267018,3466960,3588142,4771859,4332613,3524161,8908687,3445633,3661065,7368394,1780763,3438853,7346126,5075950,1645663,4312061,4793304
317409,470853,291835,342983,368557,266261,394131,419705,445279,2486994,2537384,2688554,2512189,2562579,2587774,2612969,2638164,2663359,5647682,5669983,5759187,5736886,5714585,5781488,5625381,5692284,6442166,4130635,319300,4871048,3972212,4312354,5603080,396022,737283,715119,4409326,759447,4336597,293726,344874,472744,4506298,1685286,3898346,370448,4046078,9740627,1631246,4360840,5594796,4785268,6464419,4385083,3996834,3947590,268152,1770449,1743429,4913938,892431,6226707,781611,447170,3873724,4742378,3922968,4433569,3849102,1793366,9793965,7430021,6620190,9767296,4849603,5594794,1716409,1604226,7281818,6486672,4806713,4021456,1658266,421596,4763823,6442164,4828158,7385485,7459962,1689389,7407753,9687289,803775,7479749,1797469,1662369,782107,759940,1635349,3009041
317409,470853,291835,342983,368557,266261,394131,419705,445279,2486994,2537384,2688554,2512189,2562579,2587774,2612969,2638164,2663359,5647682,5669983,5759187,5736886,5714585,5781488,5625381,5692284,6442166,4130635,319300,4871048,3972212,4312354,5603080,396022,737283,4409326,715119,759447,4336597,293726,344874,472744,4506298,3898346,370448,4046078,1685286,9740627,4360840,4785268,5594796,1631246,3996834,6464419,3947590,4385083,268152,4913938,3873724,1770449,447170,6226707,892431,781611,1743429,4742378,3922968,3849102,4433569,1793366,9793965,7430021,6620190,4849603,9767296,5594794,1716409,4021456,4806713,7281818,6486672,1604226,421596,1658266,4763823,6442164,4828158,7459962,7385485,1689389,7407753,3009041,7479749,803775,2983517,9687289,7311186,782107,759940,1797469
317409,470853,291835,342983,368557,266261,394131,419705,445279,2486994,2537384,2688554,2512189,2562579,2587774,2612969,2638164,2663359,5647682,5669983,5759187,5736886,5714585,5781488,5625381,5692284,6442166,4130635,319300,4871048,3972212,4312354,5603080,396022,4409326,737283,715119,759447,4336597,293726,344874,472744,4506298,3898346,4046078,370448,1685286,4785268,9740627,4360840,5594796,3996834,3947590,1631246,4385083,6464419,268152,4913938,3873724,4742378,447170,6226707,892431,3922968,781611,3849102,1770449,4433569,1743429,4849603,6620190,9793965,7430021,1793366,9767296,4021456,5594794,4806713,7281818,1716409,6486672,421596,4763823,1604226,1658266,4828158,6442164,7459962,7385485,3009041,7407753,2983517,1689389,7311186,7479749,803775,759940,9687289,782107,7304086
317409,470853,291835,342983,368557,266261,394131,419705,445279,2486994,2537384,2688554,2512189,2562579,2587774,2612969,2638164,2663359,5647682,5669983,5759187,5736886,5714585,5781488,5625381,5692284,6442166,4130635,4871048,3972212,319300,4312354,5603080,396022,4409326,737283,715119,4336597,759447,293726,344874,472744,4506298,3898346,4046078,370448,4785268,4360840,1685286,5594796,9740627,3996834,3947590,4385083,6464419,1631246,4913938,268152,3873724,4742378,447170,3922968,3849102,6226707,892431,781611,4433569,1770449,4849603,1743429,6620190,7430021,9793965,9767296,1793366,4021456,4806713,7281818,5594794,6486672,421596,1716409,4763823,1604226,4828158,1658266,7459962,6442164,7385485,3009041,2983517,7407753,7311186,7479749,803775,1689389,7304086,759940,4457812,782107
317409,470853,291835,342983,368557,266261,394131,419705,445279,2486994,2537384,2688554,2512189,2562579,2587774,2612969,2638164,2663359,5647682,5669983,5759187,5736886,5714585,5781488,5625381,5692284,6442166,3972212,4871048,319300,4130635,4312354,5603080,396022,4409326,737283,4336597,715119,759447,293726,344874,472744,4506298,3898346,4046078,370448,4785268,4360840,3996834,5594796,3947590,9740627,1685286,4385083,6464419,4913938,268152,3873724,4742378,1631246,3922968,447170,3849102,6226707,4433569,892431,781611,4849603,1770449,1743429,6620190,7430021,9793965,4021456,4806713,9767296,1793366,7281818,421596,6486672,4763823,5594794,1716409,4828158,1604226,7459962,1658266,3009041,7385485,2983517,6442164,7311186,7407753,7479749,803775,7304086,4457812,1689389,1309866,5378882
317409,470853,291835,342983,368557,266261,394131,419705,445279,2486994,2537384,2688554,2512189,2562579,2587774,2612969,2638164,2663359,5647682,5669983,5759187,5736886,5714585,5781488,5625381,5692284,6442166,3972212,4871048,319300,4130635,4312354,5603080,396022,4409326,737283,4336597,715119,293726,344874,759447,472744,3898346,4506298,4046078,370448,4785268,4360840,3996834,3947590,5594796,4385083,9740627,4913938,6464419,1685286,268152,3873724,4742378,3922968,3849102,447170,1631246,4433569,6226707,4849603,892431,781611,6620190,1770449,1743429,4021456,7430021,9793965,4806713,9767296,7281818,421596,4763823,6486672,1793366,5594794,4828158,1716409,7459962,3009041,1604226,2983517,7385485,1658266,7311186,6442164,7407753,7479749,7304086,803775,4457812,2957993,1309866,4892493
317409,470853,291835,342983,368557,266261,394131,419705,445279,2486994,2537384,2688554,2512189,2562579,2587774,2612969,2638164,2663359,5647682,5669983,5759187,5736886,5714585,5781488,5625381,5692284,6442166,3972212,4871048,319300,4312354,4130635,396022,5603080,4409326,4336597,737283,293726,344874,715119,3898346,472744,759447,4506298,4046078,370448,4785268,4360840,3996834,3947590,5594796,4385083,4913938,6464419,9740627,268152,3873724,4742378,1685286,3922968,3849102,447170,4849603,4433569,6226707,781611,892431,1631246,6620190,4021456,1770449,4806713,7430021,1743429,9793965,7281818,4763823,9767296,421596,6486672,4828158,1793366,5594794,1716409,3009041,7459962,2983517,7385485,1604226,7311186,1658266,7407753,6442164,7304086,7479749,2957993,4457812,4892493,803775,1309866
317409,470853,291835,342983,368557,266261,394131,419705,445279,2486994,2537384,2688554,2512189,2562579,2587774,2612969,2638164,2663359,5647682,5669983,5759187,5736886,5714585,5781488,5625381,5692284,6442166,3972212,4871048,319300,4312354,4130635,396022,5603080,4409326,4336597,293726,737283,3898346,344874,472744,715119,4046078,759447,4506298,370448,4785268,3996834,4360840,3947590,5594796,4385083,4913938,3873724,4742378,268152,6464419,3922968,9740627,3849102,447170,1685286,4849603,4433569,6226707,781611,892431,1631246,4021456,6620190,4806713,7430021,1770449,9793965,1743429,7281818,4763823,421596,9767296,6486672,4828158,1793366,5594794,3009041,1716409,7459962,2983517,7311186,7385485,1604226,7407753,7304086,2957993,7479749,4457812,4892493,1658266,6442164,803775,1309866
317409,470853,291835,342983,368557,266261,394131,419705,445279,2486994,2537384,2688554,2512189,2562579,2587774,2612969,2638164,2663359,5647682,5669983,5759187,5736886,5714585,5781488,5625381,5692284,6442166,3972212,4871048,319300,4312354,4130635,396022,4409326,5603080,4336597,3898346,293726,344874,737283,472744,4046078,4506298,715119,759447,370448,4785268,3996834,4360840,3947590,4913938,5594796,4385083,3873724,4742378,268152,6464419,3922968,3849102,9740627,447170,4849603,4433569,1685286,6226707,781611,892431,4021456,6620190,4806713,1631246,7430021,4763823,7281818,9793965,1770449,421596,1743429,6486672,4828158,9767296,3009041,2983517,1793366,7459962,5594794,1716409,7311186,7385485,2957993,7304086,4892493,7407753,4457812,7479749,1604226,3034565,1309866,6442164,5378882
317409,470853,291835,342983,368557,266261,394131,419705,445279,2486994,2537384,2688554,2512189,2562579,2587774,2612969,2638164,2663359,5647682,5669983,5736886,5759187,5714585,5781488,5625381,5692284,3972212,6442166,4871048,319300,4312354,396022,4130635,4409326,5603080,3898346,4336597,293726,344874,4046078,472744,737283,4506298,715119,759447,4785268,370448,3996834,3947590,4360840,4913938,4385083,5594796,3873724,4742378,268152,3922968,3849102,6464419,4849603,447170,9740627,4433569,6226707,1685286,4021456,781611,892431,4806713,6620190,4763823,1631246,7281818,7430021,9793965,421596,1770449,4828158,6486672,1743429,9767296,3009041,2983517,7459962,5594794,1793366,7311186,1716409,7385485,2957993,7304086,4892493,3034565,4457812,7407753,7479749,1309866,5378882,1604226,803775
317409,470853,291835,342983,368557,266261,394131,419705,445279,2486994,2537384,2688554,2512189,2562579,2587774,2612969,2638164,2663359,5647682,5669983,5736886,5759187,5714585,5781488,5625381,5692284,3972212,4871048,6442166,319300,4312354,396022,4409326,4130635,3898346,5603080,4336597,293726,4046078,344874,472744,4506298,737283,715119,759447,4785268,370448,3996834,3947590,4360840,4913938,4385083,5594796,3873724,4742378,3922968,268152,3849102,6464419,4849603,447170,4433569,9740627,4021456,6226707,781611,4806713,892431,1685286,6620190,4763823,7281818,7430021,4828158,421596,1631246,9793965,6486672,1770449,1743429,9767296,3009041,2983517,7459962,7311186,5594794,1793366,1716409,2957993,7385485,4892493,7304086,3034565,4457812,7407753,7479749,1309866,5378882,803775,1604226
317409,470853,291835,342983,368557,266261,394131,419705,445279,2486994,2537384,2688554,2512189,2562579,2587774,2612969,2638164,2663359,5647682,5669983,5736886,5759187,5714585,5781488,5625381,5692284,3972212,4871048,6442166,319300,4312354,396022,4409326,3898346,4336597,4130635,5603080,4046078,293726,344874,472744,4506298,737283,4785268,715119,759447,370448,3996834,3947590,4360840,4913938,4385083,3873724,4742378,5594796,3922968,3849102,268152,4849603,6464419,447170,4433569,9740627,4021456,4806713,6226707,781611,892431,6620190,1685286,4763823,7281818,4828158,421596,7430021,9793965,6486672,1631246,3009041,1770449,2983517,9767296,1743429,7459962,7311186,2957993,5594794,4892493,3034565,7385485,1716409,7304086,1793366,4457812,7407753,7479749,1309866,5378882,803775,3162185
317409,470853,291835,342983,368557,266261,394131,419705,445279,2486994,2537384,2688554,2512189,2562579,2587774,2612969,2638164,2663359,5647682,5669983,5736886,5759187,5714585,5781488,5625381,5692284,3972212,4871048,6442166,319300,4312354,396022,4409326,3898346,4046078,4336597,293726,5603080,344874,4130635,472744,4506298,4785268,737283,715119,759447,370448,3996834,3947590,4360840,4913938,4742378,3873724,4385083,3922968,5594796,3849102,268152,4849603,6464419,447170,4433569,4021456,9740627,4806713,6226707,781611,892431,6620190,4763823,7281818,4828158,1685286,421596,7430021,6486672,9793965,3009041,2983517,1631246,1770449,9767296,1743429,7459962,7311186,2957993,3034565,4892493,7385485,7304086,5594794,4457812,1716409,1793366,7407753,7479749,1309866,5378882,3162185,2142666
317409,470853,291835,342983,368557,266261,394131,419705,445279,2486994,2537384,2688554,2512189,2562579,2587774,2612969,2638164,2663359,5647682,5669983,5736886,5759187,5714585,5781488,5625381,5692284,3972212,4871048,6442166,319300,4312354,396022,3898346,4409326,4046078,4336597,293726,344874,472744,5603080,4506298,4785268,4130635,737283,3996834,370448,715119,759447,3947590,4360840,4913938,4742378,3873724,4385083,3922968,3849102,5594796,268152,4849603,6464419,447170,4433569,4021456,4806713,9740627,6226707,781611,4763823,892431,6620190,4828158,7281818,421596,1685286,7430021,3009041,6486672,9793965,2983517,1770449,7459962,1631246,9767296,1743429,7311186,2957993,3034565,4892493,7304086,7385485,4457812,5594794,1716409,7407753,7479749,3162185,1793366,1309866,5378882,2142666
317409,470853,291835,342983,368557,266261,394131,419705,445279,2486994,2537384,2688554,2512189,2562579,2587774,2612969,2638164,2663359,5647682,5669983,5736886,5759187,5714585,5781488,5625381,5692284,3972212,4871048,6442166,319300,4312354,396022,3898346,4409326,4046078,4336597,293726,344874,472744,5603080,4785268,4506298,3996834,4130635,737283,370448,3947590,715119,759447,4913938,4360840,4742378,3873724,4385083,3922968,3849102,4849603,5594796,268152,6464419,447170,4021456,4433569,4806713,6226707,9740627,4763823,781611,892431,6620190,4828158,7281818,421596,3009041,7430021,6486672,1685286,2983517,9793965,7459962,1770449,9767296,7311186,1631246,2957993,1743429,3034565,4892493,7304086,7385485,4457812,3162185,5594794,7407753,7479749,1716409,1309866,5378882,2142666,1793366
317409,470853,291835,342983,368557,266261,394131,419705,445279,2486994,2537384,2688554,2512189,2562579,2587774,2612969,2638164,2663359,5647682,5669983,5736886,5759187,5714585,5781488,5625381,5692284,3972212,4871048,6442166,319300,4312354,396022,3898346,4409326,4046078,4336597,293726,344874,472744,4785268,4506298,5603080,3996834,737283,370448,3947590,4130635,715119,759447,4913938,4360840,4742378,3873724,3922968,4385083,3849102,4849603,268152,5594796,6464419,4021456,447170,4433569,4806713,4763823,6226707,9740627,4828158,781611,6620190,892431,7281818,421596,3009041,2983517,6486672,7430021,1685286,9793965,7459962,7311186,2957993,9767296,3034565,1770449,4892493,1631246,1743429,7304086,4457812,7385485,3162185,7407753,7479749,5594794,1309866,5378882,2142666,1716409,6508925
317409,470853,291835,342983,368557,266261,394131,419705,445279,2486994,2537384,2688554,2512189,2562579,2587774,2612969,2638164,2663359,5647682,5669983,5736886,5759187,5714585,5781488,5625381,5692284,3972212,4871048,6442166,319300,4312354,3898346,396022,4046078,4409326,4336597,293726,344874,4785268,472744,4506298,3996834,5603080,3947590,370448,737283,4130635,4913938,715119,759447,4360840,4742378,3873724,3922968,3849102,4385083,4849603,268152,5594796,4021456,6464419,447170,4433569,4806713,4763823,6226707,4828158,6620190,781611,9740627,892431,7281818,3009041,421596,2983517,6486672,7430021,9793965,7459962,1685286,2957993,3034565,7311186,9767296,4892493,1770449,7304086,1743429,1631246,4457812,3162185,7385485,7479749,7407753,2142666,1309866,5378882,5594794,1716409,6508925
317409,470853,291835,342983,368557,266261,394131,419705,445279,2486994,2537384,2688554,2512189,2562579,2587774,2612969,2638164,2663359,5647682,5669983,5736886,5759187,5714585,5781488,5625381,5692284,3972212,4871048,6442166,319300,4312354,3898346,396022,4046078,4409326,4336597,293726,4785268,344874,472744,4506298,3996834,5603080,3947590,370448,737283,4913938,715119,759447,4360840,4742378,4130635,3873724,3922968,3849102,4385083,4849603,268152,5594796,4021456,6464419,447170,4433569,4806713,4763823,4828158,6226707,6620190,781611,7281818,892431,9740627,3009041,421596,2983517,6486672,7430021,9793965,7459962,2957993,3034565,7311186,1685286,4892493,9767296,1770449,7304086,3162185,4457812,1743429,7385485,1631246,2142666,7479749,7407753,1309866,5378882,5594794,5617097,6508925
317409,470853,291835,342983,368557,266261,394131,419705,445279,2486994,2537384,2688554,2512189,2562579,2587774,2612969,2638164,2663359,5647682,5669983,5736886,5759187,5714585,5781488,5625381,3972212,5692284,4871048,6442166,319300,4312354,3898346,4046078,396022,4409326,4336597,4785268,293726,344874,472744,3996834,4506298,3947590,5603080,370448,4913938,737283,4742378,3873724,4360840,715119,759447,3922968,3849102,4130635,4385083,4849603,268152,5594796,4021456,6464419,447170,4806713,4433569,4763823,4828158,6226707,6620190,3009041,7281818,781611,892431,421596,9740627,2983517,6486672,7430021,7459962,3034565,2957993,9793965,7311186,4892493,1685286,9767296,7304086,3162185,1770449,4457812,7385485,1743429,1631246,2142666,7479749,7407753,1309866,5378882,4785272,5617097,6508925
317409,470853,291835,342983,368557,266261,394131,419705,445279,2486994,2688554,2537384,2512189,2562579,2587774,2612969,2638164,2663359,5647682,5669983,5736886,5759187,5714585,5781488,5625381,3972212,5692284,4871048,6442166,319300,4312354,3898346,4046078,396022,4409326,4785268,4336597,293726,344874,472744,3996834,4506298,3947590,370448,4913938,5603080,737283,4742378,3873724,4360840,3922968,715119,759447,3849102,4849603,4385083,4130635,268152,4021456,5594796,4806713,447170,6464419,4433569,4763823,4828158,3009041,6226707,6620190,7281818,781611,892431,2983517,421596,9740627,6486672,7430021,3034565,2957993,7459962,7311186,9793965,4892493,3162185,1685286,7304086,9767296,4457812,1770449,7385485,1743429,2142666,7479749,1631246,7407753,1309866,5378882,4871052,4785272,7326354
317409,470853,291835,342983,368557,266261,394131,419705,445279,2486994,2688554,2537384,2512189,2562579,2587774,2612969,2638164,2663359,5647682,5669983,5736886,5759187,5714585,5781488,5625381,3972212,5692284,4871048,319300,6442166,4312354,3898346,4046078,396022,4409326,4785268,4336597,293726,344874,3996834,472744,4506298,3947590,4913938,370448,5603080,4742378,3873724,737283,3922968,4360840,3849102,4849603,715119,759447,4385083,4130635,268152,4021456,5594796,4806713,447170,6464419,4433569,4763823,4828158,3009041,6226707,7281818,6620190,2983517,421596,781611,892431,9740627,6486672,3034565,2957993,7459962,7430021,7311186,4892493,9793965,3162185,7304086,9767296,4457812,1685286,7385485,1770449,2142666,4871052,1743429,4785272,7479749,1309866,7407753,5378882,4849607,7326354
317409,470853,291835,342983,368557,266261,394131,419705,445279,2486994,2688554,2537384,2512189,2562579,2587774,2612969,2638164,2663359,5647682,5669983,5736886,5759187,5714585,5781488,3972212,5625381,4871048,5692284,319300,4312354,6442166,3898346,4046078,396022,4409326,4785268,4336597,293726,3996834,344874,472744,4506298,3947590,4913938,370448,4742378,3873724,5603080,3922968,4360840,737283,3849102,4849603,715119,759447,4385083,4021456,268152,4130635,5594796,4806713,447170,4433569,6464419,4763823,4828158,3009041,7281818,2983517,6226707,6620190,421596,781611,892431,9740627,6486672,3034565,2957993,7459962,7430021,7311186,4892493,9793965,3162185,7304086,4457812,9767296,1685286,7385485,4871052,2142666,1770449,4785272,4849607,7479749,1309866,5378882,7407753,1743429,7326354
317409,470853,291835,342983,368557,266261,394131,419705,445279,2486994,2688554,2537384,2512189,2562579,2587774,2612969,2638164,2663359,5647682,5669983,5736886,5759187,5714585,5781488,3972212,5625381,4871048,5692284,319300,4312354,6442166,3898346,4046078,396022,4409326,4785268,3996834,4336597,293726,344874,472744,3947590,4506298,4913938,370448,4742378,3873724,3922968,5603080,3849102,4360840,4849603,737283,4385083,715119,759447,4021456,268152,4130635,5594796,4806713,447170,4433569,6464419,4763823,4828158,3009041,2983517,7281818,6620190,6226707,421596,781611,892431,3034565,6486672,2957993,9740627,7459962,7311186,4892493,7430021,3162185,9793965,7304086,4457812,9767296,4871052,7385485,4785272,2142666,4849607,1685286,1770449,1309866,7479749,3969306,5378882,7407753,7326354
317409,470853,291835,342983,368557,266261,394131,419705,445279,2486994,2688554,2537384,2512189,2562579,2587774,2612969,2638164,2663359,5647682,5669983,5736886,5759187,5714585,5781488,3972212,5625381,4871048,5692284,319300,4312354,6442166,3898346,4046078,396022,4785268,4409326,3996834,4336597,293726,344874,472744,3947590,4506298,4913938,370448,4742378,3873724,3922968,3849102,4849603,4360840,5603080,737283,4385083,4021456,715119,759447,268152,4806713,5594796,4130635,447170,4433569,6464419,4763823,4828158,3009041,2983517,7281818,6620190,6226707,421596,781611,892431,3034565,2957993,6486672,9740627,7459962,7311186,4892493,7430021,3162185,9793965,7304086,4457812,4871052,4785272,9767296,4849607,2142666,7385485,3969306,1685286,1770449,1309866,7479749,5378882,7326354,4913942
317409,470853,291835,342983,368557,266261,394131,419705,445279,2486994,2688554,2537384,2512189,2562579,2587774,2612969,2638164,2663359,5647682,5669983,5736886,5759187,5714585,3972212,5781488,5625381,4871048,5692284,319300,4312354,3898346,6442166,4046078,396022,4785268,4409326,3996834,4336597,293726,344874,3947590,472744,4506298,4913938,4742378,370448,3873724,3922968,3849102,4849603,4360840,5603080,737283,4385083,4021456,759447,715119,268152,4806713,5594796,447170,4433569,4130635,4763823,6464419,4828158,3009041,2983517,7281818,6620190,421596,6226707,781611,3034565,892431,2957993,6486672,7459962,4892493,7311186,9740627,3162185,7430021,9793965,7304086,4871052,4457812,4785272,4849607,2142666,9767296,7385485,3969306,4913942,7326354,1309866,7266650,3993928,5378882,7479749
317409,470853,291835,342983,368557,266261,394131,419705,445279,2486994,2688554,2537384,2512189,2562579,2587774,2612969,2638164,2663359,5647682,5669983,5736886,5759187,5714585,3972212,5781488,4871048,5625381,5692284,319300,4312354,3898346,6442166,4046078,4785268,396022,4409326,3996834,4336597,293726,344874,3947590,472744,4506298,4913938,4742378,3873724,370448,3922968,3849102,4849603,4360840,5603080,4021456,4385083,737283,268152,759447,715119,4806713,5594796,447170,4433569,4763823,4828158,6464419,4130635,3009041,2983517,7281818,6620190,421596,6226707,3034565,781611,2957993,892431,6486672,7459962,4892493,7311186,3162185,9740627,7430021,4871052,7304086,9793965,4457812,4785272,4849607,2142666,3969306,9767296,7385485,4913942,3993928,7326354,7266650,1309866,5378882,7479749
317409,470853,291835,368557,342983,266261,394131,419705,445279,2486994,2688554,2537384,2512189,2562579,2587774,2612969,2638164,2663359,5647682,5669983,5736886,5759187,3972212,5714585,5781488,4871048,5625381,5692284,3898346,4312354,319300,4046078,6442166,4785268,396022,3996834,4409326,4336597,293726,3947590,344874,472744,4913938,4506298,4742378,3873724,3922968,370448,4849603,3849102,4360840,4021456,4385083,5603080,737283,268152,759447,715119,4806713,5594796,4763823,447170,4433569,4828158,6464419,3009041,4130635,2983517,7281818,421596,6620190,3034565,6226707,2957993,781611,892431,6486672,7459962,4892493,7311186,3162185,9740627,7430021,4871052,7304086,4849607,4785272,9793965,4457812,2142666,3969306,4913942,7385485,9767296,3993928,7266650,7326354,1309866,5378882,4763827
317409,470853,291835,368557,342983,266261,394131,419705,445279,2486994,2688554,2512189,2537384,2562579,2587774,2612969,2638164,2663359,5647682,5669983,5736886,5759187,3972212,5714585,5781488,4871048,5625381,5692284,3898346,4312354,319300,4046078,6442166,4785268,3996834,396022,4409326,4336597,293726,3947590,344874,472744,4913938,4506298,4742378,3873724,3922968,370448,4849603,3849102,4360840,4021456,4385083,5603080,737283,268152,4806713,759447,715119,4763823,5594796,447170,4433569,4828158,6464419,3009041,4130635,2983517,7281818,421596,3034565,6620190,6226707,2957993,781611,892431,6486672,4892493,7459962,7311186,3162185,4871052,9740627,7430021,4849607,7304086,4785272,4457812,9793965,2142666,3969306,4913942,7385485,3993928,9767296,7266650,7326354,4763827,1309866,7370890
317409,470853,291835,368557,342983,266261,394131,419705,445279,2486994,2688554,2512189,2537384,2562579,2587774,2612969,2638164,2663359,5647682,5669983,5736886,3972212,5759187,5714585,5781488,4871048,5625381,5692284,3898346,4312354,319300,4046078,6442166,4785268,3996834,396022,4409326,3947590,4336597,293726,344874,4913938,472744,4506298,4742378,3873724,3922968,4849603,3849102,370448,4021456,4360840,4385083,5603080,737283,268152,4806713,759447,715119,4763823,4828158,5594796,4433569,447170,3009041,6464419,2983517,4130635,7281818,3034565,421596,6620190,2957993,6226707,781611,892431,4892493,3162185,6486672,7459962,7311186,4871052,4849607,9740627,4785272,7430021,7304086,4457812,9793965,3969306,4913942,2142666,3993928,7385485,4763827,7266650,7326354,9767296,7370890,1309866
317409,470853,291835,368557,342983,266261,394131,419705,445279,2486994,2688554,2512189,2537384,2562579,2587774,2612969,2638164,2663359,5647682,5669983,3972212,5736886,5759187,5714585,4871048,5781488,5625381,5692284,3898346,4312354,319300,4046078,6442166,4785268,3996834,396022,4409326,3947590,4336597,293726,344874,4913938,472744,4506298,4742378,3873724,3922968,4849603,3849102,370448,4021456,4360840,4385083,4806713,268152,5603080,737283,759447,715119,4763823,4828158,5594796,4433569,447170,3009041,6464419,2983517,4130635,7281818,3034565,421596,6620190,2957993,6226707,4892493,781611,3162185,892431,7459962,7311186,6486672,4871052,4849607,4785272,7304086,7430021,9740627,4457812,3969306,4913942,9793965,2142666,3993928,4763827,7266650,7385485,7326354,7370890,9767296,4742382
317409,470853,291835,368557,342983,266261,394131,419705,445279,2486994,2688554,2512189,2537384,2562579,2587774,2612969,2638164,2663359,5647682,5669983,3972212,5736886,5759187,5714585,4871048,5781488,5625381,3898346,5692284,4046078,4312354,319300,4785268,6442166,3996834,396022,4409326,3947590,4336597,293726,4913938,344874,472744,4742378,4506298,3873724,3922968,4849603,3849102,370448,4021456,4360840,4385083,4806713,268152,737283,5603080,759447,715119,4763823,4828158,4433569,3009041,447170,5594796,6464419,2983517,7281818,3034565,4130635,421596,2957993,6620190,6226707,3162185,4892493,781611,7459962,7311186,6486672,892431,4871052,4849607,4785272,7304086,7430021,9740627,4457812,4913942,3969306,2142666,9793965,3993928,4763827,7266650,7385485,7326354,7370890,4828162,4742382
317409,470853,291835,368557,342983,266261,394131,419705,445279,2486994,2688554,2512189,2537384,2562579,2587774,2612969,2638164,2663359,5647682,5669983,3972212,5736886,5759187,4871048,5714585,5781488,5625381,3898346,5692284,4046078,4312354,319300,4785268,6442166,3996834,396022,4409326,3947590,4913938,4336597,293726,344874,472744,4742378,4506298,3873724,3922968,4849603,3849102,370448,4021456,4360840,4385083,4806713,268152,737283,5603080,4763823,4828158,759447,715119,3009041,4433569,447170,5594796,2983517,6464419,3034565,7281818,421596,2957993,4130635,6620190,6226707,3162185,4892493,4871052,7311186,7459962,781611,6486672,892431,4849607,4785272,7304086,4913942,3969306,7430021,4457812,9740627,2142666,4763827,3993928,9793965,7266650,7326354,4828162,4742382,7385485,7370890
317409,470853,291835,368557,342983,266261,394131,419705,445279,2486994,2688554,2512189,2537384,2562579,2587774,2612969,2638164,2663359,5647682,5669983,3972212,5736886,4871048,5759187,5714585,5781488,5625381,3898346,4046078,4312354,5692284,319300,4785268,3996834,6442166,396022,3947590,4409326,4913938,4336597,293726,344874,4742378,472744,3873724,4506298,3922968,4849603,3849102,4021456,370448,4360840,4385083,4806713,268152,737283,4763823,5603080,4828158,759447,3009041,715119,4433569,447170,5594796,2983517,6464419,3034565,7281818,2957993,421596,4130635,6620190,3162185,4892493,6226707,4871052,7311186,7459962,781611,6486672,4849607,892431,4785272,7304086,4913942,3969306,4457812,7430021,2142666,9740627,4763827,3993928,9793965,7266650,4828162,4742382,7326354,1304947,7370890
317409,470853,291835,368557,342983,266261,394131,419705,445279,2486994,2688554,2512189,2537384,2562579,2587774,2612969,2638164,2663359,5647682,3972212,5669983,4871048,5736886,5759187,5714585,5781488,3898346,5625381,4046078,4312354,319300,5692284,4785268,3996834,6442166,3947590,396022,4409326,4913938,293726,4336597,4742378,344874,472744,3873724,3922968,4849603,4506298,3849102,4021456,370448,4360840,4385083,4806713,268152,4763823,4828158,737283,5603080,3009041,759447,715119,4433569,447170,5594796,2983517,6464419,3034565,7281818,2957993,421596,6620190,3162185,4130635,4871052,4892493,6226707,7311186,7459962,4849607,6486672,781611,4785272,892431,4913942,7304086,3969306,4457812,7430021,4763827,2142666,3993928,9740627,4828162,7266650,4742382,9793965,1304947,7326354,3060089
317409,470853,291835,368557,342983,266261,394131,419705,445279,2486994,2688554,2512189,2537384,2562579,2587774,2612969,2638164,2663359,5647682,3972212,5669983,4871048,5736886,5759187,5714585,5781488,3898346,5625381,4046078,4312354,319300,5692284,4785268,3996834,6442166,3947590,396022,4409326,4913938,293726,4336597,4742378,344874,3873724,472744,4849603,3922968,4506298,3849102,4021456,370448,4360840,4385083,4806713,268152,4763823,4828158,3009041,737283,5603080,759447,4433569,715119,447170,2983517,5594796,6464419,3034565,7281818,2957993,421596,3162185,4871052,6620190,4892493,4130635,4849607,6226707,7311186,7459962,4785272,6486672,781611,892431,4913942,3969306,7304086,4457812,4763827,2142666,7430021,3993928,4828162,4742382,9740627,7266650,1304947,3060089,9793965,7326354
317409,470853,291835,368557,342983,266261,394131,419705,445279,2486994,2688554,2512189,2537384,2562579,2587774,2612969,2638164,2663359,5647682,3972212,5669983,4871048,5736886,5759187,5714585,5781488,3898346,4046078,5625381,4312354,319300,4785268,3996834,5692284,6442166,3947590,4913938,396022,4409326,4742378,293726,4336597,344874,3873724,4849603,3922968,472744,4506298,3849102,4021456,370448,4360840,4806713,4385083,268152,4763823,4828158,3009041,737283,5603080,4433569,759447,447170,2983517,715119,5594796,6464419,3034565,2957993,7281818,421596,4871052,3162185,6620190,4892493,4849607,7311186,7459962,6226707,4130635,4785272,6486672,781611,892431,4913942,3969306,7304086,4763827,4457812,3993928,2142666,7430021,4828162,4742382,1304947,7266650,3060089,9740627,7326354,7370890
317409,470853,291835,368557,342983,266261,394131,419705,445279,2486994,2688554,2512189,2537384,2562579,2587774,2612969,2638164,2663359,5647682,3972212,5669983,4871048,5736886,5759187,5714585,3898346,5781488,4046078,5625381,4312354,4785268,319300,3996834,5692284,3947590,6442166,4913938,396022,4409326,4742378,293726,4336597,3873724,4849603,344874,3922968,472744,3849102,4506298,4021456,370448,4360840,4806713,4385083,268152,4763823,4828158,3009041,737283,5603080,2983517,4433569,447170,759447,715119,5594796,3034565,6464419,2957993,7281818,4871052,421596,3162185,4892493,4849607,6620190,7311186,4785272,7459962,6226707,4130635,6486672,781611,4913942,892431,3969306,7304086,4763827,4457812,3993928,2142666,4828162,4742382,1304947,7430021,7266650,3060089,3895440,7326354,7370890
317409,470853,291835,368557,342983,266261,394131,419705,445279,2486994,2688554,2512189,2537384,2562579,2587774,2612969,2638164,2663359,5647682,3972212,5669983,4871048,5736886,5759187,5714585,3898346,5781488,4046078,5625381,4312354,4785268,319300,3996834,5692284,3947590,4913938,6442166,396022,4409326,4742378,293726,3873724,4336597,4849603,3922968,344874,3849102,472744,4506298,4021456,370448,4360840,4806713,4385083,268152,4763823,4828158,3009041,737283,2983517,4433569,5603080,447170,759447,715119,5594796,3034565,6464419,2957993,7281818,4871052,3162185,421596,4849607,4892493,6620190,4785272,7311186,7459962,6226707,6486672,4913942,4130635,781611,3969306,892431,4763827,7304086,4457812,3993928,4828162,2142666,1304947,4742382,3060089,7266650,7430021,3895440,4043172,848099
317409,470853,291835,368557,342983,266261,394131,419705,445279,2486994,2688554,2512189,2537384,2562579,2587774,2612969,2638164,2663359,3972212,5647682,5669983,4871048,5736886,5759187,3898346,5714585,4046078,5781488,4785268,4312354,5625381,3996834,319300,5692284,3947590,4913938,6442166,396022,4742378,4409326,4849603,3873724,293726,3922968,4336597,344874,3849102,472744,4021456,4506298,370448,4806713,4360840,4385083,268152,4763823,4828158,3009041,2983517,737283,4433569,447170,5603080,759447,715119,3034565,5594796,6464419,2957993,4871052,7281818,3162185,421596,4849607,4892493,6620190,4785272,7311186,7459962,6226707,4913942,6486672,3969306,4130635,781611,892431,4763827,7304086,3993928,4828162,4457812,1304947,4742382,2142666,3060089,7266650,3895440,7430021,4043172,848099
317409,470853,291835,368557,342983,266261,394131,419705,445279,2486994,2688554,2512189,2537384,2562579,2587774,2612969,2638164,2663359,3972212,5647682,5669983,4871048,5736886,3898346,5759187,4046078,5714585,5781488,4785268,4312354,3996834,319300,5625381,3947590,4913938,5692284,4742378,6442166,396022,4409326,4849603,3873724,3922968,293726,4336597,3849102,344874,4021456,472744,4506298,370448,4806713,4360840,4385083,4828158,4763823,268152,3009041,2983517,4433569,737283,447170,5603080,3034565,759447,715119,5594796,6464419,2957993,4871052,7281818,3162185,4849607,421596,4892493,4785272,6620190,7311186,7459962,4913942,6226707,6486672,3969306,4763827,781611,4130635,892431,7304086,4828162,3993928,1304947,4742382,4457812,2142666,3060089,7266650,3895440,4043172,3920062,848099
317409,470853,291835,368557,342983,266261,394131,419705,445279,2486994,2688554,2512189,2537384,2562579,2587774,2612969,2638164,2663359,3972212,5647682,4871048,5669983,3898346,5736886,4046078,5759187,5714585,5781488,4785268,3996834,4312354,319300,5625381,3947590,4913938,5692284,4742378,6442166,396022,4849603,4409326,3873724,3922968,293726,4336597,3849102,4021456,344874,472744,4506298,370448,4806713,4360840,4385083,4828158,4763823,3009041,268152,2983517,4433569,737283,447170,3034565,5603080,759447,5594796,715119,4871052,2957993,6464419,3162185,7281818,4849607,421596,4892493,4785272,6620190,7311186,7459962,4913942,3969306,6226707,6486672,4763827,781611,892431,7304086,4130635,4828162,1304947,3993928,4742382,4457812,3060089,2142666,3895440,7266650,4043172,3920062,848099
317409,470853,291835,368557,342983,266261,394131,419705,445279,2486994,2688554,2512189,2537384,2562579,2587774,2612969,2638164,2663359,3972212,5647682,4871048,5669983,3898346,5736886,4046078,5759187,5714585,4785268,5781488,3996834,4312354,319300,5625381,3947590,4913938,4742378,5692284,4849603,3873724,396022,4409326,3922968,6442166,3849102,293726,4021456,4336597,344874,472744,4506298,370448,4806713,4360840,4385083,4828158,4763823,3009041,268152,2983517,4433569,3034565,447170,737283,5603080,5594796,759447,4871052,715119,2957993,6464419,3162185,4849607,7281818,421596,4892493,4785272,7311186,6620190,4913942,7459962,3969306,6226707,4763827,6486672,781611,4828162,7304086,1304947,892431,4742382,3993928,4130635,3060089,4457812,2142666,3895440,4043172,7266650,3920062,848099
317409,470853,291835,368557,342983,266261,394131,419705,445279,2486994,2688554,2512189,2537384,2562579,2587774,2612969,2638164,2663359,3972212,5647682,4871048,5669983,3898346,4046078,5736886,5759187,4785268,3996834,5714585,5781488,4312354,319300,3947590,5625381,4913938,4742378,4849603,3873724,3922968,5692284,396022,4409326,6442166,4021456,3849102,293726,4336597,344874,472744,4506298,370448,4806713,4360840,4385083,4828158,4763823,3009041,268152,2983517,3034565,4433569,447170,737283,4871052,5603080,5594796,759447,2957993,715119,4849607,3162185,6464419,7281818,421596,4892493,4785272,7311186,4913942,6620190,7459962,3969306,4763827,6226707,6486672,4828162,1304947,781611,7304086,4742382,3993928,892431,3060089,4457812,4130635,2142666,3895440,4043172,3920062,7266650,848099
317409,470853,291835,368557,342983,266261,394131,419705,445279,2486994,2688554,2512189,2537384,2562579,2587774,2612969,2638164,2663359,3972212,5647682,4871048,5669983,3898346,4046078,5736886,4785268,3996834,5759187,5714585,4312354,5781488,319300,3947590,4913938,5625381,4742378,4849603,3873724,3922968,4409326,396022,4021456,3849102,5692284,6442166,293726,4336597,344874,472744,4506298,4806713,370448,4360840,4385083,4828158,3009041,4763823,268152,2983517,3034565,4433569,447170,4871052,737283,2957993,5594796,5603080,759447,4849607,715119,3162185,6464419,7281818,4785272,4892493,421596,4913942,7311186,6620190,7459962,3969306,4763827,6486672,6226707,1304947,4828162,4742382,7304086,3993928,781611,3060089,892431,3895440,4457812,2142666,4043172,3920062,4130635,7266650,848099
317409,470853,291835,368557,342983,266261,394131,419705,445279,2486994,2512189,2688554,2537384,2562579,2587774,2612969,2638164,2663359,3972212,5647682,4871048,5669983,3898346,4046078,5736886,4785268,3996834,5759187,4312354,5714585,5781488,319300,3947590,4913938,4742378,5625381,4849603,3873724,3922968,4021456,3849102,4409326,396022,5692284,6442166,293726,4336597,344874,472744,4506298,4806713,370448,4360840,4828158,3009041,4763823,4385083,268152,2983517,3034565,4433569,4871052,447170,737283,2957993,4849607,5594796,3162185,5603080,759447,715119,6464419,7281818,4785272,4892493,421596,4913942,7311186,6620190,7459962,3969306,4763827,1304947,6486672,4828162,6226707,4742382,3993928,7304086,3060089,781611,3895440,892431,4043172,3920062,4457812,2142666,848099,7266650,4130635
317409,470853,291835,368557,342983,266261,394131,419705,445279,2486994,2512189,2688554,2537384,2562579,2587774,2612969,2638164,2663359,3972212,5647682,4871048,5669983,3898346,4046078,4785268,3996834,5736886,4312354,5759187,5714585,5781488,319300,3947590,4913938,4742378,4849603,5625381,3873724,3922968,4021456,3849102,4409326,396022,293726,6442166,4336597,5692284,344874,472744,4506298,4806713,370448,4828158,3009041,4360840,4763823,4385083,268152,2983517,3034565,4871052,4433569,447170,4849607,2957993,737283,3162185,5594796,759447,5603080,715119,6464419,7281818,4785272,4892493,421596,4913942,7311186,3969306,7459962,6620190,4763827,1304947,4828162,6486672,4742382,6226707,3993928,3060089,7304086,3895440,781611,4043172,3920062,4457812,2142666,892431,848099,7266650,4892497
317409,470853,291835,368557,342983,266261,394131,419705,445279,2486994,2512189,2688554,2537384,2562579,2587774,2612969,2638164,2663359,3972212,4871048,5647682,3898346,5669983,4046078,4785268,3996834,5736886,4312354,5759187,3947590,319300,4913938,5714585,5781488,4742378,4849603,3873724,3922968,4021456,5625381,3849102,4409326,396022,293726,4336597,6442166,344874,5692284,472744,4506298,4806713,370448,3009041,4828158,4763823,4360840,4385083,268152,2983517,3034565,4871052,4433569,447170,4849607,2957993,3162185,737283,5594796,759447,5603080,715119,4785272,7281818,6464419,4892493,421596,4913942,7311186,3969306,4763827,7459962,6620190,1304947,4828162,4742382,6486672,3060089,6226707,3993928,7304086,3895440,4043172,3920062,781611,2142666,4457812,848099,892431,4892497,7266650
317409,470853,291835,368557,342983,266261,394131,419705,445279,2486994,2512189,2688554,2537384,2562579,2587774,2612969,2638164,2663359,3972212,4871048,5647682,3898346,5669983,4046078,4785268,3996834,5736886,4312354,3947590,4913938,319300,5759187,5781488,5714585,4742378,4849603,3873724,3922968,4021456,3849102,5625381,4409326,396022,293726,4336597,344874,6442166,472744,5692284,4506298,4806713,370448,3009041,4828158,4763823,4360840,4385083,268152,2983517,3034565,4871052,4433569,4849607,447170,2957993,3162185,737283,5594796,4785272,759447,5603080,715119,7281818,6464419,4892493,4913942,421596,7311186,3969306,4763827,7459962,6620190,1304947,4828162,4742382,3060089,6486672,3993928,6226707,3895440,7304086,4043172,3920062,2142666,781611,848099,4892497,4457812,7266650,892431
317409,470853,291835,368557,342983,266261,394131,419705,445279,2486994,2512189,2688554,2537384,2562579,2587774,2612969,2638164,2663359,3972212,4871048,5647682,3898346,4046078,5669983,4785268,3996834,4312354,5736886,3947590,4913938,319300,5759187,4742378,4849603,5781488,5714585,3873724,3922968,4021456,3849102,5625381,4409326,396022,293726,4336597,344874,6442166,472744,4506298,5692284,4806713,370448,3009041,4828158,4763823,4360840,4385083,2983517,268152,3034565,4871052,4849607,4433569,447170,2957993,3162185,737283,4785272,5594796,759447,7281818,4892493,5603080,715119,6464419,4913942,421596,3969306,4763827,7311186,7459962,1304947,6620190,4828162,4742382,3060089,3993928,6486672,3895440,3920062,4043172,6226707,7304086,4892497,848099,2142666,4457812,781611,7266650,5168326
317409,470853,291835,368557,342983,266261,394131,419705,445279,2486994,2512189,2688554,2537384,2562579,2587774,2612969,2638164,2663359,3972212,4871048,5647682,3898346,4046078,5669983,4785268,3996834,4312354,3947590,4913938,5736886,319300,4742378,4849603,5759187,4021456,3873724,3922968,5781488,5714585,3849102,4409326,5625381,396022,293726,4336597,344874,6442166,472744,4506298,4806713,5692284,3009041,370448,4828158,4763823,4360840,4385083,2983517,268152,4871052,3034565,4849607,4433569,2957993,447170,3162185,4785272,737283,5594796,4892493,7281818,4913942,759447,5603080,715119,6464419,421596,4763827,3969306,7311186,1304947,7459962,4828162,6620190,4742382,3060089,3993928,3895440,6486672,3920062,4043172,7304086,6226707,4892497,848099,2142666,4457812,7266650,781611,3944684
317409,470853,291835,368557,342983,266261,394131,419705,445279,2486994,2512189,2688554,2537384,2562579,2587774,2612969,2638164,2663359,3972212,4871048,5647682,3898346,4046078,5669983,4785268,3996834,3947590,4312354,4913938,5736886,4742378,319300,4849603,4021456,3873724,3922968,5759187,5781488,3849102,5714585,4409326,396022,293726,5625381,4336597,344874,472744,6442166,4506298,4806713,5692284,3009041,4828158,370448,4763823,4360840,4385083,2983517,268152,4871052,3034565,4849607,4433569,2957993,3162185,447170,4785272,737283,5594796,4913942,4892493,7281818,759447,6464419,715119,5603080,421596,4763827,3969306,7311186,1304947,7459962,4828162,6620190,4742382,3060089,3993928,3895440,3920062,4043172,6486672,4892497,7304086,6226707,848099,2142666,4457812,7266650,3944684,4806717
317409,470853,291835,368557,342983,266261,394131,419705,445279,2486994,2512189,2688554,2537384,2562579,2587774,2612969,2638164,2663359,3972212,4871048,5647682,3898346,4046078,3996834,4785268,5669983,3947590,4913938,4312354,4742378,4849603,319300,5736886,4021456,3873724,3922968,3849102,5759187,5781488,5714585,4409326,396022,293726,4336597,5625381,344874,472744,4806713,6442166,4506298,5692284,3009041,4828158,4763823,370448,4360840,4385083,2983517,4871052,268152,3034565,4849607,4433569,2957993,3162185,447170,4785272,4913942,737283,5594796,4892493,7281818,759447,6464419,715119,421596,5603080,4763827,3969306,7311186,1304947,4828162,7459962,4742382,6620190,3060089,3993928,3895440,3920062,4043172,4892497,6486672,7304086,848099,6226707,4806717,2142666,3944684,7266650,5168326
317409,470853,291835,368557,342983,266261,394131,419705,445279,2486994,2512189,2688554,2537384,2562579,2587774,2612969,2638164,2663359,3972212,4871048,3898346,5647682,4046078,3996834,4785268,5669983,3947590,4913938,4312354,4742378,4849603,319300,4021456,3922968,3873724,5736886,3849102,5759187,5781488,5714585,4409326,396022,293726,4336597,344874,5625381,4806713,472744,4506298,6442166,3009041,4828158,5692284,4763823,370448,4360840,4385083,2983517,4871052,3034565,268152,4849607,2957993,3162185,4433569,447170,4785272,4913942,4892493,5594796,737283,7281818,4763827,759447,6464419,421596,3969306,715119,5603080,1304947,7311186,4828162,7459962,4742382,3060089,6620190,3895440,3993928,3920062,4043172,4892497,6486672,7304086,848099,4806717,6226707,3944684,2142666,5168326,7266650
317409,470853,291835,368557,342983,266261,394131,419705,445279,2486994,2512189,2688554,2537384,2562579,2587774,2612969,2638164,2663359,3972212,4871048,3898346,5647682,4046078,3996834,4785268,5669983,3947590,4913938,4312354,4742378,4849603,4021456,319300,3922968,3873724,5736886,3849102,5759187,5781488,5714585,4409326,396022,293726,4336597,344874,4806713,472744,5625381,4506298,6442166,3009041,4828158,4763823,5692284,370448,4871052,4360840,2983517,4385083,3034565,268152,4849607,2957993,3162185,4433569,4785272,447170,4913942,4892493,5594796,737283,7281818,4763827,3969306,421596,6464419,759447,715119,1304947,5603080,7311186,4828162,4742382,7459962,3060089,6620190,3895440,3920062,3993928,4892497,4043172,6486672,848099,7304086,4806717,3944684,6226707,5168326,2142666,3085613
317409,470853,291835,368557,342983,266261,394131,419705,445279,2486994,2512189,2688554,2537384,2562579,2587774,2612969,2638164,2663359,3972212,4871048,3898346,5647682,4046078,3996834,4785268,5669983,3947590,4913938,4312354,4742378,4849603,4021456,3922968,3873724,319300,3849102,5736886,5759187,5781488,4409326,396022,293726,5714585,4336597,344874,4806713,472744,4506298,5625381,3009041,6442166,4828158,4763823,370448,5692284,4871052,2983517,4360840,4385083,3034565,268152,4849607,3162185,2957993,4433569,4785272,447170,4913942,4892493,5594796,7281818,4763827,737283,3969306,421596,1304947,6464419,759447,715119,4828162,7311186,5603080,4742382,7459962,3060089,3895440,4892497,3920062,4043172,6620190,3993928,848099,6486672,4806717,7304086,3944684,3085613,5168326,7317808,2142666
317409,470853,291835,368557,342983,266261,394131,419705,445279,2486994,2512189,2688554,2537384,2562579,2587774,2612969,2638164,2663359,3972212,4871048,3898346,4046078,5647682,3996834,4785268,5669983,3947590,4913938,4849603,4742378,4312354,4021456,3922968,3873724,319300,3849102,5736886,4409326,5781488,5759187,396022,293726,4336597,4806713,5714585,344874,472744,3009041,4506298,5625381,4828158,6442166,4763823,4871052,370448,5692284,2983517,4360840,4385083,3034565,4849607,268152,3162185,2957993,4433569,4785272,447170,4913942,4892493,4763827,7281818,5594796,3969306,737283,1304947,421596,6464419,4828162,759447,7311186,715119,5603080,4742382,3060089,7459962,4892497,3895440,3920062,4043172,3993928,6620190,4806717,848099,3944684,6486672,7304086,3085613,7317808,5168326,2142666
317409,470853,291835,368557,342983,266261,394131,419705,445279,2486994,2512189,2688554,2537384,2562579,2587774,2612969,2638164,2663359,3972212,4871048,3898346,4046078,5647682,3996834,4785268,3947590,4913938,5669983,4849603,4742378,4312354,4021456,3922968,3873724,319300,3849102,5736886,4409326,293726,396022,4806713,5781488,4336597,5759187,344874,5714585,3009041,472744,4506298,4828158,5625381,4763823,6442166,4871052,370448,2983517,5692284,3034565,4360840,4385083,4849607,268152,3162185,2957993,4785272,4433569,447170,4913942,4892493,4763827,3969306,7281818,5594796,1304947,737283,421596,4828162,6464419,7311186,759447,4742382,715119,3060089,5603080,7459962,4892497,3895440,3920062,4043172,3993928,6620190,4806717,848099,3944684,3085613,7304086,6486672,7317808,5168326,3870818
317409,470853,291835,368557,266261,342983,394131,419705,445279,2486994,2512189,2688554,2537384,2562579,2587774,2612969,2638164,2663359,3972212,4871048,3898346,4046078,5647682,3996834,4785268,3947590,4913938,4849603,5669983,4742378,4021456,4312354,3922968,3873724,3849102,319300,5736886,4409326,4806713,293726,396022,4336597,344874,5781488,3009041,5759187,472744,5714585,4828158,4506298,4763823,4871052,6442166,5625381,370448,2983517,3034565,4360840,4849607,4385083,5692284,268152,3162185,2957993,4785272,4433569,4913942,447170,4892493,4763827,3969306,1304947,7281818,5594796,4828162,737283,421596,6464419,7311186,4742382,759447,3060089,715119,4892497,5603080,7459962,3895440,3920062,4043172,3993928,6620190,4806717,848099,3944684,3085613,7317808,7304086,5168326,6486672,3870818
317409,470853,291835,368557,266261,342983,394131,419705,445279,2486994,2512189,2688554,2537384,2562579,2587774,2612969,2638164,2663359,3972212,4871048,3898346,4046078,3996834,4785268,5647682,4913938,3947590,4849603,4742378,4021456,5669983,4312354,3922968,3873724,3849102,319300,5736886,4806713,4409326,293726,396022,4336597,3009041,344874,5781488,4828158,472744,5759187,4506298,5714585,4871052,4763823,6442166,5625381,2983517,370448,3034565,4849607,4360840,4385083,5692284,268152,3162185,2957993,4785272,4433569,4913942,447170,4892493,4763827,3969306,1304947,7281818,4828162,5594796,421596,737283,4742382,7311186,6464419,3060089,4892497,759447,715119,3895440,3920062,7459962,4043172,5603080,3993928,4806717,6620190,848099,3944684,3085613,7317808,5168326,3870818,7304086,6486672
317409,470853,291835,368557,266261,342983,394131,419705,445279,2486994,2512189,2688554,2537384,2562579,2587774,2612969,2638164,2663359,3972212,4871048,3898346,4046078,3996834,4785268,5647682,4913938,3947590,4849603,4742378,4021456,4312354,3922968,5669983,3873724,3849102,319300,4806713,4409326,5736886,293726,3009041,396022,4336597,344874,4828158,472744,4871052,5781488,4506298,4763823,5759187,5714585,6442166,2983517,5625381,370448,3034565,4849607,4360840,4385083,5692284,268152,3162185,2957993,4785272,4913942,4433569,447170,4763827,4892493,1304947,3969306,4828162,7281818,5594796,421596,4742382,737283,3060089,7311186,4892497,6464419,3920062,3895440,759447,4043172,715119,7459962,5603080,3993928,4806717,6620190,3944684,848099,3085613,7317808,5168326,3870818,7304086,6486672
317409,470853,291835,368557,266261,342983,394131,419705,445279,2486994,2512189,2688554,2537384,2562579,2587774,2612969,2638164,2663359,3972212,4871048,3898346,4046078,3996834,4785268,5647682,4913938,3947590,4849603,4742378,4021456,3922968,4312354,3873724,5669983,3849102,319300,4806713,4409326,3009041,293726,396022,5736886,4336597,344874,4828158,4871052,472744,4763823,4506298,5781488,5759187,5714585,2983517,6442166,4849607,3034565,370448,5625381,4385083,4360840,5692284,268152,3162185,2957993,4785272,4913942,4433569,447170,4763827,4892493,1304947,3969306,4828162,7281818,5594796,4742382,421596,4892497,3060089,7311186,737283,6464419,3920062,3895440,4043172,759447,7459962,715119,3993928,5603080,4806717,3944684,3085613,848099,7317808,6620190,3870818,5168326,7304086,6486672
317409,470853,291835,368557,266261,342983,394131,419705,445279,2486994,2512189,2688554,2537384,2562579,2587774,2612969,2638164,2663359,3972212,4871048,3898346,4046078,3996834,4785268,5647682,4913938,3947590,4849603,4021456,4742378,3922968,3873724,4312354,3849102,5669983,319300,4806713,3009041,4409326,293726,4871052,396022,4828158,4336597,344874,5736886,472744,4763823,4506298,5781488,2983517,5759187,4849607,3034565,5714585,6442166,370448,5625381,4385083,4360840,268152,5692284,3162185,2957993,4785272,4913942,4433569,4763827,447170,4892493,1304947,3969306,4828162,7281818,4742382,4892497,5594796,3060089,421596,7311186,737283,3920062,3895440,6464419,4043172,7459962,759447,3993928,715119,4806717,5603080,3085613,3944684,848099,7317808,6620190,3870818,5168326,7304086,7266650
317409,470853,291835,368557,266261,342983,394131,419705,445279,2486994,2512189,2688554,2537384,2562579,2587774,2612969,2638164,2663359,3972212,4871048,3898346,4046078,3996834,4785268,5647682,4913938,3947590,4849603,4021456,4742378,3922968,3873724,4312354,3849102,5669983,319300,4806713,3009041,4871052,4409326,293726,4828158,396022,4336597,344874,4763823,5736886,472744,4506298,4849607,2983517,5781488,3034565,5759187,6442166,5714585,370448,5625381,4385083,4360840,268152,3162185,5692284,4785272,2957993,4913942,4433569,4763827,447170,1304947,4892493,3969306,4828162,7281818,4892497,4742382,3060089,5594796,421596,7311186,3920062,3895440,4043172,737283,6464419,3993928,7459962,4806717,759447,715119,3085613,3944684,5603080,7317808,848099,3870818,6620190,5168326,7304086,7266650
317409,470853,291835,368557,266261,342983,394131,419705,445279,2486994,2512189,2688554,2537384,2562579,2587774,2612969,2638164,2663359,3972212,4871048,3898346,4046078,3996834,4785268,5647682,4913938,3947590,4849603,4021456,4742378,3922968,3873724,4312354,3849102,5669983,319300,4806713,3009041,4871052,4409326,4828158,293726,396022,4336597,344874,4763823,472744,4506298,4849607,5736886,2983517,3034565,5781488,5759187,6442166,370448,5714585,4385083,5625381,4360840,268152,3162185,4785272,2957993,5692284,4913942,4433569,4763827,1304947,447170,4892493,3969306,4828162,4892497,4742382,7281818,3060089,421596,5594796,3920062,7311186,3895440,4043172,737283,6464419,3993928,4806717,7459962,759447,3085613,3944684,715119,7317808,848099,5603080,3870818,5168326,6620190,7304086,7266650
317409,470853,291835,368557,266261,342983,394131,419705,445279,2486994,2512189,2688554,2537384,2562579,2587774,2612969,2638164,2663359,3972212,4871048,3898346,4046078,3996834,4785268,4913938,3947590,5647682,4849603,4021456,4742378,3922968,3873724,3849102,4312354,319300,5669983,4806713,4871052,3009041,4828158,4409326,293726,396022,4336597,4763823,344874,4849607,472744,4506298,2983517,3034565,5736886,5781488,370448,6442166,5759187,5714585,4385083,4360840,5625381,3162185,268152,4785272,2957993,4913942,5692284,4763827,4433569,1304947,4892493,447170,3969306,4828162,4892497,4742382,3060089,7281818,3920062,3895440,421596,4043172,7311186,5594796,737283,6464419,4806717,3993928,7459962,3085613,3944684,7317808,759447,848099,715119,3870818,5603080,5168326,6620190,7304086,7266650
317409,470853,291835,368557,266261,342983,394131,419705,445279,2486994,2512189,2688554,2537384,2562579,2587774,2612969,2638164,2663359,3972212,4871048,3898346,4046078,3996834,4785268,4913938,3947590,4849603,4021456,4742378,5647682,3922968,3873724,3849102,4312354,319300,5669983,4871052,4806713,3009041,4828158,4409326,293726,4763823,396022,4336597,4849607,344874,472744,2983517,4506298,3034565,5736886,5781488,370448,6442166,5759187,4385083,5714585,4360840,3162185,5625381,4785272,268152,2957993,4913942,5692284,4763827,1304947,4433569,3969306,4892493,447170,4828162,4892497,4742382,3060089,7281818,3920062,3895440,4043172,421596,7311186,5594796,4806717,3993928,6464419,737283,3085613,7459962,3944684,7317808,848099,759447,3870818,715119,5168326,5603080,6620190,7295540,7304086
317409,470853,291835,368557,266261,342983,394131,419705,445279,2486994,2512189,2688554,2537384,2562579,2587774,2612969,2638164,2663359,3972212,4871048,3898346,4046078,3996834,4785268,4913938,3947590,4849603,4021456,4742378,5647682,3922968,3873724,3849102,4312354,319300,4871052,4806713,3009041,5669983,4828158,4409326,293726,4849607,4763823,4336597,396022,344874,2983517,472744,3034565,4506298,5736886,370448,5781488,6442166,4385083,4360840,5759187,3162185,5714585,4785272,5625381,268152,2957993,4913942,5692284,4763827,1304947,4433569,3969306,4892493,4828162,447170,4892497,4742382,3060089,7281818,3920062,3895440,4043172,421596,7311186,5594796,4806717,3993928,3085613,6464419,3944684,7459962,7317808,737283,848099,3870818,759447,5168326,715119,5603080,6620190,7295540,7304086
317409,470853,291835,368557,266261,342983,394131,419705,445279,2486994,2512189,2688554,2537384,2562579,2587774,2612969,2638164,2663359,3972212,4871048,3898346,4046078,3996834,4785268,4913938,3947590,4021456,4849603,4742378,3922968,5647682,3873724,3849102,4312354,4871052,319300,4806713,3009041,5669983,4828158,4849607,4409326,4763823,293726,4336597,396022,344874,2983517,3034565,472744,4506298,5736886,370448,5781488,6442166,4385083,3162185,4360840,4785272,5759187,5714585,2957993,268152,4913942,5625381,4763827,5692284,1304947,4433569,3969306,4828162,4892493,4892497,447170,4742382,3060089,3920062,7281818,3895440,4043172,7311186,421596,4806717,5594796,3993928,3085613,3944684,7317808,6464419,7459962,737283,3870818,848099,5168326,759447,715119,7295540,5603080,6620190,7266650
317409,470853,291835,368557,266261,342983,394131,419705,445279,2486994,2512189,2688554,2537384,2562579,2587774,2612969,2638164,2663359,3972212,4871048,3898346,4046078,3996834,4785268,4913938,3947590,4021456,4849603,4742378,3922968,3873724,5647682,3849102,4312354,4871052,319300,3009041,4806713,4828158,5669983,4849607,4763823,4409326,293726,4336597,396022,344874,3034565,2983517,472744,4506298,5736886,370448,3162185,4785272,4385083,6442166,5781488,4360840,2957993,4913942,5759187,268152,5714585,5625381,4763827,1304947,5692284,3969306,4433569,4828162,4892493,4892497,447170,4742382,3060089,3920062,3895440,4043172,7281818,4806717,7311186,421596,3085613,5594796,3993928,7317808,3944684,7459962,6464419,3870818,848099,737283,5168326,759447,715119,7295540,5603080,6620190,7266650
317409,470853,291835,368557,266261,342983,394131,419705,445279,2486994,2512189,2688554,2537384,2562579,2587774,2612969,2638164,2663359,3972212,4871048,3898346,4046078,3996834,4785268,4913938,4021456,3947590,4849603,4742378,3922968,3873724,3849102,5647682,4312354,4871052,3009041,4806713,319300,4828158,4849607,5669983,4763823,4409326,293726,3034565,2983517,4336597,396022,344874,472744,4506298,370448,3162185,5736886,4785272,4385083,6442166,4360840,5781488,4913942,2957993,268152,5759187,5714585,5625381,4763827,1304947,5692284,3969306,4828162,4433569,4892497,4892493,447170,4742382,3060089,3920062,3895440,4043172,7281818,4806717,7311186,421596,3085613,3993928,7317808,3944684,5594796,3870818,7459962,848099,6464419,737283,5168326,759447,7295540,715119,6620190,5191490,7266650
317409,470853,291835,368557,266261,342983,394131,419705,445279,2486994,2512189,2688554,2537384,2562579,2587774,2612969,2638164,2663359,3972212,4871048,3898346,4046078,3996834,4785268,4913938,4021456,4849603,3947590,4742378,3922968,3873724,3849102,5647682,4871052,4312354,3009041,4806713,319300,4849607,4828158,4763823,5669983,4409326,293726,3034565,2983517,4336597,344874,396022,472744,4506298,4785272,3162185,370448,5736886,4385083,4913942,4360840,6442166,2957993,5781488,268152,5759187,5714585,4763827,5625381,1304947,3969306,4828162,4892497,5692284,4433569,4892493,4742382,447170,3060089,3920062,3895440,4043172,7281818,4806717,7311186,3085613,421596,3993928,7317808,3944684,5594796,3870818,848099,7459962,6464419,5168326,737283,7295540,759447,715119,5191490,7266650,6620190
317409,470853,291835,368557,266261,342983,394131,419705,445279,2486994,2512189,2688554,2537384,2562579,2587774,2612969,2638164,2663359,3972212,4871048,3898346,4046078,3996834,4785268,4913938,4021456,4849603,3947590,4742378,3922968,3873724,3849102,4871052,5647682,4312354,3009041,4806713,319300,4849607,4828158,4763823,3034565,5669983,2983517,293726,4409326,4336597,344874,396022,472744,4506298,4785272,3162185,370448,4913942,4385083,4360840,2957993,5736886,6442166,5781488,268152,4763827,1304947,5759187,5714585,5625381,4892497,3969306,4828162,4892493,4433569,5692284,4742382,3060089,447170,3920062,3895440,4043172,4806717,7281818,3085613,7311186,421596,7317808,3993928,3944684,3870818,5594796,848099,7459962,6464419,5168326,737283,7295540,759447,5191490,715119,7266650,7340076
317409,470853,291835,368557,266261,342983,394131,419705,445279,2486994,2512189,2688554,2537384,2562579,2587774,2612969,2638164,2663359,3972212,4871048,3898346,4046078,3996834,4785268,4913938,4021456,4849603,3947590,4742378,3922968,3873724,3849102,4871052,4312354,5647682,3009041,4806713,4849607,319300,4828158,4763823,3034565,2983517,293726,4409326,5669983,4336597,344874,396022,472744,4506298,4785272,3162185,370448,4913942,4385083,2957993,4360840,5736886,6442166,268152,5781488,4763827,1304947,5759187,5714585,5625381,4892497,4828162,3969306,4892493,4433569,5692284,4742382,3060089,447170,3920062,3895440,4043172,4806717,7281818,3085613,7311186,7317808,3944684,3993928,421596,3870818,5594796,848099,7459962,5168326,6464419,7295540,737283,5191490,759447,7340076,7266650,715119
317409,470853,291835,368557,266261,342983,394131,419705,445279,2486994,2512189,2688554,2537384,2562579,2587774,2612969,2638164,2663359,3972212,4871048,3898346,4046078,3996834,4785268,4021456,4913938,4849603,3947590,4742378,3922968,3873724,3849102,4871052,4312354,5647682,3009041,4806713,4849607,4828158,319300,4763823,3034565,2983517,293726,4409326,4336597,5669983,344874,396022,472744,4506298,4785272,3162185,4913942,370448,2957993,4385083,4360840,6442166,5736886,4763827,268152,1304947,5781488,4892497,5759187,4828162,3969306,5714585,5625381,4892493,4433569,4742382,3060089,5692284,3920062,447170,3895440,4043172,4806717,3085613,7281818,7317808,3944684,7311186,3993928,421596,3870818,848099,5594796,7459962,5168326,6464419,7295540,737283,7340076,5191490,759447,7266650,7451416
317409,470853,291835,368557,266261,342983,394131,419705,445279,2486994,2512189,2688554,2537384,2562579,2587774,2612969,2638164,2663359,3972212,4871048,3898346,4046078,3996834,4785268,4021456,4913938,4849603,3947590,4742378,3922968,3873724,4871052,3849102,4312354,3009041,5647682,4849607,4806713,4828158,319300,4763823,3034565,2983517,293726,4409326,4336597,344874,396022,5669983,472744,4506298,4785272,3162185,4913942,370448,2957993,4385083,4360840,4763827,1304947,6442166,268152,5736886,5781488,4892497,4828162,3969306,5759187,5714585,5625381,4892493,4742382,4433569,3060089,3920062,5692284,3895440,447170,4043172,4806717,3085613,7281818,7317808,3944684,7311186,3993928,3870818,421596,848099,5594796,7459962,5168326,7295540,6464419,737283,7340076,5191490,7451416,7266650,3846196
317409,470853,291835,368557,266261,342983,394131,419705,445279,2486994,2512189,2688554,2537384,2562579,2587774,2612969,2638164,2663359,3972212,4871048,3898346,4046078,3996834,4785268,4021456,4913938,4849603,3947590,4742378,3922968,3873724,4871052,3849102,3009041,4312354,4849607,4806713,5647682,4828158,319300,4763823,3034565,2983517,293726,4409326,4336597,344874,396022,5669983,472744,4506298,4785272,3162185,4913942,2957993,370448,4385083,4360840,4763827,1304947,268152,6442166,4892497,5736886,5781488,4828162,3969306,5759187,5625381,5714585,4892493,4742382,3060089,4433569,3920062,3895440,4043172,5692284,447170,4806717,3085613,7317808,7281818,3944684,3993928,7311186,3870818,421596,848099,5168326,5594796,7459962,7295540,6464419,7340076,737283,5191490,7451416,3846196,7266650
317409,470853,291835,368557,266261,342983,394131,419705,445279,2486994,2512189,2688554,2537384,2562579,2587774,2612969,2638164,2663359,3972212,4871048,3898346,4046078,3996834,4785268,4021456,4913938,4849603,3947590,4742378,3922968,4871052,3873724,3849102,3009041,4849607,4312354,4806713,5647682,4828158,319300,4763823,3034565,2983517,293726,4409326,4336597,344874,396022,472744,4785272,4506298,5669983,3162185,4913942,2957993,370448,4385083,4763827,1304947,4360840,268152,4892497,6442166,4828162,5736886,3969306,5781488,4892493,4742382,3060089,5759187,5625381,5714585,4433569,3920062,3895440,4043172,4806717,447170,5692284,3085613,7317808,3944684,7281818,3993928,3870818,7311186,421596,848099,5168326,7295540,7459962,5594796,6464419,7340076,5191490,7451416,737283,3846196,7266650
317409,470853,291835,368557,266261,342983,394131,419705,445279,2486994,2512189,2688554,2537384,2562579,2587774,2612969,2638164,2663359,3972212,4871048,3898346,4046078,3996834,4785268,4021456,4913938,4849603,3947590,4742378,4871052,3922968,3873724,3849102,4849607,3009041,4312354,4806713,4828158,5647682,319300,3034565,4763823,2983517,293726,4409326,4336597,344874,396022,4785272,472744,3162185,4506298,4913942,5669983,2957993,370448,1304947,4763827,4385083,4360840,4892497,268152,6442166,4828162,3969306,5736886,5781488,4742382,4892493,3060089,5759187,5625381,4433569,3920062,5714585,3895440,4043172,4806717,447170,3085613,5692284,7317808,3944684,7281818,3870818,3993928,7311186,421596,848099,5168326,7295540,7459962,5594796,7340076,6464419,7451416,5191490,3846196,737283,7266650
317409,470853,291835,368557,266261,342983,394131,419705,445279,2486994,2512189,2688554,2537384,2562579,2587774,2612969,2638164,2663359,3972212,4871048,3898346,4046078,3996834,4785268,4021456,4913938,4849603,3947590,4742378,4871052,3922968,3873724,3849102,4849607,3009041,4806713,4312354,4828158,5647682,3034565,319300,4763823,2983517,293726,4409326,4336597,4785272,344874,396022,3162185,472744,4913942,4506298,5669983,2957993,1304947,4763827,370448,4385083,4892497,4360840,268152,4828162,6442166,3969306,5736886,5781488,4742382,3060089,4892493,3920062,4433569,3895440,4043172,5625381,5759187,5714585,4806717,3085613,447170,7317808,5692284,3944684,3870818,7281818,3993928,7311186,421596,848099,7295540,5168326,7459962,5594796,7340076,7451416,6464419,5191490,3846196,870263,7266650
317409,470853,291835,368557,266261,342983,394131,419705,445279,2486994,2512189,2688554,2537384,2562579,2587774,2612969,2638164,2663359,3972212,4871048,3898346,4046078,3996834,4785268,4021456,4849603,4913938,3947590,4742378,4871052,3922968,3873724,3849102,4849607,3009041,4806713,4312354,4828158,3034565,4763823,5647682,319300,2983517,293726,4409326,4785272,4336597,344874,3162185,4913942,396022,472744,4506298,5669983,2957993,1304947,4763827,370448,4892497,4385083,4360840,4828162,268152,3969306,6442166,4742382,3060089,5736886,4892493,5781488,3920062,3895440,4043172,4433569,4806717,5625381,5759187,5714585,3085613,447170,7317808,3944684,5692284,3870818,3993928,7281818,7311186,848099,421596,7295540,5168326,7459962,5594796,7340076,7451416,5191490,3846196,6464419,870263,7266650
317409,470853,291835,368557,266261,342983,394131,419705,445279,2486994,2512189,2688554,2537384,2562579,2587774,2612969,2638164,2663359,3972212,4871048,3898346,4046078,3996834,4785268,4021456,4849603,4913938,3947590,4742378,4871052,3922968,3873724,3849102,4849607,3009041,4806713,4312354,4828158,3034565,4763823,2983517,319300,5647682,4785272,293726,4409326,4913942,4336597,3162185,344874,396022,472744,4506298,1304947,2957993,4763827,5669983,4892497,370448,4385083,4360840,4828162,268152,3969306,6442166,4742382,3060089,4892493,5736886,3920062,5781488,3895440,4043172,4806717,4433569,3085613,5625381,5759187,5714585,7317808,447170,3944684,3870818,5692284,3993928,7281818,7311186,848099,421596,7295540,5168326,7459962,7340076,5594796,7451416,3846196,5191490,6464419,870263,7266650
317409,470853,291835,368557,266261,342983,394131,419705,445279,2486994,2512189,2688554,2537384,2562579,2587774,2612969,2638164,2663359,3972212,4871048,3898346,4046078,3996834,4785268,4021456,4849603,4913938,3947590,4871052,4742378,3922968,3873724,3849102,4849607,3009041,4806713,4312354,4828158,3034565,4763823,2983517,319300,5647682,4785272,293726,4409326,4913942,3162185,4336597,344874,396022,472744,4506298,1304947,4763827,2957993,4892497,5669983,370448,4385083,4828162,4360840,3969306,268152,6442166,4742382,3060089,4892493,3920062,3895440,5736886,4043172,4806717,5781488,4433569,3085613,7317808,5625381,5759187,5714585,447170,3944684,3870818,3993928,5692284,7281818,7311186,848099,7295540,421596,5168326,7340076,7459962,7451416,5594796,3846196,5191490,870263,6464419,7266650
317409,470853,291835,368557,266261,342983,394131,419705,445279,2486994,2512189,2688554,2537384,2562579,2587774,2612969,2638164,2663359,3972212,4871048,3898346,4046078,3996834,4785268,4021456,4849603,4913938,4871052,3947590,4742378,3922968,3873724,3849102,4849607,3009041,4806713,4828158,4312354,3034565,4763823,2983517,319300,5647682,4785272,4913942,293726,3162185,4409326,4336597,344874,396022,472744,4506298,1304947,4763827,2957993,4892497,5669983,370448,4385083,4828162,4360840,3969306,268152,4742382,3060089,6442166,4892493,3920062,3895440,4043172,4806717,5736886,3085613,5781488,4433569,7317808,3944684,5625381,447170,3870818,5759187,5714585,3993928,7281818,5692284,7311186,848099,7295540,421596,5168326,7340076,7459962,7451416,3846196,5191490,5594796,870263,6464419,7266650
317409,470853,291835,368557,266261,342983,394131,419705,445279,2486994,2512189,2688554,2537384,2562579,2587774,2612969,2638164,2663359,3972212,4871048,3898346,4046078,3996834,4785268,4021456,4849603,4913938,4871052,3947590,4742378,3922968,3873724,3849102,4849607,3009041,4806713,4828158,4312354,3034565,4763823,2983517,319300,5647682,4785272,4913942,3162185,293726,4409326,4336597,344874,396022,1304947,472744,4506298,4763827,4892497,2957993,4828162,370448,5669983,4385083,4360840,3969306,268152,4742382,3060089,6442166,3920062,4892493,3895440,4043172,4806717,3085613,5736886,4433569,5781488,7317808,3944684,3870818,447170,5625381,5759187,5714585,3993928,7281818,7311186,848099,5692284,7295540,5168326,421596,7340076,7451416,7459962,3846196,5191490,5594796,870263,6464419,7266650
317409,470853,291835,368557,266261,342983,394131,419705,445279,2486994,2512189,2688554,2537384,2562579,2587774,2612969,2638164,2663359,3972212,4871048,3898346,4046078,3996834,4785268,4021456,4849603,4871052,4913938,3947590,4742378,3922968,3873724,4849607,3849102,3009041,4806713,4828158,4312354,3034565,4763823,2983517,319300,4785272,5647682,4913942,3162185,293726,4409326,4336597,344874,1304947,396022,4763827,4892497,472744,4506298,2957993,4828162,370448,4385083,5669983,3969306,4360840,268152,4742382,3060089,3920062,6442166,4892493,3895440,4043172,4806717,3085613,7317808,4433569,5736886,5781488,3944684,3870818,447170,5625381,3993928,5759187,5714585,7281818,848099,7311186,7295540,5692284,5168326,421596,7340076,7451416,3846196,7459962,5191490,5594796,870263,7266650,3044431
317409,470853,291835,368557,266261,342983,394131,419705,445279,2486994,2512189,2688554,2537384,2562579,2587774,2612969,2638164,2663359,3972212,4871048,3898346,4046078,3996834,4785268,4021456,4871052,4849603,4913938,3947590,4742378,3922968,3873724,4849607,3849102,3009041,4806713,4828158,4312354,3034565,4763823,2983517,319300,4785272,4913942,3162185,5647682,293726,4409326,1304947,4336597,344874,4892497,4763827,396022,472744,2957993,4506298,4828162,370448,4385083,3969306,4360840,5669983,268152,4742382,3060089,3920062,4892493,3895440,4806717,4043172,6442166,3085613,7317808,4433569,3944684,5736886,5781488,3870818,447170,3993928,5625381,5759187,5714585,848099,7295540,7281818,7311186,5168326,5692284,7340076,421596,7451416,3846196,7459962,5191490,870263,5594796,3044431,7266650
317409,470853,291835,368557,266261,342983,394131,419705,445279,2486994,2512189,2688554,2537384,2562579,2587774,2612969,2638164,2663359,3972212,4871048,3898346,4046078,3996834,4785268,4021456,4871052,4849603,4913938,3947590,4742378,3922968,4849607,3873724,3849102,3009041,4806713,4828158,3034565,4312354,4763823,2983517,4785272,319300,4913942,3162185,5647682,293726,1304947,4409326,4892497,4763827,4336597,344874,396022,2957993,472744,4506298,4828162,3969306,370448,4385083,4360840,5669983,4742382,268152,3060089,3920062,4806717,3895440,4043172,4892493,6442166,3085613,7317808,4433569,3944684,3870818,5736886,5781488,447170,3993928,5625381,7295540,848099,5759187,7281818,7311186,5714585,5168326,7340076,421596,5692284,7451416,3846196,7459962,5191490,870263,5594796,3044431,7266650
317409,470853,291835,368557,266261,342983,394131,419705,445279,2486994,2512189,2688554,2537384,2562579,2587774,2612969,2638164,2663359,3972212,4871048,3898346,4046078,3996834,4785268,4021456,4871052,4849603,4913938,3947590,4742378,3922968,4849607,3873724,3849102,3009041,4806713,4828158,3034565,4312354,4763823,2983517,4785272,4913942,319300,3162185,1304947,4892497,5647682,293726,4763827,4409326,4336597,344874,2957993,396022,472744,4506298,4828162,3969306,370448,4385083,4360840,4742382,3060089,268152,5669983,3920062,4806717,3895440,4043172,4892493,3085613,6442166,7317808,3944684,4433569,3870818,5736886,5781488,3993928,447170,7295540,848099,5625381,7311186,7281818,5759187,5168326,5714585,7340076,7451416,421596,5692284,3846196,7459962,5191490,870263,3044431,5594796,7266650
317409,470853,291835,368557,266261,342983,394131,419705,445279,2486994,2512189,2688554,2537384,2562579,2587774,2612969,2638164,2663359,3972212,4871048,3898346,4046078,3996834,4785268,4871052,4021456,4849603,4913938,3947590,4742378,4849607,3922968,3873724,3849102,3009041,4806713,4828158,3034565,4312354,4763823,2983517,4785272,4913942,319300,3162185,4892497,1304947,4763827,293726,5647682,4409326,344874,4336597,2957993,396022,472744,4506298,4828162,3969306,4385083,370448,4742382,3060089,4360840,268152,3920062,5669983,4806717,3895440,4043172,4892493,3085613,7317808,6442166,3944684,3870818,4433569,3993928,5736886,5781488,447170,7295540,848099,5625381,7311186,7281818,5168326,7340076,5759187,5714585,7451416,421596,3846196,5692284,5191490,7459962,870263,3044431,5594796,7273272
317409,470853,291835,368557,266261,342983,394131,419705,445279,2486994,2512189,2688554,2537384,2562579,2587774,2612969,2638164,2663359,3972212,4871048,3898346,4046078,3996834,4785268,4871052,4021456,4849603,4913938,3947590,4742378,4849607,3922968,3873724,3849102,3009041,4806713,4828158,3034565,4312354,4763823,2983517,4785272,4913942,3162185,319300,4892497,1304947,4763827,293726,4409326,5647682,344874,2957993,4336597,472744,396022,4506298,4828162,3969306,4385083,370448,4742382,3060089,4360840,3920062,268152,4806717,3895440,4043172,5669983,3085613,4892493,7317808,6442166,3944684,3870818,4433569,3993928,447170,7295540,5781488,5736886,848099,7311186,7340076,5168326,7281818,5625381,7451416,5759187,3846196,5714585,421596,5692284,5191490,7459962,870263,3044431,7273272,5594796
317409,470853,291835,368557,266261,342983,394131,419705,445279,2486994,2512189,2688554,2537384,2562579,2587774,2612969,2638164,2663359,3972212,4871048,3898346,4046078,3996834,4785268,4871052,4021456,4849603,4913938,3947590,4742378,4849607,3922968,3873724,3849102,3009041,4806713,4828158,3034565,2983517,4763823,4312354,4785272,4913942,3162185,319300,4892497,1304947,4763827,293726,4409326,2957993,344874,5647682,4336597,4828162,472744,396022,4506298,3969306,4742382,3060089,4385083,370448,3920062,4360840,4806717,268152,3895440,4043172,3085613,4892493,5669983,7317808,3944684,6442166,3870818,4433569,3993928,7295540,447170,848099,5781488,5736886,7340076,5168326,7311186,7281818,7451416,5625381,3846196,421596,5759187,5714585,5191490,5692284,7459962,870263,3044431,7273272,7362344
317409,470853,291835,368557,266261,342983,394131,419705,445279,2486994,2512189,2688554,2537384,2562579,2587774,2612969,2638164,2663359,3972212,4871048,3898346,4046078,3996834,4785268,4871052,4021456,4849603,4913938,3947590,4742378,4849607,3922968,3873724,3849102,3009041,4806713,4828158,3034565,2983517,4763823,4312354,4785272,4913942,3162185,4892497,1304947,319300,4763827,293726,2957993,4409326,344874,4336597,4828162,5647682,472744,396022,4506298,3969306,4742382,3060089,4385083,370448,3920062,4806717,4360840,3895440,4043172,268152,3085613,4892493,7317808,5669983,3944684,3870818,6442166,4433569,3993928,7295540,447170,848099,7340076,5781488,5736886,5168326,7311186,7451416,7281818,3846196,5625381,421596,5759187,5714585,5191490,870263,7459962,5692284,3044431,7273272,7362344
317409,470853,291835,368557,266261,342983,394131,419705,445279,2486994,2512189,2688554,2537384,2562579,2587774,2612969,2638164,2663359,3972212,4871048,3898346,4046078,3996834,4785268,4871052,4021456,4849603,4913938,3947590,4742378,4849607,3922968,3873724,3849102,3009041,4806713,4828158,3034565,2983517,4763823,4312354,4785272,4913942,4892497,3162185,1304947,319300,4763827,293726,2957993,4409326,4828162,344874,4336597,5647682,472744,396022,4506298,3969306,4742382,3060089,4385083,3920062,370448,4806717,4360840,3895440,4043172,3085613,268152,4892493,7317808,5669983,3944684,3870818,6442166,4433569,3993928,7295540,848099,447170,7340076,5168326,7451416,5781488,7311186,5736886,7281818,3846196,5625381,421596,5191490,5759187,5714585,870263,7459962,3044431,5692284,7273272,7362344
317409,470853,291835,368557,266261,342983,394131,419705,445279,2486994,2512189,2688554,2537384,2562579,2587774,2612969,2638164,2663359,3972212,4871048,3898346,4046078,3996834,4785268,4871052,4021456,4849603,4913938,4849607,4742378,3947590,3922968,3873724,3849102,3009041,4806713,4828158,3034565,2983517,4763823,4785272,4312354,4913942,4892497,3162185,1304947,4763827,319300,2957993,293726,4828162,4409326,344874,4336597,472744,5647682,396022,4506298,3969306,4742382,3060089,3920062,4385083,4806717,370448,4043172,3895440,3085613,4360840,268152,7317808,4892493,3944684,3870818,5669983,6442166,4433569,7295540,3993928,848099,7340076,447170,7451416,5168326,7311186,3846196,5781488,7281818,5736886,5625381,421596,5191490,870263,3044431,5759187,5714585,7459962,7273272,7362344,5692284
317409,470853,291835,368557,266261,342983,394131,419705,445279,2486994,2512189,2688554,2537384,2562579,2587774,2612969,2638164,2663359,3972212,3898346,4871048,4046078,3996834,4871052,4785268,4021456,4849603,4913938,4849607,4742378,3947590,3922968,3873724,3849102,3009041,4806713,4828158,3034565,2983517,4763823,4785272,4913942,4312354,4892497,3162185,1304947,4763827,319300,2957993,4828162,293726,4409326,344874,4336597,472744,3969306,396022,4506298,5647682,4742382,3060089,3920062,4806717,4385083,370448,4043172,3895440,3085613,4360840,268152,7317808,4892493,3944684,3870818,5669983,6442166,4433569,7295540,3993928,848099,7340076,447170,7451416,5168326,3846196,7311186,7281818,5781488,5736886,421596,5191490,5625381,870263,3044431,7459962,5759187,5714585,7362344,7273272,5237818
317409,470853,291835,368557,266261,342983,394131,419705,445279,2486994,2512189,2688554,2537384,2562579,2587774,2612969,2638164,2663359,3972212,3898346,4871048,4046078,3996834,4871052,4785268,4021456,4849603,4913938,4849607,4742378,3947590,3922968,3873724,3849102,3009041,4806713,4828158,3034565,2983517,4763823,4785272,4913942,4312354,4892497,1304947,3162185,4763827,319300,2957993,4828162,293726,4409326,344874,4336597,3969306,472744,4506298,396022,5647682,4742382,3060089,3920062,4806717,4043172,4385083,3895440,3085613,370448,4360840,7317808,268152,4892493,3944684,3870818,5669983,6442166,7295540,4433569,3993928,7340076,848099,7451416,447170,5168326,3846196,7311186,7281818,5781488,5736886,5191490,421596,870263,3044431,5625381,7362344,7459962,7273272,5759187,5714585,5237818
317409,470853,291835,368557,266261,342983,394131,419705,445279,2486994,2512189,2688554,2537384,2562579,2587774,2612969,2638164,2663359,3972212,3898346,4871048,4046078,3996834,4871052,4785268,4021456,4849603,4849607,4913938,4742378,3947590,3922968,3873724,3849102,3009041,4806713,4828158,3034565,2983517,4763823,4785272,4913942,4892497,4312354,1304947,3162185,4763827,319300,4828162,2957993,293726,4409326,344874,4336597,3969306,472744,4506298,396022,4742382,3060089,5647682,3920062,4806717,3085613,4043172,3895440,4385083,370448,7317808,4360840,268152,4892493,3944684,3870818,5669983,7295540,6442166,4433569,3993928,7340076,848099,7451416,5168326,447170,3846196,7311186,7281818,5781488,5191490,5736886,870263,421596,3044431,7362344,5625381,7273272,7459962,5237818,715116,825935
317409,470853,291835,368557,266261,342983,394131,419705,445279,2486994,2512189,2688554,2537384,2562579,2587774,2612969,2638164,2663359,3972212,3898346,4871048,4046078,4871052,3996834,4785268,4021456,4849603,4849607,4913938,4742378,3947590,3922968,3873724,3849102,3009041,4806713,4828158,3034565,2983517,4785272,4763823,4913942,4892497,4312354,1304947,3162185,4763827,319300,4828162,2957993,293726,4409326,3969306,344874,4336597,472744,3060089,4742382,4506298,396022,3920062,4806717,5647682,3085613,4043172,3895440,4385083,370448,7317808,4360840,268152,4892493,3870818,3944684,7295540,5669983,6442166,3993928,4433569,7340076,848099,7451416,5168326,3846196,447170,7311186,7281818,5191490,5781488,870263,3044431,5736886,421596,7362344,7273272,5625381,7459962,5237818,715116,825935
317409,470853,291835,368557,266261,342983,394131,419705,445279,2486994,2512189,2688554,2537384,2562579,2587774,2612969,2638164,2663359,3972212,3898346,4871048,4046078,4871052,3996834,4785268,4021456,4849603,4849607,4913938,4742378,3947590,3922968,3873724,3009041,3849102,4806713,4828158,3034565,2983517,4785272,4913942,4763823,4892497,1304947,4312354,3162185,4763827,4828162,319300,2957993,293726,3969306,4409326,344874,4336597,3060089,4742382,472744,4506298,396022,4806717,3920062,3085613,4043172,3895440,5647682,4385083,7317808,370448,4360840,4892493,268152,3870818,3944684,7295540,5669983,3993928,7340076,4433569,6442166,848099,7451416,3846196,5168326,447170,7311186,7281818,5191490,870263,3044431,5781488,421596,7362344,5736886,7273272,7459962,5237818,5625381,715116,825935
