4282179,4282106,4282251,4282180,4282178,71053621,4282252,4282107,71038144,4268017,64967623,4268018,4268090,50461035,71053622,4282105,2457575,96393452,71053620,2443923,71038145,2443924,4282033,2457576,2457648,4253782,96752099,84918214,35145181,64967622,4268091,84963472,50519802,4296339,68624856,64980292,68581056,84903176,68595656,4253855,35132161,27791569,87812857,68581055,87799207,50461034,84903104,64954953,64790808,4282034,4282250,68566455,96752098,64980293,24764421,2457647,64370629,68610256,4253783,4282324,64967624,4253856,71069098,68595655,50461036,84948361,4267944,71038143,96393453,24809826,50475782,64942283,4296340,84933251,50475708,96766480,84933324,68624929,50534476,64954952,64790809,96737718,64917014,35132160,4253781,50475709,27791544,53464646,84918141,55251657,84963400,53464717,36051899,68639529,38302507,35106190,50519801,64917015,84918213,82400126
4282180,4282107,4282179,4282181,4282252,71053622,4282253,4282108,71038145,4268018,64967624,4268019,4268091,50461036,71053623,4282106,2457576,96393453,71053621,2443924,71038146,2443925,4282034,2457577,2457649,4253783,96752100,84918215,64967623,35145182,4268092,84963473,4296340,50519803,68624857,64980293,68581057,84903177,68595657,35132162,4253856,87812858,27791570,50461035,87799208,68581056,64954954,64790809,84903105,4282251,4282035,64980294,96752099,68566456,24764422,2457648,64370630,68610257,4253784,64967625,4282325,50461037,84948362,71069099,4253857,68595656,24809827,4267945,96393454,71038144,64942284,84933252,50475783,4296341,50475709,84933325,96766481,68624930,64954953,50534477,96737719,64917015,64790810,4253782,35132161,50475710,27791545,84918142,53464647,84963401,55251658,68639530,36051900,38302508,35106191,50519802,84918214,53464718,64917016,64992963
4282181,4282108,4282182,71053623,4282253,4282180,4282254,4282109,71038146,4268019,64967625,4268020,50461037,4268092,71053624,2457577,4282107,96393454,71053622,2443925,71038147,2443926,4282035,2457578,2457650,4253784,96752101,84918216,64967624,35145183,4268093,84963474,50519804,68624858,68581058,64980294,4296341,84903178,68595658,35132163,87812859,4253857,27791571,50461036,87799209,64954955,68581057,4282036,84903106,64790810,4282252,64980295,68566457,96752100,24764423,2457649,64370631,68610258,64967626,4253785,50461038,4282326,24809828,71069100,96393455,84948363,68595657,4253858,64942285,4267946,71038145,84933253,4296342,50475784,50475710,84933326,96766482,68624931,64954954,64790811,50534478,50475711,64917016,96737720,27791546,4253783,35132162,84918143,38302509,68639531,53464648,84963402,36051901,55251659,50519803,35106192,64917017,71084577,53464719,2471302
4282182,4282109,4282183,71053624,4282181,4282254,4282110,4282255,71038147,64967626,4268020,50461038,4268021,71053625,4268093,2457578,96393455,4282108,71038148,71053623,2443926,2443927,4282036,2457579,2457651,4253785,96752102,84918217,35145184,64967625,84963475,4268094,68581059,68624859,50519805,4296342,64980295,84903179,68595659,35132164,87812860,68581058,27791572,64954956,87799210,4282037,50461037,4253858,64790811,84903107,64980296,96752101,68566458,24764424,4282253,64370632,68610259,50461039,2457650,64967627,4253786,71069101,96393456,4282327,24809829,68595658,64942286,4267947,84948364,84933254,4253859,71038146,50475711,4296343,96766483,64790812,84933327,50475785,68624932,50475712,64954955,27791547,50534479,96737721,35132163,84918144,64917017,68639532,4253784,36051902,84963403,38302510,53464649,71084578,2471303,50519804,64917018,55251660,53464720,35106193
4282183,4282110,4282184,71053625,4282255,4282182,4282111,4282256,71038148,64967627,4268021,50461039,4268022,71053626,4268094,96393456,2457579,71038149,4282109,71053624,2443927,4282037,2443928,2457580,2457652,4253786,96752103,84918218,64967626,35145185,68581060,68624860,4268095,84963476,50519806,64980296,68595660,84903180,4296343,35132165,87812861,4282038,68581059,87799211,50461038,84903108,64790812,64954957,27791573,4253859,64980297,96752102,68566459,24764425,68610260,4282254,64370633,50461040,71069102,64967628,96393457,4253787,2457651,68595659,4282328,64942287,13414962,84948365,84933255,4267948,4253860,71038147,50475712,24809830,50534480,96766484,4296344,64790813,50475713,68624933,50475786,84933328,64954956,84963404,27791548,36051903,96737722,84918145,35132164,68639533,64917018,71084579,53464721,4253785,35106194,38302511,64917019,84918217,53464650,82400130
4282184,4282111,71053626,4282185,4282256,4282183,4282112,4282257,71038149,71053627,4268022,64967628,50461040,4268023,4268095,96393457,71038150,2457580,4282110,71053625,4282038,2443928,2443929,2457581,2457653,4253787,96752104,84918219,64967627,68581061,35145186,68624861,4268096,50519807,64980297,87799212,84963477,84903181,35132166,68595661,4296344,87812862,4282039,68581060,50461039,84903109,64954958,27791574,64790813,4253860,64980298,96752103,68566460,68610261,24764426,4282255,50461041,53464722,64370634,71069103,96393458,64967629,4253788,13414963,68595660,2457652,71038148,64942288,84948366,4282329,50475713,4253861,4296345,84933256,96766485,4267949,50534481,84918146,24809831,50475787,50475714,13414962,68624934,64790814,53575177,27791549,84933329,96737723,36051904,64954957,64917019,84963405,68639534,82400131,35132165,71069177,71084654,53464651,71084580,64917020
4282185,4282112,71053627,4282186,4282257,4282184,4282113,4282258,71038150,71053628,64967629,50461041,4268024,4268023,96393458,4268096,4282111,71038151,71053626,2457581,4282039,2443929,2443930,2457582,2457654,4253788,96752105,4268097,84918220,64967628,68581062,35145187,50519808,68624862,87799213,4296345,68595662,84963478,64980298,87812863,35132167,84903182,68581061,4282040,50461040,27791575,64954959,84903110,53575178,4253861,68566461,64790814,71069104,64370635,71069178,64980299,68610262,96393459,96752104,24764427,53478512,50475788,4282256,50461042,4253789,64967630,53492231,13414964,71038149,53464722,64942289,4253862,4282330,2457653,68595661,82400132,4296346,84948367,50475714,71084654,4267950,96766486,24809832,68624935,13414963,84918147,50534482,84933257,71084655,27791550,50475715,64954958,35132166,53561318,53464652,64917020,68639535,84933330,96737724,64790815
4282186,4282113,71053628,4282187,4282258,4282185,4282259,4282114,71038151,4268024,64967630,71053629,4268025,4268097,50461042,96393459,71053627,4282112,71038152,2457582,4282040,2443930,2443931,2457655,53575179,2457583,4253789,96752106,4268098,84918221,53492232,50519809,64967629,35145188,68624863,68581063,4296346,87812864,71069179,87799214,68595663,50475789,84963479,50461041,64980299,84903183,68581062,64954960,35132168,4253862,27791576,84903111,4282041,68566462,4282257,64980300,64790815,68610263,64370636,53561319,96752105,24764428,71084656,71038150,71069105,50461043,68595662,64967631,4282331,53575178,4253790,71084655,53478442,82400133,64942290,4253863,2457654,84948368,13414965,96766487,24809833,50475715,4296347,84933258,4267951,53547529,68624936,27791551,53589038,53575180,13414964,50534483,68639536,35132167,84918148,64954959,53492231,50475716,68551861,84933331
4282187,4282114,71053629,4282188,4282259,4282186,4282260,4282115,71038152,64967631,4268025,4268098,50461043,4268026,71053628,4282113,71053630,53575180,71038153,2457583,4282041,2443931,2443932,4268099,50519810,2457656,50475790,71069180,2457584,4253790,96752107,64967630,84918222,35145189,4296347,68624864,53575179,68581064,53561320,84903184,64980300,71084657,68595664,87812865,84963480,50461042,68581063,53547530,64954961,87799215,27791577,4253863,4282258,53589039,35132169,53492232,71084656,96752106,53575181,68566463,64790816,84903112,64980301,4282332,68610264,82400134,4282042,71038151,2457655,68595663,48945147,64967632,50475791,50490464,64778216,24764429,4253791,4253864,64370637,50461044,24809834,64942291,50519811,68551863,4267952,71069106,84948369,50505137,84933259,68551862,50534484,50475716,96766488,64954960,68624937,13414966,9118439,48974200,50490463,53561390
4282188,4282115,4282187,4282260,71053630,4282189,4282261,4282116,71038153,64967632,4268026,4268099,53575181,4268027,50461044,4282114,71053629,2457584,71053631,71038154,2443932,50475791,50519811,71069181,4282042,2457657,64967631,2443933,2457585,53561321,4268100,35145190,4253791,53575180,96752108,68624865,87812866,64980301,84918223,4296348,68595665,35132170,71084658,64954962,68581064,50461043,53547531,9118440,27791578,68581065,84903185,71084657,53589040,87799216,4282259,84963481,96752107,53575182,4253864,48945148,68595664,64980302,68610265,24809835,48974201,68566464,71038152,64790817,2457656,50490464,4282333,50475792,64942292,50490465,4282043,64967633,50505138,64954961,50519812,84933260,53561391,53602829,24764430,4253792,84903113,4267953,68551863,68551864,64917023,53589041,64778217,48974202,84948370,4253865,50534485,53547460,9118586,53561392,68639538,68624938
4282189,4282116,4282188,4282261,71053631,4282190,4282262,71038154,4282117,64967633,4268027,53575182,4268100,2457585,4282115,4268028,71053632,50461045,64967632,50519812,53561322,71053630,50475792,2443933,35145191,2457658,71069182,9118441,53575181,4282043,2443934,71038155,2457586,53547532,64980302,4268101,4253792,35132171,53589041,68624866,64954963,4296349,68595666,71084659,84918224,71084658,27791579,68581065,50461044,68581066,53561392,96752108,68595665,4282260,84963482,48974202,9118587,64954962,24809836,68566465,35932270,64980303,48945149,64942293,84903186,2457657,4253865,64917024,68610266,71038153,53602830,50505139,50490465,35132170,50475793,53589042,4282334,35945556,24764431,35106200,50490466,53561321,50519813,4282044,9118368,64992972,84933260,65005642,64967634,48974203,84933261,68551864,50519811,83020777,27791554,71069181,68551865,84948371,4253866,50505138
4282190,4282117,4282189,4282262,71053632,4282191,4282263,71038155,64967634,4282118,4268028,2457586,4282116,4268101,64967633,4268029,71053631,9118442,2443934,71053633,35145192,2457659,4282044,50519813,50475793,50461046,53575182,64980303,71069183,35132172,35945557,2443935,35945556,2457587,53589042,4268102,71038156,4253793,9118588,68624867,64954964,4296350,68595667,68595666,64954963,68581066,64942294,35132171,71084660,9118515,4282261,71084659,27791580,68581067,84918225,9118369,35106201,48974203,35932271,68610267,64980304,50461045,71038154,2457658,4282335,35145191,84963483,64917025,27791555,4253866,24809837,48945150,68566466,53561322,24764432,35958842,53602831,64992973,84903187,50490467,38302518,65005643,83020778,48974204,50519812,50505140,84933261,50475794,65018312,53547462,50490466,68639540,35932270,4282045,84948372,48959676,9118441,4253792,68551865,50505139
4282191,4282118,4282190,71053633,4282263,4282192,4282264,71038156,64967635,4282119,64967634,4282117,2457587,4268029,71053632,4268102,9118443,35945557,64980304,4268030,4282045,35145193,35132173,50461047,2443935,2457660,71053634,35132172,35945558,64954965,71038157,64942295,50519814,64954964,35106202,50475794,9118516,71069184,9118589,68595667,2457588,2443936,4268103,68581067,4253794,4282262,35958843,4296351,35145192,27791556,27791581,71084661,71038155,48974204,71084660,84963484,84918226,38302518,2457659,64980305,35932272,9118370,24764433,9118444,64992974,53602832,38316126,39560761,4253867,50461046,65018313,48945151,68566467,65005644,27791555,84903188,38302519,4282336,37624262,35080232,42602884,64917026,24809838,68610267,64929625,38356950,83020779,2457586,50490468,48959677,64942294,35171163,4253793,50505141,84933262,48974205,68624867,84948373,35932271,9118517
4282192,4282119,4282191,71053634,4282264,4282193,71038157,4282265,4282120,64967636,9118444,4282118,64967635,71053633,2457588,35945558,4268030,4268103,35132174,35132173,9118517,4268031,64980305,64954965,35106203,50461048,71038158,2457661,71053635,35145194,2443936,4282046,35958844,64942296,64954966,71069185,50475795,9118590,50519815,2457589,2443937,27791582,4282263,38356951,4268104,37624263,4253795,35145193,27791557,35171164,27791556,42602885,9118445,71038156,4296352,38302519,64942295,9118371,48974205,71084661,35080233,64929626,71084662,38316127,39560762,50461047,84918227,2457660,64992975,37624262,24886489,10913720,84963485,65018314,38329735,84903189,24764434,24886488,38370559,2457587,64980306,9118443,65005645,48974206,48945152,4253868,84933263,50505142,38302520,64917027,53602832,9118518,50490469,4282337,35945485,50490468,64980304,35932272,24809839,9118808
4282193,4282120,71053635,4282192,71038158,4282265,4282266,9118445,64967637,35106204,4282119,35132174,64967636,71053634,35132175,2457589,4268031,64954966,71053636,35145195,4268104,71038159,2457662,4282047,50461049,35171165,64980306,9118518,2443937,64942297,2443938,50519816,71038157,64954967,2457590,50475796,38356952,71069186,37624264,24886489,27791583,35080234,27791557,38370560,64929627,64942296,35171164,9118446,10913721,35145194,27791558,50461048,4282264,42602885,37624263,9118591,24901820,4296353,4253796,38302520,71084663,2457661,24886490,38316128,48974206,39560763,84963486,9118372,24764435,9118519,71084662,2457588,9118444,35158144,84933264,64980305,35080235,64992976,38329736,65018315,71022682,50505143,9118809,48945153,10899632,27791582,64980307,50475797,38302521,50519817,9118736,35106203,64929626,10899631,48974207,4253795,50490469,71069112,65005646,24809840
4282194,4282195,87853624,50681532,87853623,45911327,87881062,4282122,71053498,88004472,50681533,84932982,88004471,87881061,62731663,45924758,24855475,47666294,87880995,45924759,21679706,84933054,16057485,62731664,45911328,71053497,55676306,93919679,68595529,87935873,87894714,87963312,64384153,7491782,87867410,45911326,88018192,84948234,64980169,87867409,71068976,62999201,55676379,84963131,50666786,84933055,71068975,87977031,84948163,88018191,7491781,50711027,87785365,87880994,50666785,84932983,64954829,64942228,24855474,96479110,92272564,87977032,16057484,87990752,64384154,50711026,55939471,84948021,4282051,92299278,87990751,62745021,16043759,45951622,47666293,87867343,84963344,20669879,19631820,87894781,57081854,33699181,87839971,71068974,20669880,84918015,96751974,8377307,57068564,36118423,84903119,84933266,92285993,50711098,7439078,57095212,24870806,36078346,84948091,4282121
4282195,4282196,87881063,87853624,50681533,45911328,87853625,55676379,87881062,50681534,84932983,87935874,45924760,88004472,10885331,64954898,36145141,47666295,64942228,36118423,64980170,71084522,55676307,45924759,84948235,71053499,68595530,84933055,7491782,87785366,87990752,24855476,87963313,87867410,50666787,45911329,64384155,62999202,96479111,62731665,64384154,62731664,36105064,87867411,8377308,16043760,45911327,71053498,84918016,64942229,96751975,84933056,24855546,93919680,87990753,87894715,33699182,36078347,19631821,4282052,87867344,92272565,87977033,16057486,24855475,55676380,36131782,62745022,64967568,68595531,88004473,7491783,20669881,20669880,50666786,87977032,87839972,53329096,84948164,36118424,4282194,16057485,45951623,64954831,57068565,57081855,84948093,92285994,24870807,47666296,37937879,64954830,71068976,11412907,84948092,92299279,93906099,96479110,84963132,47666294
4282196,36078419,4282195,4282197,87881064,87881063,50681534,64942229,45911329,47666296,64954898,55676380,36118424,87853625,4282268,64384156,45924761,64954899,36145142,68595531,10885332,45924760,64980171,87935875,45911399,71084523,87990753,68595532,87785367,84932984,96751976,10871242,87963314,62999203,45924831,84948236,84918017,64384155,36158500,64967569,84933056,45897967,33699183,84933057,50681535,71053500,4282053,64954832,10885331,19631822,62745023,96479112,24764005,24855477,36105065,87867412,92285995,62731665,87867411,50666788,92285922,20669882,7491783,62731666,4282267,55676379,20669881,45911328,55676308,36145141,10758749,36131783,50666787,36091706,96479111,84948166,84948094,64942230,87977033,7425940,87867345,96479041,88004473,87771717,98414892,64954831,8377309,84948165,84948093,16029963,84963133,45938263,19631821,64916959,92299280,55676237,16043761,36118425,24870808,36078348
4282197,4282196,4282268,36078420,36078419,10871242,4282198,87881064,87881065,64384157,68595532,10885404,45911400,62999204,45924832,64980172,64942230,64954899,64384156,4282269,37393953,36118425,45924761,45924831,36171859,50681535,36145143,45911330,55676381,45924762,24764006,33699184,62745024,45938263,10744733,84933058,45897967,47666297,10871315,84932985,84933057,19631823,64954900,68595533,84948166,45938264,10871243,71053501,96751977,36105066,64967570,7124569,10885333,92285996,64967569,4282054,64954832,71084524,20669882,36091707,64954833,87867412,62731666,10885332,36158501,84932986,87867413,36105067,36131784,96479113,62731667,87963315,36118426,36145142,92299281,19631822,87935876,45911399,87785368,20669883,84918018,84948094,50711173,47666296,96479112,89572704,50666788,92285923,98414893,4282340,37937881,64916960,55676237,84918017,55676238,11370125,50711101,64967502,87867346,45911329
4282198,4282269,4282197,10871243,36078420,10857153,4282199,64384158,45911401,36078421,64384157,87881065,45924832,10871315,68595533,45924833,62999205,87881066,45938264,64980173,36118426,84933059,84932986,36105067,37393954,10885405,84933058,24764007,4282268,45924762,64942231,64954900,36171860,36158502,45911400,7124570,4282340,4282270,4282341,92299282,33699185,87867414,7111575,92285997,64967570,45938265,36145144,36118427,10871316,19631823,36051776,68595534,62731668,10871244,10758822,64967571,36131785,55676382,96751978,50711102,10871242,64954901,4282413,64904360,10885334,50711174,93906102,64954833,19631824,62731667,20669883,21679710,36145143,36091708,71053502,84948167,11370126,10885404,62745025,87867413,64967503,24764006,98414894,55676238,68595532,7124571,10744734,45924763,36105068,57068568,47666298,4282055,92285996,55676310,36078492,45897968,36065134,84932987,16057489,36091779
4282199,10857153,64384158,45924833,4282198,10871244,4282270,36118427,10857154,84933059,62999206,45924834,84933060,45911402,36078421,36078422,10871316,68595534,87881066,4282341,45938265,64980174,4282200,45911401,87881067,7124571,36105068,10871388,92299283,4282269,64384159,84932987,4282413,24764008,62731669,36131786,93906103,10885406,36171861,62731668,36118428,36158503,10857226,36145145,87867414,57068569,64954901,57215584,4282342,10871317,64967571,10871243,24764007,36065134,92285998,64942232,36065064,64954902,50711103,45965200,55082758,45938266,45924763,36051777,4282271,10758823,10758822,68595533,87867415,64967572,92285997,57081928,64967504,19631824,36105067,4282414,50711175,89669301,21679711,7137710,21693789,33699186,64904361,37393955,11370127,36145144,24855550,7124572,64980173,7111576,36065063,10871315,36118426,57255734,92299282,68595535,96507803,55676311,71084526,64954834
4282200,4282199,45924834,10857154,84933060,36118428,36078423,10857155,4282271,10871317,87881067,10871245,4282342,36078422,64384159,87881068,45965200,45911403,84933061,45938266,64980175,7124572,4282201,92299284,45911402,10857227,62731669,62999207,68595535,36131787,62731670,45924835,57242375,4282414,89669302,4282270,57215585,64954902,10871389,8683736,36105069,10744806,36145146,4268254,36065064,36158504,92285999,64942233,24764009,10871244,92299283,36118427,57068570,7137782,89669372,36131786,36145145,64967572,84932988,24764008,10885407,87867415,7124715,7137639,68595534,36065135,57081929,87922226,36105068,64384160,93906104,62745027,96507804,4282343,92285998,57081928,87881135,36065065,36118429,10758823,64967573,10871318,50711103,36171862,20669886,50711176,8697095,4282272,33699187,64980174,21693790,89669303,64967505,7137711,87867416,47666300,4268182,8723887,10871316,57095288
4282201,10857155,4282200,10857156,84933061,36078423,87881068,45924835,4282272,36118429,36078424,62731671,62731670,4282202,10871318,10857228,4282343,64980176,4268255,62999208,10871246,92299285,8683737,45938267,45911403,36118428,89669303,45911404,68595536,8697168,7124573,89669373,4268183,92299284,57242376,64384160,64942234,36131788,4282271,36131787,57081998,36065065,45924836,10857227,92285999,24764010,20669886,45965201,36145146,92286000,57068571,64967573,57081929,84933062,87922227,87881069,57095288,57242375,10744807,8723888,4282273,87894788,4268254,8710456,87881136,4268326,24764009,10885408,7137783,87867416,33699188,10871317,47666301,36158505,7150778,55068759,24855552,84933060,4282559,36145147,7124716,21693791,10871245,64384161,57215585,24855553,62745028,64954903,7137640,57215586,98414897,36065136,98444242,42616183,4282344,4282058,64980175,36105070,64929632,92299356
4282202,10857156,62731671,4282273,4282201,10857157,36078424,45924836,4268256,64980177,24855553,8697168,4282344,62731672,84933062,62999209,10871247,4268255,10871319,8697169,10857228,4268183,4268327,4282203,45911404,92299285,10857229,8683738,87881069,92299286,45938268,4282272,64384161,8710457,36078425,36118429,92286000,4268326,36131788,89669374,45924837,16057493,45911405,68595537,20669887,24764011,89669373,33699189,57242376,24764010,47666302,87894789,87881137,92299357,57081999,4268184,76478310,87922228,57148862,64967574,36118430,24840224,41582166,7124574,57095289,92286001,87867417,10758895,57068572,41582165,10885409,98444315,87894788,7150779,64980176,7137784,36145147,36131789,10843066,8723889,98444243,87867418,68595536,10744808,98414898,84933061,41595670,10857155,10871318,24855554,65005516,57242377,96479118,10744879,64980244,21806446,10871246,64384162,45897972,84933063
4282203,10857157,4282202,4268257,62731672,45924837,4268328,4282274,4268327,4268256,64980178,8697169,4282273,4268399,16057494,24855554,62731673,10871320,8697170,36078425,76478311,10857158,41582166,10871248,33699190,62999210,76478310,92299358,4282204,45911406,64384162,16057493,47666303,10885410,96479119,4268184,64954906,36078426,92299286,62731671,64980245,10857229,4282345,7137785,7491790,7491791,45911405,45924838,84933063,64980177,87867418,87867419,57095427,64967575,68595538,10857156,8710458,99386597,92286001,96507807,8670523,24764011,10857230,24764012,20669888,20711845,8710601,92286002,96507808,64942236,55676387,96479118,62745030,76464486,41595670,21806447,4267969,20711846,45938269,7150780,98444316,98429499,4268400,87894789,36078496,92299287,64954905,41568662,57095428,10871321,64967576,98444244,8697098,64992848,10744880,36198653,98444243,89669374,7111652,8683739
4282204,4282203,4268328,4268257,62731673,64980179,4268400,10857158,47666304,45924838,10871321,8697170,4282275,62745031,64954906,16057494,76478311,7491791,16057495,96507808,4268258,4282205,76478312,20669890,64954907,92286003,10885411,8697171,36078427,20711846,87867419,36078426,4268329,92299359,96479119,8377317,57095428,10857231,76464487,10843139,4282274,64980246,64992849,64942237,8697099,10871322,62999211,45911406,7663195,68595539,62745032,33699191,64967576,7111652,8723891,20669889,87922230,64384163,64980180,16071293,8710459,41582167,7491792,7584063,64980178,98429428,4268401,8710602,7570850,10871249,89392980,8403816,47666305,64954840,38274486,10843212,92286002,4282061,8683740,76485223,7518144,57095429,64980245,98400079,62731672,98429427,99386598,10857159,56974650,87785375,10857157,74257060,10899573,41595672,4282346,39615854,20711847,8710531,47666303,4267970
4282205,64980180,47666305,62745032,10871322,4268401,64992850,10885412,4282206,20669890,4282204,64954907,4282276,92286004,76478312,89392981,98444319,33699192,68595540,76485224,16057495,4268330,8697171,10857232,4268329,36078428,20669891,4268259,7491792,36078427,76478313,10843140,10899574,98444246,39615855,98429428,47666304,4282062,8697100,96507809,92286003,64942238,7663195,16057496,64954841,45924839,10871323,8697172,4282277,4268258,7676408,20711847,8377318,4268187,57095429,89076486,10857159,62999212,8683741,65018188,74227594,10871394,98429429,96751985,64954840,64980179,7518145,10843213,74257061,74242323,8723892,98414901,10899573,10899502,98429501,41595673,87785376,85006900,62731674,64967578,76464488,64980181,8710531,55689525,41582168,62745031,11254172,10744811,41582169,65018256,76471401,92285931,33699262,68595541,7111582,9406217,4282275,65018255,98414828,47666306
4282206,4282277,64980181,10885413,98444320,10871323,4282207,47666306,4282205,98444247,16057497,65018189,98444319,68595541,33699193,4268402,4268188,20669891,92286005,4282278,8697173,4268330,64992850,64980180,10899574,62999213,47666305,55689526,98414902,10871324,36078428,92286004,64992851,55676391,64954841,64954842,98429429,76478313,8697101,10871395,57594462,8377319,55676319,62745032,85021866,84933207,4268260,8697172,55676318,68595542,35391642,96751986,7491793,10857233,89392982,4268331,76485225,76478314,65018256,10899575,64967579,64942239,10885412,64954908,4268187,16057496,64967578,76471402,10899503,41582170,85006901,47666307,9406217,4268403,8683742,74257062,2869595,4268259,16057498,62745033,41595674,98444246,98429502,71053578,64916969,89076487,41582169,92285932,10857232,98429430,98400081,8377320,84948246,55676390,92272720,64384166,45924840,76471401,8683885,64967511
4282207,4282208,4282278,10885414,98444320,55676391,4282206,10871324,98444248,47666307,16057498,55676319,55676392,71053579,68595542,4268403,7491795,8697102,84933208,4282279,4268332,65018190,47666308,10899576,8697174,37937891,16057497,33699194,68595543,8697173,4268188,10871325,8403819,98429503,92286006,76478315,64954842,55676320,84948247,98444247,10871396,92286005,8377320,4282277,76471403,92299291,71084534,64980182,96723294,10913737,57593038,64954910,4268261,98459066,47666306,57594462,98414684,64980181,64916970,71084535,39615927,85021867,10885413,98444321,62999214,64942241,55689527,98429430,64967579,92286078,89076488,35391642,7439091,10899575,8377321,64942240,98400082,4268331,33699264,98444393,41582170,8403820,89062735,55572695,96751987,64384166,76478314,7491794,64967580,71053580,64967512,35391643,76471402,76464491,98414903,16057499,7465443,55689526,16029975,16029902
4282208,4282209,55676392,68595544,4282279,47666308,7491796,64942242,64954911,55676393,8403820,68595543,4282280,71053580,10899577,47666309,10871325,4282207,20669894,55676320,64942241,71084535,4268333,16057499,10913738,7491795,84948248,8697103,4282351,96723295,98444249,64916971,10871397,16057498,71084536,10885415,4268404,98444248,10899576,4282278,92286007,33699195,84933209,8377321,4268332,7439092,37937891,8697175,37937892,92299292,55676249,4282350,33699265,10913667,64980183,55572696,8697174,4268262,10885414,76478316,79389781,64954910,16029976,76464492,8723895,47666307,76478315,57095433,8723896,21904208,76471403,98444321,16029975,65018191,16043773,92286078,10871398,55676391,55676321,71053579,44457895,84933280,98414685,4268405,93484620,87785447,76464491,55689528,7425953,8403819,92286006,7663199,10885558,33699196,8377322,10885486,98400083,53329109,89076489,8697104
4282209,4282210,64942242,68595544,4282280,47666309,55676393,4282208,55676394,7491796,64942243,64954912,68595545,7491797,64954911,4282281,8723896,71084536,20669895,4282351,4268263,55676250,20669894,33699196,10899577,10871398,4282352,71053581,16043774,4268334,8403821,4282066,64916972,48742523,8403820,8697104,10899578,10913739,47653041,8697176,92286008,55676322,4268405,4268333,45965210,55676321,84933281,10885559,7425953,47666308,47666310,33699197,57082006,16029977,33699266,55676392,4268406,71084537,84903134,44457896,57055360,7425954,8683745,62185945,10913738,98400084,16057499,10913668,57108724,85006904,57148870,57095434,16057500,24794527,16029976,55676249,57593040,96723296,4282279,55689529,98444323,24794528,57148869,85006905,57122151,47653042,57015423,47639774,8377322,76464492,37937892,7111586,47374178,10871399,93484621,71053582,48742524,80636435,46700384,4268191
4282210,4282211,4282209,64942243,48742524,55676394,68595545,4282281,55676395,64954913,4268264,33699197,4268192,57015424,55676323,4282282,57148870,8697177,68595546,7491797,47666310,7491798,64954912,4282067,57055429,4282352,71053582,57055360,8683746,71084537,8723897,47653042,55676322,45965210,48742595,20669895,4268406,64916973,24794528,4282353,10871399,84933282,7425954,45965211,16043775,47666309,48742523,55676250,68595544,64967583,96752335,48742596,57055361,55676251,20669896,4268335,74257066,7124654,74257067,57122152,57068788,87826470,4282280,84948320,8683818,4268407,71053583,85006905,64942244,98414906,98444324,98400085,10899578,46700384,55676393,92299294,64942242,45951779,57082007,48742525,16029977,7425955,48757048,84933211,57095435,57108724,46700385,62185946,8710465,16029978,4268334,44457897,57055430,47666311,57108725,8377324,98444251,10913740,16057501,84963503
4282211,4282210,4282212,48742525,48742596,55676395,48742524,55676396,68595546,4282282,55676323,71053583,57055430,4282283,57055361,57068789,45965212,74257067,4268265,64954913,2457537,8697178,45965211,48757049,64942244,4282353,2443885,7491798,33699198,4268407,71053584,64954914,87826471,47666311,64967584,16043776,7491799,57015425,96781028,64916974,8683747,4268336,10871400,8697177,7425955,96752336,57095436,57148871,46700385,4268193,64942245,47666312,4268192,71084538,96795409,4282068,36078505,82166171,96781029,92299295,48742597,8697106,55676394,7439095,4282354,8710466,57122153,46700386,45951779,68595545,55676324,20669896,4268264,4282281,8697107,24794529,82181721,48742595,64967583,55676251,7518152,98444252,8403823,55676252,8377324,20669897,85021871,7124583,57108725,4268408,7111588,62185947,10913741,7124584,48757048,7439096,64942243,48829526,84933713,16029978
4282212,4282213,4282211,55676396,48742525,4282283,48742526,71053584,48742597,4268266,48742596,64954915,45965212,96781029,47666312,64942245,2457537,8697107,4282284,2457538,4268337,57095437,64916975,2443885,48757049,57055431,64942246,64967585,57068790,7111518,47666313,96781030,46700386,20669898,48757050,8697179,55676397,55676324,8697108,4282354,4268408,55676395,7439097,57135584,8710610,64954914,8697178,7491799,57055362,7439096,50549183,92299296,7124585,7124584,7491800,4282355,57122154,7111589,16057503,64967584,7111517,24794531,57095436,7124656,46700387,57068789,4282069,55676253,4282282,48742454,57148872,71053583,4282141,68595546,4268194,87826471,74257068,7111590,16043777,57068720,33699199,10871401,7518153,4268336,24794530,57122224,2443886,4268265,57082148,96752337,55572700,7518152,7098451,57122225,76471408,56203702,96737886,36078505,8403824,20669899
4282213,4282214,4282212,48742526,96781030,4282284,47666313,48742527,8697108,64942246,20669899,48742597,7111518,7111590,64954915,4282070,4268195,4268338,48742598,7439097,55676397,2457538,7124657,7124585,4282285,7111519,55676396,4268267,4282142,24794531,57095438,46700388,57095437,8697180,4282355,46700387,4268266,16057504,64967586,4268196,48757050,57122225,20669898,4282283,4268337,57135584,2443958,71053584,57255818,64954916,4268410,41595681,64967585,4282141,48742455,57148873,47666314,57055432,44802824,88980023,7491800,48742525,8710611,8403825,7663204,7137724,4282356,4268481,93484625,57122155,84978760,7098452,8697179,2457539,71053585,64916976,64929645,7518153,7491801,4282215,48757051,74227602,37937824,7111591,33865620,55676253,47613172,47666312,48742596,57135585,89076495,57068790,92299369,2443886,50549183,45965213,55676254,57068720,76471409,4268339
4282214,4282215,4268196,2443958,4282213,4268339,4282285,48742527,7111519,55676327,33865621,8697181,46700388,96752339,20669899,4282142,44802825,7111591,47666314,64916977,4268410,4268268,48742528,57055433,20669900,46700389,96781031,8697109,4268338,96766720,8683679,48742598,8683750,57095438,96737888,4282071,47653046,4268411,4268195,64954916,55676255,64942247,7439097,44524031,4282356,64967586,84978833,4282286,16057505,48742599,2457539,47666313,7491802,41582178,4282143,7124586,7124657,7111663,55096906,89076495,7124658,4282284,8697180,4282070,4977672,84978760,89062742,89392990,55676399,8697108,64929646,89392991,74227603,41595682,92299369,48843981,47599905,88980024,57095439,44789678,84978761,2443959,48742526,57148874,96781030,4268267,89131532,47613172,55676398,24794532,47613173,88980023,93484625,9337091,57135585,8377328,7124515,96737889,47360896,33699201
4282215,4282216,4282214,96752340,2443959,55676327,2443958,4268196,44802826,8683751,33865622,4268339,55676400,46700389,4268340,55676328,48742528,4268197,8697182,84978834,4282286,4268411,8697181,64916978,96737889,4282143,4268269,55676256,20669900,96781032,33865621,84948755,55676399,44789678,89392991,7412746,7111664,44802825,4282287,84933717,55096906,84978761,55676255,47666315,7124587,84978833,4282285,4282071,64929647,7491802,96737888,7111520,46700390,57055434,44524032,96766721,33699202,8683680,47599906,89076496,4268268,4963365,7137797,7111663,96766720,4282357,89062743,8377328,48843981,92299370,64954917,98414911,7111592,22650038,47613173,8683752,96752339,41582178,8697110,48742599,48742529,74257071,64929646,20155460,16057506,57095439,64916977,2457540,47666314,98444329,8683679,48844054,48756981,96795413,48742527,84933859,44457902,7124588,7111519,47666316
4282216,4282215,96752341,4282217,2443959,55676257,44802827,64916979,2443960,55676328,84978835,96752340,8683752,44802826,4282144,8697183,84978834,55676256,4282288,55676400,2457540,65018266,64929648,8697182,53699999,84933860,55676401,50549187,96737889,20155461,4282287,64916978,2457541,33865622,84978762,7124517,20155460,84933717,48742529,46700390,4268340,64929649,96737890,7137798,64954918,96781033,4268197,92312655,92299371,2457613,4282289,50549186,57296043,48829531,84963580,7111664,7124516,7124589,4282072,36011933,7111665,7111450,7124732,84978763,65005597,64967588,84933861,7412747,8683895,53630769,48844054,64929647,84918750,44789679,84933718,39615866,48742530,92299372,10913745,10843223,48844055,2444032,47666316,4282143,8683751,96752342,7137583,96795414,64790910,46700389,84948756,84963581,7124731,7137656,7124588,48728147,92299370,2457612,4268341,84963508
4282217,4282218,2457541,4282216,4282145,4282289,2457614,44802828,55676258,64916980,7124518,64967589,4282290,64954919,65018267,64929649,7111451,50549187,2443961,64980258,64942249,55676257,36025221,4267983,44802827,64967588,64929650,39615867,2457542,2457613,55251624,7137584,4282072,7124517,20155462,4963367,2443962,64954918,50549188,4267984,92299373,10913746,64916979,2443960,55265764,44576896,92299372,84978836,96752342,45710525,66836934,7124519,36025220,96723304,10885567,55820721,71053587,7150724,10885568,7137585,84978764,45871264,96723303,4282144,10899657,10913747,84918751,10843298,57255822,39615868,10843224,57108731,4282146,55676185,10772997,65030937,64980259,2443889,68624895,20155461,64992928,45844473,20155390,64916981,84903142,65018268,92299300,7098384,7111450,41569592,84933861,65005598,7400234,57296044,84978835,65005597,55820720,84948399,9337095,64790775
4282218,4282219,4282146,7124519,4282290,2457542,2457615,4282217,4282291,36025222,64954920,7111452,64967589,4963368,44802829,2457614,2443963,2443962,64967590,7137585,64980259,64942250,65018268,55251625,64954919,36025221,10885568,64916981,55676259,4267984,71053588,55820722,4282145,39615868,10913748,7124518,64929650,4977676,64929651,45817686,2457543,64790776,55265765,4282147,7400235,2457541,10843299,68624896,4267985,96723305,4268057,45871265,84903143,7150725,10885569,66836935,7124520,7163792,20155463,92299374,10772998,45844474,45710526,57108732,50549188,7137586,96723304,7111451,10913747,2443890,2471266,7098385,20155464,44802828,45817685,2457616,57122091,39615869,10871479,4282074,20155391,4268058,7189999,55676185,84948328,2443891,55676186,55676258,10899658,4253822,44576897,45884697,10843225,41569592,7439728,4963369,64992929,7111453,64980260,7137659
4282219,4282147,2457616,4282220,4282291,7124520,4282218,2443963,4963369,2457543,4282292,36025222,7111453,36025223,2457615,55820723,7124519,44802830,4282146,7400236,64967590,2443964,4268058,7137586,64954920,45817686,45817687,55676260,64790777,10885569,2443891,64942251,64980260,4267986,68624897,4977677,65018269,45844475,55251626,66836936,7163793,64967591,84903144,10913748,7150726,20155464,7098386,39615869,4267985,10913749,10772999,57108733,64954921,4253823,64916982,64929651,4977676,71053589,4963368,20141667,7189999,7111452,7137587,10843300,64929652,7426589,4268059,96723305,7124521,2471267,4282075,10843226,2457542,55676261,55820722,45898131,39615870,10857390,2457544,68624824,20155465,7085320,10871480,96723306,4282074,71038112,55676186,57122092,2443892,92299375,63066287,64790776,44922695,84918182,21609594,45951786,7137660,55251625,7190000,20155392
4282220,4282292,7124521,4282219,4282148,36025223,2457616,2457617,4268059,4963370,55676261,7137587,2457544,4282147,2443964,45817687,7124520,55820724,4282221,4267987,45844476,7111454,7400237,10773000,4267986,7163794,4282293,64790778,2443892,4253824,55820723,39615870,7098387,4963369,7150727,44802831,64967591,64916983,10913749,20155393,84903145,10787016,20155465,10843301,39615871,4977677,2443965,57108734,36025224,20141668,66836937,21609595,55833937,7190000,45817688,64790777,4282075,7137588,7111453,63066288,64954922,57122093,7085321,7400236,64980261,2457545,64967592,10857391,45965219,4977678,66836936,7163793,45898132,64954921,32067764,10843227,68624825,20155466,57135452,4282076,2457543,68624897,64929653,10913750,64929652,68624898,64992931,64942252,8417672,64916984,96723306,92299376,2443893,65018270,10885570,2471268,2443963,55251627,2896997,38288867
4282221,4282220,7124522,2457545,4282293,7137588,7124521,4267987,39615871,2457617,39615872,2457618,55676262,45844477,7085322,36025224,55820725,2443893,4282222,10843302,45817688,55820724,2443965,64916984,7111455,57122094,20155394,4282149,4253825,4963371,20155466,10773001,4282148,45965220,7400238,57135453,10787017,4282294,7150728,4963370,7163795,7163794,7190001,10773000,55833938,64790778,20141669,57108735,55676261,4282076,64967593,92299377,10857392,64954923,2443966,2896998,64967592,7400237,4267988,64980262,4268060,7137587,10913750,68624826,7111454,20155467,44802832,10843228,64954922,66836938,2443894,4977679,64992932,20155393,45844476,21609596,45898133,66836937,7137589,2457544,4977678,64790848,8417673,7098388,45871268,2457546,36025225,64929653,8444171,57055372,4253898,63066289,7098387,31873445,7190002,45951788,64916985,7150727,55676189,4211483
4282222,39615872,55820726,7124522,4253826,2457546,7124523,4282294,7137589,2443894,4282221,10843303,45965221,4267988,10857393,7085323,92299378,10773002,2457618,2457619,57122095,45844478,7111456,64916985,45871269,55820725,7190002,44802833,20155395,20155467,36025225,55833939,2443967,20155468,64967593,7137588,2443966,39615873,57108736,64980263,55676263,4282295,4282150,4977680,57135454,45951789,2457545,20155394,10787018,7163795,64954924,39588296,57095378,4253899,10773001,64954923,7150729,45965220,4963372,4282077,2896999,57055373,55676190,45898134,10843229,8444172,4282223,55676189,10843302,7085322,31873446,57042013,64967594,10843230,7163796,7111455,7400239,45844477,7400238,7098389,10885572,64942254,39588297,92299377,55676262,20141670,66836938,39574545,4977679,4963371,7190003,1559492,45817689,21609597,10913751,57095377,10787017,2443895,7150728,4211484
4282223,55820727,55820726,7124524,39615873,44802834,4253827,2457620,4282151,7137590,4282295,4282222,20155468,7124523,7111457,7085324,2457547,2443895,57122096,7190003,57108737,64916986,4282224,4267989,7098390,92299379,10843230,57135455,4977681,10773003,20155469,55676190,39588297,21905725,57095378,45871270,64967595,2457619,4282296,10857394,36025226,4268062,92299378,20155396,21651783,2443967,45965221,44802835,55833940,2471271,10843231,10913753,7137589,4282078,64980264,57002010,10843304,57055374,1559493,39615874,2443968,39615872,45951790,2897000,20155395,45844479,45898135,64967594,10773002,7137591,8444173,55676264,64929656,21905726,2471272,7085323,4977680,64954924,39574546,64916987,4963373,7111456,35119183,68624901,31873447,65018273,4267990,42629635,64954925,57042014,55676191,10843303,45965222,57108738,21694023,39588298,21609598,4239664,44922699,7163796
4282224,44802835,4268063,4253828,55820727,2457621,55820728,7137591,4282152,2457548,4267990,10913754,64967596,4282297,4282296,57108738,64916987,7124525,7124524,4267991,57122097,4282223,39615874,20155469,55676265,7098391,68624902,2471272,10843231,2457549,57002011,2457620,7111458,44802836,21905726,4282151,65018274,4282079,7137592,64980265,57135456,57082020,64929657,7085325,84948334,21694024,64967595,55676266,55676191,4282225,57055375,10843305,2443896,10913753,2443969,39588298,45871271,64954926,45898136,44789549,35119184,64916988,1559494,7190004,10773004,8444174,4239665,45844480,4268136,2471273,42629636,9406306,10843232,7137590,20155397,57095380,92299379,64384326,4253755,7111457,55833941,84933297,4963374,7163798,2443897,84903149,68624829,4977681,39588299,2897001,57042015,44802834,36025227,44842766,35119183,7085324,92299380,20155470,57095379,64929656
4282225,44802836,4267991,2457549,55676266,7137592,2457622,4282297,4268064,4282224,10913755,64967597,2457550,55820728,4253829,4282298,4282153,10913754,64916988,64954927,7124526,64967596,55820729,84933298,2457621,55676267,2443897,65018275,4267992,45898137,4282226,64980266,57122098,2471273,84948335,64929658,2443898,64980267,44802837,57108739,7124525,45871272,4282152,10843232,44802835,55833942,57135457,57055376,9406307,2443970,7111459,20155398,7085326,39615875,57082021,45884705,38288872,7137591,4282080,9406306,39588299,31938129,39615876,4267917,64916989,64384327,7098392,2471274,7137593,57002012,64384326,4253756,10843306,20155470,4253902,10787021,8444175,2897002,64929657,45844481,57042016,7163799,4296386,55676192,68624903,55676193,57095380,35119184,65005606,10885576,57002011,10899665,4253828,92299381,50549196,7150732,36025228,10899666,4239666,21905727
4282226,2457550,55676267,44802837,2457551,2457623,4267992,64967598,64980267,4282298,4282227,10913756,2443898,4282154,7137593,4282299,10913755,7111460,2443899,64967597,45884705,45898138,4268065,4267993,10885577,4253830,2471275,64916989,64954928,2457622,7124527,84948336,65018276,4282225,84933299,39615876,2443971,2471274,10843307,55676194,92299382,84933298,64384328,44802836,55820729,44802838,57108740,64980268,20155399,64992937,57122099,9406307,7137592,10787022,64954927,55676268,4267991,4253903,39615877,38302481,9406308,7124526,64929659,84903151,35093216,55820730,68624904,7150733,1559497,64384327,10871487,55676266,55068850,55833943,38302482,64929658,45844482,31938130,65005607,4282153,7085327,7137594,92299383,55676193,57108741,10857397,10899666,45871273,57042017,4267918,64916990,64942258,38316089,7111461,7098393,84918189,2457549,92286096,10913757,38288873
4282227,2457551,4282228,10913757,84918190,4267993,4282300,4253831,2443899,2457624,84903152,55676268,4282299,4282155,44802838,2471276,2457552,64967599,64980268,2443972,2471275,64967598,4268066,38302482,4267994,1559498,10913756,35093217,55676195,7124528,55068851,68624905,7111461,10885578,64954929,4282226,65018277,7137594,64942259,2443900,2457623,65005608,64384329,64916990,10885577,64980269,4268139,55068850,55820731,24764397,39615878,57108741,92299383,55676269,64992938,55676194,65005609,64384328,39615877,4253904,38316090,39574550,38316091,64916991,42629639,4253832,84933300,38302483,2457550,84933299,84948337,92299384,55676267,45898139,65018278,4268067,4282154,35119187,64954928,10871488,38288874,10843308,1559497,68624832,36025231,41542592,10787023,39560798,45884706,20155400,64384256,10857398,7190007,44802839,10913758,35093216,9406309,41569602,55833944,7190008
4282228,4282229,84903153,10913758,2457552,4253832,84918191,4282301,4267994,4282300,4267995,10913757,4268067,2457625,64967600,84918263,55676269,2471276,24764398,4282156,4268140,4282227,64980269,65005609,64916992,55068851,2457626,2443901,38302483,84918190,55676196,2457553,4253833,38316091,2443900,35119188,2443973,55676270,68624906,4267921,55068852,2471277,65018278,96766457,64980270,38288875,39615879,24794547,55820732,1559498,10899669,64916991,64954930,64967599,64992939,4268068,44802839,24794548,55676195,96752076,35093218,42629640,10885579,39560726,64942260,96422048,7124529,96723315,57095384,41569603,4963378,65018279,64992940,35093217,92299384,39615878,2457551,1559499,10744905,68624833,64384329,2457624,64384330,96737696,84918264,84903152,4253906,4253905,10885578,7137595,65005610,92286098,41583108,41542593,24764397,37448216,4282155,2443972,36025232,50756017
4282229,4282230,4253833,2457626,4267995,84903154,64916993,4268068,55820733,4282302,4282301,84918264,35119189,55676270,4282228,24794548,64992940,2457553,64967601,4267996,4282157,41569604,64916992,64980271,2457554,96766458,64980270,10913758,96737697,10913759,84933302,55676271,39615880,2443901,2457627,64992941,84918192,4253760,65018279,55068852,4267922,4253906,10899670,55676197,38288876,84903153,42629641,64954931,24764398,4267921,2443974,2471277,96723316,65005610,24794549,24764399,50756017,84918191,64967600,39615879,68624834,39560727,54999136,35093219,10744906,10885580,4268141,96752077,65018280,39629631,55068853,68624907,55676196,38302484,38316092,4253834,10899669,2443902,96737696,96422049,2471278,92286099,24779437,2471351,4211491,65005611,44802840,64384331,57095385,41556099,64929662,68610234,55833946,41542594,4268069,50549200,39588304,84933375,10843237,42629642
4282230,4282231,64916994,2457627,4282303,64916993,64992941,84903155,4267996,35093220,4253834,64954932,64980272,55676271,84933303,55820734,35119190,64967602,4282302,39615881,24794549,2457554,4282229,64980271,65018281,96737698,4267997,35067250,10913760,4282158,55676198,4268069,10899671,96766459,55676272,84948340,2457555,96737697,64929663,41569605,2457628,2443903,2457626,84948341,39615880,65018280,4253761,10885581,42629642,65005612,84903154,39588305,35119189,41569604,4253835,4267922,64942263,96752078,4253907,35093221,24779438,64967601,24809806,2443975,65005611,96723317,84918193,55820733,64942333,39574553,68624908,41542595,55068853,24794548,53630517,65030950,10899670,64992942,50549201,87799186,96766458,84933302,68610235,2443902,2471279,64942262,24809805,10843238,10913759,84918265,4211492,4268142,4268070,64384332,10913761,84948414,55068854,84933304,84918264,55833947
4282231,35093221,4282232,4282304,64916994,2457628,84948341,64916995,4253835,64980272,10913761,64954933,65018281,4282303,65005613,4282159,4267997,35067251,55820735,24809806,84933304,64967603,55676272,84918194,84903156,35080201,4282230,2457555,64942263,4268070,65018282,96737698,96737699,39615881,10899672,64992942,35119191,2443904,39574554,64980273,65005612,55676199,35093220,2457556,24779439,2443903,39615882,2443976,24809807,2457627,24794550,96766460,64929664,84933303,55676273,10899671,41542596,2471280,10913762,68624909,50549202,35119190,64967602,2457629,55676198,4267998,35067250,24794477,53630518,42629643,10885582,24886456,84948342,64954932,4268071,39588306,84903155,96752079,4253908,10913760,41569605,4253836,71038124,10843239,50549203,24794549,4268143,4282086,55820734,96766459,35093222,64967604,65030951,24779366,39588305,96723318,87799187,55068854,92299387,92299388
4282232,35093222,4282305,10913762,64916995,4282304,4282160,35093221,65005613,64967604,24809807,64954934,10899673,2457629,65018282,4282233,4282231,35080201,84948342,4268071,4253836,84933305,84918195,64929665,64916996,2457556,64980273,96737699,55676273,2443904,4267998,4268144,65005614,84903157,10913761,55820736,71038125,64980274,35067251,2457628,2443977,50549203,64942264,84918267,50549204,96766461,2443905,64967603,84933304,96752080,96737700,39615882,64954933,10885583,24809806,10899672,64992943,2471280,35080202,39574555,4282159,68624910,35119192,55676199,84948489,24779440,50461090,4282087,64967605,2457557,55820735,41542597,84918194,4253909,65018283,24794478,2471281,24794551,84933306,2457630,4267999,10913763,96723319,38302487,84903156,35119191,42629644,55676274,39615883,24779439,4268072,71053602,84948416,24886456,24809808,55054856,54999139,92299388,64929666,84918268
4282233,4282305,64967605,4282232,10913763,84933306,64916996,35093222,64929666,64916997,2457630,10913762,4282161,4282306,65005614,50549204,4268072,50549205,84918268,10899673,64980274,10899674,24809808,4282234,4282160,64967604,64954935,64980275,4267999,84903158,2443905,65018283,71038126,35080202,64954934,10885584,2457557,24809807,96737700,55676274,4268145,84933305,2457629,35093223,96723320,64992944,68624911,64942265,4253837,84918195,35119193,24794552,4268000,64929665,65005613,41583113,42602854,50534531,84948417,2457558,55676275,84948343,2471281,55820737,24809809,96752081,96766462,50461090,96737701,54999140,42629645,64967606,65018284,2443978,64942336,4992000,96766461,96752080,39615883,64916995,50461091,24794479,65005615,10885583,84903157,55013009,2471282,2443906,64992945,24794478,92299389,2443977,55820736,55676201,41556103,4282088,84948490,92286103,68624910,65018282
4282234,64916997,64967606,50549205,4282235,64967605,64954936,4282306,64980275,84933307,4268000,64929667,10913764,24809809,4282233,4282162,10913763,84933306,64980276,64916998,55676275,4282307,35119194,50534532,64992945,4268073,64929666,55676276,2457558,71038127,10885585,50549206,10899674,4282161,65018284,2457631,65005615,96723321,96737701,2457630,65018285,64942266,4992001,2457559,4992000,4268146,64954935,96752082,42602855,84918268,2443979,84903159,68624911,84903158,35080203,10885584,64942337,10899675,24809808,4268001,35093224,2443906,96723320,2443907,68610239,35093223,65005614,38302490,64992946,68624912,50461091,64916996,55820738,84948344,50475765,2471282,4253838,4977692,24794553,50549204,35145164,41569609,84948418,68595639,35119193,96766463,64954937,64967607,64942267,55676202,84948417,54999141,96752081,50475764,4963384,41583114,64942336,50534531,24794479,54999140
4282235,4282236,64954937,64916998,64967607,4282308,64980276,55676276,64967606,4282163,50549206,64980277,4282307,35145165,10913765,4282234,64992946,65018285,4268001,64942267,64916999,2457559,35119195,84933307,38288882,64954936,2457632,10913764,2457560,71038128,24809810,64929667,4992001,4282162,84933308,4977693,64929668,38302490,50549205,68595640,55676277,64916997,96752083,68610240,35119194,24809809,55676203,65018286,2443907,38302491,10885586,2443980,50534532,64942268,96723322,68581040,10885585,68581039,4253839,4268074,35106174,50475765,55820739,84948345,68595639,96723321,38316098,50475766,68624913,35080204,4992002,64954938,41569610,65005616,39615886,96752082,4268075,50549207,2471284,96737702,10899675,35093225,64942337,4268000,55068859,64942338,7400252,4963385,2471283,2457631,4267927,2457633,50534533,38316099,55807526,68624912,35080205,64992947,68610239,41569609
4282236,64954938,4282309,4282308,4282237,4282235,64980277,64916999,4282164,35145166,64967608,64942268,68581040,55676277,2457560,64967607,4268075,64954937,65018286,4253840,2457633,38302491,4282163,68595640,64992947,38288883,10913766,84948346,71038129,10913765,19374088,64980278,50549207,35145165,4268002,35119195,2457561,35119196,96752084,4977694,55820740,65018287,4992002,55676203,65005617,50475766,64929669,96723323,35080205,84933308,64916998,38316099,35106175,50549206,64929668,68610240,4963386,96752083,71053606,2471284,4268148,55676276,64917000,2457632,4268076,36025240,55068859,96737703,39615886,4268003,24809810,64980276,10885587,10885586,96723322,24809811,35093226,7111470,2471285,96737704,7400253,2443908,41569611,68566440,68624913,84903161,4253913,38302492,96708942,68595641,2443981,39574559,41569610,7439746,65005618,64942267,55807527,64992946,7124537,68624914
4282237,4282236,4282309,64954938,4268076,64967608,64980278,4282164,65018287,35145166,2457561,4282165,64967609,64954939,2457634,4282310,4268003,64942269,64917000,4253841,96723324,55676278,65005618,38302492,10913766,4282238,10913767,64942268,38288884,55820741,4268149,68581041,2457633,64916999,96737704,35145167,64992948,96752084,64980277,68595641,2471285,64929670,84948347,35080206,7400254,35119196,96723323,71038130,19374089,4963387,55676277,41583117,84903162,64929669,4268004,36025240,65030957,2457560,96737705,64980279,35093227,41569611,7124538,2443909,36025241,55820740,71053606,71038129,65018286,50549208,4977695,68566440,64329734,64992947,10885587,68624914,84918200,35093226,55676204,4239678,35119197,2457562,71053607,68581040,96752085,50549207,84903161,68610241,55833954,4282308,4282092,41569612,4977694,4992003,4268075,39615887,41596621,7111471,39574560,65018288
4282238,4282237,4282310,4268004,64967609,4282165,64954939,64980279,4282166,4268077,96723324,2457635,2457634,96737705,2457562,10913767,65018288,35093228,64992949,64967610,64942269,35145167,65018287,64980278,4268003,4282309,64929670,55820741,36025241,4282239,2457561,4253842,4268076,64917001,65005618,84903162,55676279,35093227,64917000,4253915,4963388,4282311,64942270,64929671,64954940,4267930,84903163,2443910,84918200,71038131,35119198,4268150,41583117,41569612,96752085,4268149,68581042,7124538,2443911,7400255,65005619,65030958,55676278,10913768,64329735,35119197,55676205,71053607,55820742,19374090,96737704,64992948,96766467,35080207,4282093,4253841,64954938,35145168,71038130,64967608,96723325,96766466,96737706,2471286,96752086,64980280,65030957,7400254,68595642,71053608,4268005,4992004,39615888,5006312,36051959,4239679,84963459,36078603,38288884,68610242
4282239,4282238,4282167,4282166,4268005,64967610,4268004,4282311,2457635,35093228,2443911,64980280,2457636,96737706,2457563,64992950,4282240,96737705,4268078,4267931,35093229,64929671,64980279,35119199,35119198,84903163,64954940,4253843,4282310,10913768,64992949,96766467,65018288,96723325,96752086,2457562,65018289,84903164,64917002,35080208,4282312,36051886,4282094,4253916,55676280,4268077,35145168,64967609,71053608,36025242,55820742,55820743,96723324,41569613,4253770,64967611,71038131,39615889,64942270,55676206,35145169,2457634,96752087,4268150,64917001,4977697,65030958,65005619,84963460,84963459,7124539,64954939,71053609,55676279,64929672,84918201,4963388,64942271,64942341,7163812,7400255,36078531,2471287,10913767,68581043,68595643,4282093,10913769,4253842,71038132,92299322,64954941,36078604,92299395,4282237,2443910,2443983,4239680,35106249,68610243
4282240,4282239,4282167,4282168,4282312,2457636,4268006,35093229,4268005,35119199,4268079,4253844,64980281,2457564,35119200,84903164,2443912,2443911,96737706,64967611,4282313,64917003,84903165,55820744,96752087,64980280,64992950,4282241,4282095,55676281,4253917,55820743,36051887,35145169,2457563,71053609,10913770,65018290,2457637,64929672,10913769,35080209,87799195,2457635,4253770,41569614,68581044,84963460,84948350,55676207,96737707,84918202,4282094,64992951,84933312,64967612,4267932,92299322,64954941,92299323,39615890,96752088,64967610,35093230,84918203,4267931,65018289,35132220,96766468,96723326,4282311,64917002,64954942,4253843,68595644,35106179,50475770,64929673,87812845,4977697,64942272,36078531,4268078,2443913,4239681,36051886,71053610,68566443,7124540,55676280,2443985,36078532,2443984,7163813,35106250,35145170,36065246,92299396,2471288,36025243
4282241,4282240,4282168,4282313,4282169,35119200,84918204,4268007,4268080,84903165,64917004,4282096,2443913,2457565,84948351,4268006,4253845,10913770,55820744,38302496,35080210,64967612,96752088,4282314,84918203,10913771,87799196,35093230,2457637,65018291,55676282,55820745,64967613,92299323,4267933,36051888,2471289,68595645,35119201,2457564,2457638,84903166,64929673,4282095,55676208,64980281,4253844,71053610,64954942,64980282,4282242,2457636,64942273,2443912,65005622,64954943,64917003,41583121,92299324,96723328,4268079,24794486,35145170,38288888,4282167,64929674,55676281,2443985,41569615,2457566,2443986,96737708,4282312,7124542,24809816,7124541,4253918,36051887,65018290,96752089,35093231,35106180,71038134,96723327,36078532,96708946,64992951,96766469,68566444,96737707,7190021,64917005,24809815,84933313,4253772,46950742,68581045,24764410,4267860,55807531
4282242,4282241,4282169,84918204,4282314,2457566,4268008,64917005,10913772,64967613,10913771,38288889,64967614,64929675,4282097,4282096,4268007,35119201,4282170,84948352,84903166,96723328,71038135,55820745,87799197,35080211,4267934,64917004,4253846,4268081,64954943,64954944,38302497,96723329,92299324,4282243,64980283,2457638,2471290,65005623,55676283,2443913,2457567,64929674,96737709,2457565,96752089,4282315,41583121,64917006,64942274,55820746,35093231,4282313,84948351,55676209,2443914,36051889,10899682,35119202,4268080,7124542,24794561,4282168,2443986,96766470,4253845,92299325,4268009,64992953,42629654,24809816,65018292,50549213,65005622,7124543,4267935,10899683,96766471,41569616,65018291,35093232,64942273,41569617,4253773,55676282,20155415,2457639,71053611,38207313,84918277,84903167,35145171,36051888,24794488,71053612,84933314,10885593,38316105,2471289
4282243,4282242,64967615,64917006,2457567,4268009,10913773,10913772,4282244,64967614,4282315,64954945,64929675,4282171,64942275,4282170,96723330,71038136,64980284,38288890,4267935,64929676,96723329,2457568,64992954,4268008,64980285,42629655,96737710,64954944,64917007,35080212,4282316,2457566,64917005,4267936,71053613,2471291,4253847,38302499,10899683,64954946,87799198,41569618,35119203,41569617,41556113,35119202,55676284,4282098,4282097,38316107,4268010,84933242,55820747,24794488,38302498,38316106,96766471,2443915,71038135,55820746,10885594,4268082,96752091,2471292,92299325,84948353,71022660,35093232,84918204,38275282,42602864,7124544,64942276,35093233,64967616,4253774,38288889,65005623,64329668,24794561,7124543,10885593,55676285,84903167,24794562,71053612,96766472,64329667,65005624,69268629,92299326,24764485,65018293,4296403,84918205,4282314,38207314,84933316
4282244,64954946,38302500,64967616,64967615,10913774,2457568,4282243,64917007,64980285,64942276,4268010,35145174,10913773,71053614,38302499,4282245,38316108,55676285,38316107,4253848,71038137,4282316,4267936,4282172,96723330,64954945,4282171,38288891,64980286,42602865,64992955,38288892,96752092,96723331,64929676,35080213,65018294,4267937,2471292,64942277,4268009,2457569,96766473,24764414,39560742,35106183,42629656,64917006,38343324,35106184,41569618,96737711,2471293,46897820,38356932,42602866,2457567,96737712,4282317,55820748,46884607,35119204,38275283,38356931,71038138,35145175,71053613,41556114,4253775,10871432,4253849,64917008,55676286,35132154,35119203,10899611,36025248,71038136,4268011,96752091,71022661,46911033,38370540,41569619,55676212,96752093,64942275,10885594,24764486,4296332,64929677,35093234,64954947,10899685,4268083,24809819,38234459,50505122,55807535
4282245,38302500,35145175,64954946,38288892,64954947,71038138,38302501,64967616,4282244,64942277,4282246,64967617,24764415,4282173,96752093,38316108,38316109,4253849,38343325,64980286,35106184,10913774,35132155,38356932,42602866,2457569,96766474,46884608,4268011,55676286,39560743,10913775,2457570,64917008,35145174,38370540,4267937,35119205,38370541,71053614,38288893,71053615,38356933,4253776,10899612,46897821,2457642,96737712,46911034,2471293,24764342,38248068,65018295,35145176,4268085,4282317,38343324,42602867,38329717,38275284,4282172,96737713,64992956,96752092,38275285,4282318,4268084,64980287,35080214,4268012,96752094,64942276,96723331,2457643,38329716,19374097,35132154,55820749,4253922,2471294,4253850,71038139,24764414,4267864,96766473,4268010,55068869,35106185,64917007,4282100,36025249,35327458,35080215,35184165,2457568,4253777,55676213,64942278,2443917
4282246,4282174,38302501,35145176,38288893,38316109,96752094,71038139,4268085,35132156,35145175,2457571,64967618,24764416,38370541,4253850,38356933,64954948,2457643,2457570,38343326,4282245,38343325,64967617,64954947,35132155,24764415,96752093,35119206,4268013,38316110,4268012,42602867,39560744,96766475,4282247,4253777,38329717,64942278,4282101,4282173,38302502,24764343,38275285,35106185,38370542,46884609,38356934,64980287,96737714,2443919,4282102,71038138,4282319,4268086,10899613,10913776,96766474,96737713,71053616,96723333,64917009,38302500,35184166,35080215,39519416,64942277,4282318,10913775,64980288,24764342,4239688,35093236,10885523,24764269,38248068,38288892,2471294,55676287,1559517,4253851,35119205,39560745,64992957,4268158,65018296,24764489,71053615,55068869,38329718,42602866,46897822,2443918,35158197,39588321,71131073,84978578,84918209,19374098,4267938
4282247,4282175,2457571,4268013,4282174,4282102,4268086,35145177,35145176,4282246,4268014,35132156,39560745,38356934,38370542,38316110,38302502,4253851,96752094,2443920,35093237,24764417,38343326,4282248,35132157,2457644,64967618,24764416,4253778,96737714,96752095,24764344,71038140,64967619,2457572,2443919,38288894,64980288,38329718,38343327,24764343,4268159,4282319,35158197,64954948,4253852,64992958,4239688,35119207,96766475,35119206,38316111,24764270,71053617,71038139,2457643,4268087,4282103,10913777,71131073,4282320,96766476,71131074,4253925,96723334,64980289,64954949,38356935,35184167,55833964,4267940,10885524,38288893,24764489,84903172,35067267,39560746,84918210,39546993,84963468,4282176,39519416,42602867,24764490,10913776,38302503,42602868,96723333,38302501,4253777,4296335,96737715,64917010,46884610,35171147,64942279,2471295,71053616,4267939,4239689
4282248,4282176,4268014,4253852,4282249,4282175,4268087,35093238,4282103,2443920,39560746,24764418,4253853,4268015,2457572,2443921,71053618,35132157,35145177,4282247,2457645,35145178,38356935,4253779,38316111,35119208,24764417,4253925,24764344,35093237,4267941,64980289,84918211,2443993,38343327,71131074,4282102,64967620,96752095,4282321,4268013,71038141,24764345,4268160,38302503,64967619,96766477,38370543,4268088,96752096,4282320,4267940,2457571,24764271,2457644,96737715,4239689,39560745,4296336,4253926,50475779,24764490,4253780,4239690,4267868,24764491,35158198,55833965,64954950,55820752,35119207,38329719,4211510,4253778,24794494,35067268,71053617,38356934,42629660,24794567,55068872,27791566,2457573,35080218,35132158,96766476,96723334,10913777,4282177,64992959,4268086,2443994,84903173,71038140,24764564,35171147,4267867,46884611,84918210,38370542
4282249,4253853,4282177,4268015,4282176,4282250,4268088,35119209,2443921,84918212,4253780,4282248,4268014,24764418,35093238,24764419,4253854,4267941,4268016,39560747,2443994,71053618,55820753,2457646,4268161,4253926,4282322,4282104,50475780,4282321,4268089,27791567,96766478,35093239,96752097,4239690,24764345,35145178,2457573,24794569,84963398,4267868,35145179,35119208,35080218,50475779,4282103,4267942,84903174,24794568,84948360,84918211,39560746,24764346,64967620,19319935,2457645,71053619,64967621,24764491,2443922,82353181,84948359,2457574,4253852,24764565,96752096,96766477,64980290,55068873,64917013,55068872,4253779,24764492,38316112,38302504,2443920,35132158,2443993,48742420,4239691,42629661,4296337,84933322,64917012,64954951,4253927,2457572,24794494,48742419,71022666,4267869,64942281,24794495,10913779,4239617,50755964,71038142,4268087,55676217
4282250,4253854,4282249,4268089,4282177,4268016,35119210,84903175,4282178,84948360,35119209,24794569,84948361,84918212,4268015,4253853,84933323,4282251,50475780,84963399,84918213,4282322,4282323,4268162,24764419,64917013,4282105,96766479,2457574,64917014,84948434,27791568,4267942,24764420,2443922,4253781,2443995,4253780,4253927,84918285,4268017,10913780,35093240,24809825,4239691,64967622,55068873,96766478,96752097,24764346,2443994,24764492,2457575,35093239,64954952,2457647,48742420,24794496,2443921,55820753,84933250,50461034,4267869,35080219,4268090,27791567,2457646,2443923,55820754,64967621,4267943,4296338,50475781,82353182,19319935,84933324,42629662,35145179,84963398,4268088,84903174,24809826,4253855,64942282,71053619,64980291,96752098,39560747,84933396,24764493,55676291,48785709,48785708,35145180,4268161,2457648,71022667,24794568,4282104,55676217
4282251,84948361,4282250,84933324,64917014,35119210,4268090,84903175,4282178,4268017,4253855,4282323,84918286,24809826,2457648,2457575,84933323,4253854,4268016,84918213,2457576,24794569,84918214,64967623,64954953,10899692,84963399,64917015,24794570,96766479,2443923,10913781,84948434,84903176,4282179,4282324,24764420,24794497,4267943,84933251,50549222,50475781,84933250,4268089,35119211,4253782,27791568,84948360,64967622,10913780,24794496,84948435,24809827,35093240,65005632,50461034,4282106,24764493,2443996,55676292,35093241,2443924,64980292,2443995,48742421,48785709,4268162,64954952,4253781,4282105,64980293,84918285,84963400,24809825,2485024,96407761,4268163,84933396,27791569,96752098,65005633,4239692,2471299,2457647,4267870,33384621,64929684,4267944,64917013,2457649,4268018,53658186,4296412,10899691,96422070,55820754,64992962,55068874,64942283,96766480
84933324,4282251,2457576,4282252,64917015,24809827,84948361,64967624,64954954,2457577,2457649,84948362,84933325,4282324,64917016,84933251,10899692,4268018,64967623,84918286,84918214,24809826,64980293,65005633,2443924,10913782,2457648,24794497,24794571,4268017,24794498,84933252,64917014,24809828,64954953,10913781,2443925,10899693,4282179,64942285,84903176,2471301,64992963,50549223,35119211,64980294,10885603,24794570,4267944,84948435,64929685,65005634,64942284,65018303,4268090,4253855,35093241,2471300,4253856,84918287,4253783,84978656,71038145,50461109,64967625,84963546,2457575,4282325,55676293,48742495,64954955,4253782,2443996,2443997,4296412,10871441,84903175,50549222,65018302,84963400,4282107,24809900,53644328,4282180,96737719,27791570,64929684,4268091,35093242,84948434,10913783,27791569,87799207,65005632,4267945,64384353,42643022,96766480,4282253,24764494
2457577,2457578,4282253,64954955,64967625,24809828,64917016,64942285,10913783,64967624,2471302,24809827,64942286,64980294,2443925,65005634,64954954,65018303,65018304,84933325,84933252,10871441,38302509,64967626,4282181,2471301,10913784,65005635,10885604,64917017,10744930,24794498,84948363,64954956,2457649,4282254,2457650,64980295,84963474,71022670,10913782,64917015,10899693,84933253,2457576,92299337,10871442,38316117,53644328,84933326,2471303,10899620,27791571,24809829,4268019,96752101,64992964,53644329,4282325,68624931,10899621,71038146,91827465,84933324,53630469,64329678,92286124,24794571,50549224,10885603,4253784,36078546,2443926,71053623,84963475,4253857,84918216,64929616,96752102,96737721,24794499,42602874,84963546,64929685,65005633,4267945,19672899,24794572,4268020,96737720,4267946,4282252,35093243,39615832,4268018,55676294,92379418,55068877,10829171,46858191
4282254,64967626,2457578,64954956,10913784,4282255,64942286,4282182,2471303,2457579,64942287,65018304,64967625,64980296,96752102,84918217,38302510,10899621,65018305,38302509,64917017,65005635,64954955,10871442,24809829,2471302,64917018,84963475,84933254,64967627,71038147,24809828,64980295,71038148,10913783,50461038,92299337,46858191,96737722,65005636,10899695,64992966,71053624,64929617,64954957,65030975,38316117,92286125,53644329,4282327,96752103,10913785,4268020,4267947,91827466,10871443,84978586,64942285,96723341,96766483,64929616,46858192,92286124,64329679,4282183,38288902,92286052,10744931,53630470,35353507,10885532,10899622,4282110,36078546,84933253,50446365,92299338,35145184,42602875,64992965,2457577,91827465,10744930,4963405,64917016,38316118,84903179,64384283,68581059,24764424,10885531,24779462,27791572,27791547,92286051,4282181,2457580,36078547,91827538,39615833
4282255,4282183,64967627,4282256,64942287,2457580,64954957,71038148,64917019,64942288,2457579,64980297,10913785,64967626,96752103,71053625,71038149,84918218,2471303,64954958,65018305,10913784,64980296,2471304,38302510,64954956,65018306,64917018,84903180,96766484,64992967,64992966,87799212,50461039,46858192,4282111,96723342,38288902,4282184,50446366,4282110,10899622,65030975,68624860,4282182,96737723,10871443,35353507,68610260,4282328,50446365,84933255,68595660,65005636,87799211,96766485,10899696,64929617,64967628,2485029,10885532,68581059,96407766,2457652,71053626,65030976,36051903,87785562,87785561,84963404,4268022,92286052,10913786,84933254,92286125,68624861,50755971,96422075,50563900,39560753,96737722,35353508,96752102,87812861,4963405,38302511,64929618,4267948,84918217,92299338,4268021,64942286,2457578,68581060,10885533,68639533,35340487,64384283,84948366,35106194
4282256,4282184,4282257,64954958,87799212,71038149,71038150,64942288,64917020,71053627,71053626,64942289,2457580,64917019,64967628,4282112,96766485,87785562,4282111,64980298,87799213,64980297,10913786,64992967,50446366,68610261,2457581,84903181,68624861,64967627,65018306,4282185,4282183,64954959,64992968,96723343,50461040,96407766,10913787,84918219,4282255,96752104,50755971,65030976,87785563,35353508,65018307,64967629,84948366,4282329,38288903,4268022,2471304,2471305,64954957,84933256,4268023,4282038,55676298,2443929,96737724,50755972,64929619,68581060,2485029,10913785,27791574,2457653,96737723,96752103,10885533,10899623,68581061,84918218,71022673,24764426,4267949,87840234,2457654,71053625,87812863,68595660,82353189,36051904,87812862,96766486,4253787,64929618,35132166,4282328,64942287,50461039,64929689,87799211,38302511,55676297,87514538,84903109,4253860,84933255
4282257,4282258,71053627,71038150,4282185,87799213,64942289,64954959,4282112,64917020,71053628,87799212,87785563,10913787,82353190,64967629,4282113,4268024,64942290,4282184,64917021,64980298,71038151,64992968,50461041,64954958,4282330,4282186,68624935,87514550,96766486,84903182,68610262,35080227,2457581,35093247,64954960,87509963,82384509,4268097,64980299,2457582,87514539,50755972,82368813,4282256,2443930,2457655,71022674,84918220,68595662,4268023,2471306,71053626,87840234,2457654,64967628,68581061,87812863,87812864,64967630,55676298,65018307,82353189,96752105,87785562,4253862,96766485,64929619,71038149,27791575,68624862,4253861,10913788,27791550,71069178,87799214,96766487,82400132,10913786,24764427,96407767,50756045,68610261,66822666,55676225,4268096,84918147,4267950,4282039,64929690,68581062,64942288,96737724,2443929,82368812,84948367,53396332,71022675,4282329
4282258,71053628,4282186,4282259,87799213,4282113,64954960,82353190,71038151,71053627,64942290,82353191,4282331,4268024,64967630,4282185,87799214,87514550,4268097,82368813,4282257,35080228,35093248,64917021,10913788,96766487,2457655,82384509,71038150,4268098,87812864,4253862,82368814,68639609,64954959,64917022,35080227,71022675,84918221,71069179,64980300,64980299,96752106,87785563,2457582,84903183,87514539,87509963,64967629,68610263,10913787,4268025,68624936,4282330,87514540,68581062,64967631,64954961,82368887,50756046,71038152,4282187,2457656,87514551,48800244,2443930,46871408,64942291,64942289,82384436,50461041,46884621,68595662,87509964,4282112,84948368,4253863,82400133,82384510,68624935,96393459,2471307,27791576,87505399,71084656,4253789,2471306,24794504,68610262,13415037,55676226,87512251,10913789,87785564,48945147,96680203,50755973,4267951,4268171,96766486
4282259,82353191,4282187,4282332,4282258,71053628,4282186,64954961,4268098,64967631,82368814,4282260,4282331,71038152,35080228,84903184,87799214,10913789,48945147,64954960,64917023,71053629,2457656,82368888,64917022,4268025,4253863,64942291,87514551,4268099,71069180,35119219,64967630,71084657,4268171,64980300,50475790,10899700,82384510,64929692,87514540,4282113,68639610,4282114,71038151,48800245,4268026,82353192,35093249,10913788,68639609,35093248,71022676,50756047,82353190,53547530,50461117,96766487,64942290,82337568,71084656,71069179,64980301,87509964,2457657,96766488,82368813,68624937,55676301,96752107,87512252,82400133,4267952,4268024,50490464,87512241,87509965,55676300,35106198,41786814,84918221,27791577,87812864,41786887,50755974,2457655,4253790,46884622,96752106,82384436,64942292,35119220,2457583,68624936,82384509,68610263,71069181,64967632,2471307,64954962
4282260,4282259,4282332,35119220,4282188,4268099,4282187,4282333,64917023,64954962,64967632,82353192,64967631,71069181,82353191,64917024,64954961,4268026,71084657,50475791,64942292,2457657,48945148,82368814,10913789,41786888,10913790,64980301,4253864,41786815,71038153,84903184,84903185,55676301,4282261,50475790,71069180,64929693,50461118,82368888,53533671,24809835,53547531,71053629,10899700,50756048,4268172,68639610,10899701,35119219,87509965,84933333,50490464,71038152,71084658,48945147,2457585,2457584,55676302,82337568,53547532,4267952,41786814,2457656,35093250,48785792,64929692,84948444,50461117,27791578,35080229,35093249,55676375,2443932,64980302,2444005,46911049,4282115,4282405,48974201,64992971,82368815,82368889,4268027,2457658,68624937,4268098,82400134,65005641,87514563,68581064,4267953,82384511,65005642,87812866,55676228,87514551,48800245,4253937,64942291
4282261,64917024,4282333,53547532,4282260,35119220,4282188,64967632,64954962,71069181,50475791,4282334,64954963,64967633,41786815,41786816,41786889,55676302,2457585,2457658,35119221,71084658,4268027,64992972,71069182,4268100,64917025,64980302,65005642,53533671,53533672,10913790,35093251,64917023,64929694,82353192,50461118,64942293,24809836,41786888,4282262,50461119,10899701,50475792,2457657,48974202,64929693,48945148,4268173,84903185,4282189,4268099,71084657,4282332,4267953,35145191,84933333,35080230,50756049,48785792,48959675,2457586,35106200,4268026,2444006,10913791,82353193,2471310,71038154,64942292,48771339,71053705,2471309,24809835,10899702,2443933,35093250,4253865,53561392,55676228,55676303,55676376,4282406,35067281,4239702,71038153,84948444,64980303,27791578,35080231,53519811,50756048,55676375,82368889,83020850,84933260,84933334,71053704,48945149,68595665
4282262,64917025,4282334,41786816,64917024,64967633,4282335,4282261,64954963,35119221,2457586,35080231,41786889,55676303,2471310,35093251,53533672,53547532,64980303,71069182,64967634,2457659,64942294,50475792,64929694,4268028,50461119,2457658,10899702,24809836,65005643,65018312,65005642,10913791,35145191,64992972,64954964,64992973,2444007,4282189,38288909,2443934,4282333,48974203,4282263,35067281,2457585,48959676,64942293,71084659,71084658,83020851,4253866,38302517,4268027,71053705,4282407,55676302,64967632,4268101,64980302,87505413,50756049,4282190,24809837,10899628,41786817,55676229,64929695,55676376,35106201,71069181,41786815,35093252,10885613,2444006,50534560,10913792,64954962,4253939,68595666,48959677,35932270,84933334,41786890,10899701,64980304,9118441,71069183,4267954,84948372,71038154,48974202,37610756,35080232,48988730,48771340,53589042,87514543,82353193
4282263,4282335,4282262,64917025,64967634,35080232,64980304,64954964,65018313,38302518,64942294,48959677,64954965,2457586,55676304,65005643,2457587,2471310,41786817,37610756,2457659,64917026,38316126,64942295,4282336,41786816,64967633,10913792,35093252,64980303,2471311,65005644,10885613,65018312,64992973,2457660,55820767,64954963,64929695,48974204,55676303,4282190,38288910,2444007,10899702,24809837,10899629,4282334,10913793,2444008,4268028,87505413,64917024,41786891,41556133,50534561,38329734,38288909,35119222,4253867,35932271,71069183,64929696,64992974,42629675,50549234,35080231,4253940,41786890,83020851,35067282,4268102,48974203,4268029,68595667,48785794,4282408,2443934,9118369,4282191,64929694,48988730,41583143,84978667,9118515,35945557,48959676,35145192,64967635,50475793,71084659,84948373,55833980,71069182,41786818,10913791,50534560,71053706,9118442,42629674
4282264,4282263,64954965,4282336,10913793,65018313,64980304,64942295,55676305,55820768,64980305,65005644,64967634,65018314,2457661,4282335,38302519,64967635,64917026,35080232,55820767,41569638,64929696,41786818,64917025,2457588,41556133,2471311,2457587,38302518,48959677,41786891,42629675,2457660,4282191,38316126,64992974,55676304,38288910,35080233,64954964,38329734,38316127,42602884,48974205,2444008,41583143,10885613,55833981,37610757,64992975,50534561,35945558,48959678,64917027,65030984,10913792,48974204,65005643,64929697,55807554,10885614,37610756,65005645,27791582,2471312,35093253,10871451,27791581,64942296,38329735,64954966,65030983,10913794,4282337,41786817,65056251,41569639,50549234,35932272,38288911,71084661,7124565,64929695,10899704,87512256,48988731,49032237,4268029,10885540,71069184,35340495,38343343,46765929,64942294,42629676,9118589,2444009,4268103,10899630
4282265,55820768,4282264,65018314,64954965,64980305,2457662,41569639,2457661,10913794,10913793,64954966,64929697,55676305,4282337,27791582,65030984,64992975,2457588,65018315,38302519,65005645,2457589,64942296,65005644,42602885,64967636,38329735,64917027,64967635,2471313,38316127,42629676,7124565,27791583,38302520,64929696,4282336,65030985,41569638,48974206,2471312,48974205,64980306,65018313,41773167,55833982,4268031,55833981,64942295,10885615,55807555,71069185,92286134,37610758,38316128,41556134,35945558,38288911,10899705,10885614,10899704,35080233,7111499,2471386,64980304,65056252,48959678,10885541,41786818,2457735,36025268,46765930,35106204,49032237,42602884,57082061,7085366,92299421,65056324,64942297,64917026,2444009,7124566,35080234,41583143,55820769,39588339,48959679,4282192,9118444,42629675,55676232,57055416,42669824,92286061,8630370,57376764,37610757,55124959
4282266,2457662,2457663,65018315,27791583,4282265,7111500,2457590,10913794,8643656,41569640,65030985,65018316,7137633,10913795,37610759,7124567,64954967,41569639,2457589,64954966,2471313,10913796,35080235,55110960,64942297,7150773,7150774,7111499,2443938,92286135,38302521,46765931,92286134,68420836,64929697,7176980,4282338,2471314,92299422,10871453,64980306,10885616,50461124,7124566,64967637,7085366,4282193,65018314,10899705,36051913,7098433,55820768,55820769,35106205,65030986,55847196,7203187,65030984,65005645,7163840,2457661,7216327,10899632,64992976,69375883,92299421,7137634,4282339,41556135,10885615,7163914,2444084,7176981,71069187,4268031,57082061,7085367,71038158,7124640,38302520,10885542,42602885,48974206,55900047,55860409,2457735,38316128,35145196,57095421,20183180,7137707,7203186,39588340,39533186,57082062,68435279,64980305,35132175,7137632
36343794,36343793,53707927,92285922,92285851,36078419,36078347,7124497,92299208,94591699,36051703,63012560,94578705,92285850,4282268,63106407,13975408,36078348,63106408,94604692,36051702,16209739,96479041,13922336,40360618,64005424,7124569,45897967,36064991,11370053,94591698,94604691,92285852,16195942,36091707,71084453,20155368,36104995,68595532,84963133,36091706,7137564,73557667,7198454,46792072,96507730,71084454,64384156,39519299,92285995,63079621,36064992,66836984,13816415,64072596,66836985,10871242,38408387,13935622,7360583,37353437,20141501,7124496,13829629,89641632,62532086,20155369,13816416,84963061,92272565,19591015,10871171,40360619,19550136,69299102,36171859,4282196,7124426,36104994,38329460,7137636,92285779,64086100,16209740,13803275,55807487,96737595,92299207,13882551,89627798,38329530,13790064,66836913,19564141,92285923,64384157,36091778,13962122,92285778,39546664
36343794,4282268,64005425,36064992,64384157,92285852,36065133,11370053,36078419,63106408,94591699,13975408,64086100,92285922,92285851,7124498,19536630,36105067,39560417,10871242,94604692,53707927,7124497,36051776,36051775,68580932,36051703,63079621,7124569,36091778,7111431,64384086,64005424,37353438,16209740,37393954,36065134,7137636,37380448,93892594,7137565,94604693,19564141,93906174,99121130,4282413,37393953,20155370,13399943,92299208,68595532,19591015,4282269,36171859,92285923,7124570,35998557,64790823,36265445,68624662,13935623,94578911,94578705,36064991,94578706,45938264,36091707,7198454,7124426,93906173,46778931,94565918,66836914,10871171,64384156,44616664,84963134,4282340,37353437,64384228,92272495,13790066,68595533,66836985,89641633,39519300,64384227,36078349,64384158,62999204,66836986,46792144,36078420,16195942,96507731,36105066,94371242,45897967,20155371,92285996
36065134,93906174,64005425,36051776,4282413,64384158,4282269,37393954,36265445,36105067,64384157,93892594,36064992,36091851,36343794,64086100,7137709,7111575,4282341,63924399,13385270,8670231,7124571,37353438,13385343,96608179,68624662,20155371,94604693,36065133,92285852,15335220,64384228,57202154,44616664,94565918,7124570,7124498,64384086,7137494,63052843,64005426,45938264,13790066,11370054,68580932,39684471,91854490,39560627,92285853,39629392,10871243,7137566,93906245,46792144,45911401,68595533,36091779,64384229,36025131,7124499,37380448,36025202,68580933,7111432,64790688,13399943,63079622,94578911,88086932,37366943,62999205,39560417,11370053,66836986,15335219,36105138,39656896,19536630,19564142,64384087,63106408,37380449,64904360,57228943,13385054,7137565,64954968,92299283,93906103,19509756,39555457,13399871,19577721,36078420,36105068,68624804,36078492,19536631,36051775
36065134,13385344,36091851,64384158,63924399,4282413,7137710,7124571,39629392,93906174,13385271,19523407,13385343,36051776,15335220,36065135,64384229,39643215,36065206,13385126,64005426,64790757,37393955,36265445,63938115,8670231,36105068,64005425,39656897,4282341,92299283,41583078,4282414,7111575,37393954,13385270,7137709,36051777,8670232,73301944,91854490,36051920,63066196,36105139,63052843,96608179,93906103,93892594,19564143,20155371,36025203,39629462,36078492,36078565,7150777,93906175,68580933,19550564,64384087,8430797,39601886,7137495,7124499,64384157,7137566,4282270,39670790,39657037,39643284,39643145,57228944,91854491,4282342,64005495,37380449,41677615,92285853,7124572,36105210,36105067,93892595,41596583,36065064,7137639,13385054,64086100,39684471,96579489,19509756,57255734,7163773,39643144,45938265,41623452,93906246,62999206,36118427,93892452,39656967,4282269
13385344,19523407,36078565,7137710,36065135,7137639,13385271,39643215,19523408,63924399,64384158,36051920,4282414,64384230,64790758,36091851,13385126,7124572,64005496,63938115,41677616,39643145,41677615,64790757,36091852,19550564,4282413,36065206,39629392,8670232,7150706,36105210,7150777,7137711,15335220,91854491,36065134,36118428,36065207,36105139,36051777,94358322,39629462,7124571,39656897,19564143,39670790,13385343,64384229,7150778,37393955,36131787,41610089,7387077,39656968,7163845,93906175,45965200,92299284,64005495,64005426,45951768,36025203,36118569,57228944,7150849,4282342,64018930,92299283,36065064,73301944,7163773,39656967,37380450,41623452,96536422,66851295,15321787,8670231,7137782,41583078,93892452,36105211,39629393,39643285,41664039,39615780,41583079,39629532,89669303,39629463,7163916,39601957,93906103,57255734,19523337,39657037,36051776,89669302,41596654
13385344,19523408,41677616,36078565,64005496,7137639,64790758,19523407,7150706,7163846,7150778,36105211,7137711,36051920,36065279,39656968,89669303,39643215,94358323,7150850,64384230,10843065,36065207,7163917,7163845,36131787,41677615,39629463,41610089,4282414,7176985,39615711,8670232,36038491,7124572,39657109,36118428,36065136,36078566,41650534,44842604,7137640,36131788,7177056,94358322,36091852,7137710,63938115,91854491,19523338,96536423,92299284,7137782,39643145,7176984,89641705,36065135,36118570,7150849,45965200,7150922,13385127,41664039,36118569,36051849,39629533,37421036,73571908,19523337,36105210,13385271,96464736,7216331,7150707,7163989,64384231,36025275,7190196,41623595,39602028,39670721,64018930,7387077,72067149,7163916,36065206,7124573,36118499,39643286,41610160,89641636,45951768,73301945,92299285,94358393,7163774,64790757,90275693,39615780,39629603
41677616,19523408,7163846,7176985,36065279,7177057,90275693,7190196,7216331,64005496,10843065,7150850,36131788,64803427,7163917,94358393,41650606,41650534,94358323,7150707,10843066,36078565,36078566,7150779,39629604,41636959,36105211,64790758,7137640,7163847,7150706,13385344,19523338,36145147,7163989,7177056,39615711,7150778,43955288,73543365,579036,73543366,7163918,17375249,89669303,7150922,39657109,7137639,7347657,39629534,73571908,94358324,13790142,36118570,36078638,38642167,63964777,17389191,94384237,36051920,39656968,44842604,7203264,64005221,84888518,36105283,14866335,41623595,24840224,7176986,86424934,36038491,41650535,10857228,36065207,40293972,47919027,7216403,96536423,36051850,39656969,7137711,91840882,36038492,37421036,7190124,39629463,92299285,36172006,41583151,36065208,41610089,41583152,72067150,13876722,7176984,64980111,8444223,43928643,7189981
7177057,7176985,90275693,7176986,7163847,73543366,41650606,41677616,7216331,10843066,7163846,7190196,36065279,94358394,7203264,84888518,41636959,7163918,64803427,41664112,17375249,7216403,41650535,73543438,94384237,7216332,94358393,41732291,579036,64980111,7347657,4692676,64803428,24840224,13790142,94358324,63964777,53520233,91840882,94384238,28755653,94371316,8444223,96341291,7150707,76512870,43955361,41583152,91827414,7308238,40307331,36131788,17389191,14866335,41650749,7137928,10843065,73571909,7150851,7150779,36078638,7229472,7190124,7203336,13790215,41650677,47919027,36145147,22759249,21806734,38642167,21834891,43968720,39629604,7150780,13876722,7190125,41677617,55237741,37461696,7163989,73543365,16264595,48012397,72067151,36078566,21834890,7189982,62892403,19523408,91854494,87990827,7177058,22487901,91854493,14959754,39629534,43955288,41650534,62718314
7176986,91813876,41732291,7229472,4692676,21806734,10829122,41650606,7177057,73557675,7203264,41732292,53520233,71844349,73543366,64866700,73543438,40280902,7163847,21848839,94384238,65271336,73529203,7216332,73529202,66227328,21792524,94358394,40307404,62892403,41650749,7308239,7216403,21834891,41664112,7308238,96493428,7216331,72081126,73557674,64803428,10843066,73543367,41664113,73543439,91840955,38328917,7176985,7203265,44260535,8724033,73529131,41650607,40280830,94371316,21820729,7177058,85732102,40267472,18468822,76505959,40294045,90334236,90361021,41732219,73586288,16264595,7203336,62093880,41637031,7190125,7321378,41650750,64980111,10843067,7190196,94358395,73514965,24840226,73571981,41664254,41650536,7124790,96536496,8444223,37461696,579036,89655537,22759249,40307331,8750539,39339981,90275693,7124791,10296543,40280829,7229473,16888002,84888518,18536127
91813876,73529203,10829122,40280902,73557675,10101196,40307404,66227328,20879734,41732292,65018255,73529131,7229472,73529204,4706911,21806734,21792524,36171938,65018256,8724034,7229473,71844350,39326302,71844349,21848839,40267472,40320763,20197128,21891544,20921700,41732291,32782675,4692676,63937839,73557747,39339982,40267544,21806735,10829123,96550876,90361021,41745800,40320762,40280830,7308239,64992850,73514966,18536127,20949731,34031612,96593875,21848911,76485224,32769655,65271336,64866700,61938005,73529202,90334236,90683074,71844277,72081126,7124791,73543439,21792668,39339981,8750611,72978108,18468822,19265099,8750540,72067153,53506446,41650750,7203264,33584788,40294188,11412987,7203265,16888002,21750310,24840226,20210999,73514965,44260535,15053041,53520233,21891545,10087253,21806520,90227103,40280831,10422250,40280759,4692820,11455984,40294117,40347409,41745799,21905565
4706911,73529204,20210999,10101196,65018256,40280902,91813876,63937839,21891545,20879734,64992850,73529203,39326302,40320763,40307404,10829123,21019738,32782675,34535255,21891544,8737466,47772565,96550877,10829122,65018189,98444320,20197128,40294261,21750310,73572055,53329176,40267544,66227328,41745800,65018255,35365671,7308310,73529131,96550876,98414684,66035313,32769655,39339982,36171939,73572054,40133189,32782676,7229473,96522190,74212864,41732292,10087253,47161936,51173997,71844350,8697387,8737182,96464811,39285118,24030091,66635699,21905565,68610141,20210998,48771496,98474315,65005587,77256922,73557747,46923583,61938005,90521942,41556077,40320835,72978108,7242613,33358394,10212813,65296729,98429356,21792524,35339631,98444319,21440263,46910370,15581586,73514966,21806735,20963748,96522118,35404730,19265099,90227103,40280975,77369780,10913807,7242614,35326611,21820517,36198657
21440263,20210999,41583016,98444320,41556077,4706911,46923583,98414684,46910371,40133189,21891545,96515705,10101196,20211071,51173997,73529204,65018256,90495087,39615927,47772566,40280902,98474316,66851661,73572055,21426256,68610213,65030860,96723295,7098660,15551838,98414611,46910370,48079124,33358394,21891618,62093824,48800546,63937840,40294261,35456742,96550877,40280975,48065765,96536499,50756067,8737466,63937839,66035313,96522190,68610214,65018190,21019739,51173998,36198657,4379411,64059446,7242614,41583017,32782676,64992850,31911546,10913807,77524642,98414685,48079125,20224869,7124866,96515704,65018189,98414757,76859662,19894543,41569511,7124865,90521942,47161936,8737182,64752019,21905922,73572056,34535255,84948248,47772565,41556078,47732708,44457966,48771497,24764089,21019738,86916290,33488776,4706984,98474315,18630371,96723294,96407649,35443722,65043529,66635699,48786093
