0,5703241,3795034,8776166,9647315,1563829,3728163,6666642,1767743,3416185,40870,7597278,7301131,4422505,7665609,7542296,7869416,7200631,6391765,9970610,6810511,9185843,4267480,8587359,3458850,7708140,7419054,4157744,4219022,79409,4591878,5501641,6396552,857363,2350093,812896,948636,8857896,5075455,6505612,8765567,7441939,6522469,8406634,4998214,2119025,125056,8841178,8002437,6670568,500988,1912063,2931894,4035523,1242923,4285374,814612,1096502,5074276,6558058,1247497,5531209,6722677,9404592,8426935,2141321,6030311,5379269,2670172,7551843,239180,5434883,4454786,6817083,7412794,8001773,3632950,1665636,2669269,8558852,3046570,763808,707444,2751454,5792544,144353,3058566,1914758,6597903,1427913,314087,3789789,1955551,6591507,1297119,2967492,4933634,9886454,2452943,986260
8148248,6438845,6142833,3545579,1265692,7442273,2143179,7309365,2278971,4361799,5355149,7864413,9012030,6272716,8652524,1468594,8234710,1851667,5504092,7712058,5476450,5908428,8285525,104896,8853802,5108686,919131,8796868,6406262,2255550,1511119,2449982,3403297,8361471,3976736,1897159,4703304,884836,3211772,6705497,4460559,530208,964476,5455978,8111620,2832112,1790776,5847890,739874,5438760,7414897,2989431,2092942,1909322,2700282,4710259,3587831,9794793,6596160,402305,131490,3893521,6293915,2795965,4515972,7424350,423521,8562157,2606703,6082340,3373841,9592057,9796620,8916620,1068714,9981015,6473549,1122002,6838704,5422911,7822675,425320,7898132,5289709,7476743,2241622,4185985,9813728,1554292,7217259,5358092,4770946,505000,1429974,9381193,7738539,7188699,2541276,2420578,4780674
8148248,6438845,6142833,3545579,1265692,7442273,2143179,7309365,2278971,4361799,5355149,7864413,9012030,6272716,8652524,1468594,8234710,5504092,1851667,7712058,5908428,5476450,8285525,104896,5108686,919131,8796868,8853802,6406262,2255550,1511119,2449982,3403297,3976736,1897159,8361471,884836,3211772,6705497,530208,4703304,4460559,1790776,5455978,8111620,964476,5847890,2832112,5438760,2989431,7414897,739874,2092942,1909322,4710259,2700282,3587831,9794793,402305,6596160,3893521,2795965,131490,4515972,6293915,9796620,2606703,8562157,9592057,7424350,423521,3373841,6082340,9981015,1122002,8916620,6473549,1068714,5422911,6838704,7822675,7898132,4185985,425320,7476743,5289709,9813728,2241622,5358092,1429974,7217259,7738539,4770946,1554292,7188699,9381193,505000,2541276,2420578,4780674
8148248,6438845,6142833,3545579,1265692,7442273,2143179,2278971,7309365,5355149,4361799,7864413,9012030,6272716,8652524,8234710,1468594,5504092,1851667,5908428,7712058,5476450,8285525,5108686,104896,919131,8796868,8853802,6406262,2255550,3976736,3403297,2449982,1511119,1897159,8361471,884836,6705497,3211772,530208,1790776,4460559,4703304,5847890,5455978,8111620,5438760,2989431,7414897,964476,739874,2832112,2092942,1909322,4710259,3587831,2700282,402305,9794793,6596160,3893521,2795965,4515972,9796620,131490,6293915,2606703,9592057,8562157,9981015,7424350,423521,1122002,3373841,6082340,5422911,8916620,6473549,1068714,7822675,6838704,7898132,4185985,9813728,1429974,7476743,5358092,7217259,425320,7738539,5289709,2241622,7188699,4770946,9381193,1554292,2541276,505000,2420578,9825732
8148248,6438845,6142833,3545579,1265692,7442273,2143179,2278971,7309365,5355149,7864413,4361799,6272716,9012030,8234710,5504092,1468594,8652524,1851667,5908428,5476450,5108686,7712058,8285525,104896,919131,8796868,3976736,6406262,8853802,2255550,3403297,2449982,1511119,1897159,884836,8361471,1790776,6705497,3211772,530208,4460559,5847890,5455978,8111620,5438760,4703304,2989431,7414897,739874,964476,2832112,4710259,2092942,1909322,3587831,402305,9794793,6596160,2700282,3893521,9796620,2795965,4515972,2606703,9592057,8562157,9981015,6293915,131490,1122002,7424350,423521,3373841,5422911,6082340,6473549,8916620,1068714,7822675,9813728,4185985,7898132,1429974,5358092,6838704,7738539,7217259,7476743,7188699,4770946,9381193,425320,2241622,2541276,5289709,1554292,9825732,505000,2420578
8148248,6438845,6142833,3545579,1265692,7442273,2278971,2143179,7309365,5355149,7864413,4361799,6272716,9012030,5504092,8234710,1468594,8652524,1851667,5908428,5108686,104896,5476450,8285525,8796868,919131,3976736,7712058,6406262,3403297,8853802,2255550,2449982,1511119,1897159,884836,1790776,8361471,6705497,3211772,530208,4460559,5847890,8111620,5438760,5455978,2989431,7414897,4703304,739874,2832112,964476,4710259,402305,3587831,2092942,1909322,9796620,9794793,6596160,3893521,2700282,2795965,4515972,2606703,9592057,9981015,8562157,1122002,6293915,131490,7424350,423521,5422911,3373841,6082340,6473549,8916620,1429974,7822675,9813728,4185985,1068714,7738539,7898132,5358092,7217259,7188699,7476743,6838704,4770946,9381193,2541276,1554292,2241622,425320,5289709,9112063,9825732,8977231
8148248,6438845,6142833,3545579,1265692,7442273,2278971,2143179,7309365,5355149,7864413,4361799,6272716,9012030,5504092,8234710,1468594,1851667,8652524,5908428,5108686,3976736,104896,8796868,919131,8285525,5476450,3403297,6406262,7712058,2255550,8853802,2449982,1511119,884836,1790776,1897159,6705497,3211772,8361471,530208,5847890,4460559,5438760,8111620,5455978,2989431,7414897,739874,4703304,402305,9796620,4710259,3587831,2832112,964476,1909322,2092942,9794793,6596160,3893521,2795965,2606703,4515972,9592057,9981015,2700282,1122002,8562157,6293915,5422911,131490,7424350,423521,3373841,6082340,6473549,1429974,9813728,7822675,7738539,4185985,5358092,8916620,7188699,7217259,7898132,1068714,7476743,2541276,4770946,9381193,6838704,9112063,8977231,1554292,9825732,2241622,425320,2420578
8148248,6142833,6438845,3545579,1265692,7442273,2278971,2143179,5355149,7864413,7309365,4361799,6272716,9012030,5504092,8234710,1468594,1851667,8652524,3976736,5908428,5108686,8796868,104896,919131,8285525,3403297,5476450,6406262,7712058,2255550,2449982,8853802,1790776,884836,1511119,1897159,6705497,3211772,5847890,530208,8361471,4460559,5438760,8111620,2989431,5455978,7414897,739874,9796620,402305,3587831,4710259,4703304,3893521,6596160,2832112,9794793,2606703,964476,1909322,2795965,9592057,2092942,9981015,4515972,1122002,8562157,2700282,5422911,6293915,7424350,423521,131490,1429974,3373841,9813728,6473549,7738539,6082340,5358092,7822675,7188699,4185985,7217259,8916620,7898132,2541276,1068714,9112063,9381193,4770946,7476743,8977231,9825732,1554292,6838704,2615325,2241622,2420578
8148248,6142833,6438845,3545579,1265692,7442273,2278971,2143179,5355149,7864413,7309365,4361799,6272716,9012030,5504092,8234710,1851667,1468594,3976736,8652524,5908428,5108686,8796868,104896,919131,3403297,8285525,5476450,6406262,2255550,1790776,2449982,884836,7712058,8853802,1511119,1897159,6705497,5847890,3211772,530208,8361471,4460559,5438760,2989431,8111620,5455978,7414897,9796620,739874,402305,3587831,4710259,2606703,3893521,6596160,9981015,4703304,9592057,9794793,2795965,4515972,2832112,1122002,1909322,2092942,964476,8562157,2700282,5422911,1429974,6293915,7424350,423521,9813728,7738539,131490,3373841,5358092,7188699,6473549,4185985,7822675,7217259,6082340,7898132,9112063,8916620,2541276,8977231,9381193,4770946,7476743,1068714,9825732,2615325,1554292,2369983,6838704,1527193
8148248,6142833,6438845,3545579,1265692,7442273,2278971,2143179,5355149,7864413,7309365,6272716,4361799,5504092,9012030,8234710,3976736,1851667,1468594,5108686,5908428,8796868,8652524,104896,919131,3403297,8285525,6406262,5476450,1790776,884836,2255550,2449982,1897159,8853802,1511119,6705497,7712058,5847890,3211772,530208,4460559,8361471,5438760,2989431,9796620,8111620,7414897,5455978,402305,739874,3587831,4710259,2606703,9981015,9592057,3893521,6596160,1122002,2795965,9794793,4515972,4703304,1909322,2832112,8562157,2092942,964476,5422911,2700282,1429974,9813728,7738539,423521,7424350,6293915,7188699,5358092,3373841,7217259,131490,6473549,4185985,7822675,9112063,6082340,8977231,7898132,2541276,9381193,4770946,8916620,7476743,9825732,2615325,5923793,1068714,1527193,1554292,2369983
8148248,6142833,6438845,3545579,1265692,7442273,2278971,7864413,5355149,2143179,7309365,6272716,4361799,5504092,9012030,3976736,8234710,1851667,5108686,1468594,5908428,8796868,3403297,104896,919131,8652524,8285525,6406262,1790776,5476450,884836,2255550,2449982,5847890,1897159,6705497,1511119,8853802,3211772,530208,7712058,4460559,5438760,8361471,9796620,2989431,7414897,8111620,5455978,402305,739874,3587831,9981015,2606703,4710259,9592057,1122002,3893521,6596160,2795965,4515972,9794793,8562157,1909322,4703304,2832112,2092942,5422911,964476,1429974,2700282,9813728,7738539,7188699,5358092,423521,7424350,6293915,7217259,4185985,3373841,9112063,7822675,6473549,8977231,131490,2541276,7898132,6082340,5923793,9381193,4770946,2615325,9825732,8916620,7476743,1527193,1386182,906965,2369983
8148248,6142833,6438845,3545579,1265692,7442273,2278971,7864413,5355149,2143179,7309365,6272716,4361799,5504092,3976736,9012030,8234710,5108686,1851667,5908428,3403297,8796868,1468594,104896,919131,8285525,1790776,8652524,6406262,884836,5476450,2449982,2255550,5847890,6705497,1897159,3211772,1511119,530208,8853802,9796620,4460559,5438760,7712058,8361471,2989431,7414897,8111620,402305,5455978,9981015,2606703,739874,3587831,9592057,1122002,4710259,3893521,6596160,2795965,4515972,9794793,8562157,1909322,5422911,1429974,4703304,2092942,2832112,7738539,9813728,964476,2700282,7188699,5358092,7217259,9112063,423521,7424350,4185985,6293915,8977231,7822675,3373841,6473549,5923793,2541276,131490,7898132,9381193,2615325,6082340,4770946,9825732,1527193,1386182,7476743,8916620,906965,9832662
8148248,6142833,6438845,3545579,7442273,1265692,2278971,7864413,5355149,2143179,6272716,7309365,4361799,5504092,3976736,9012030,8234710,5108686,3403297,8796868,1851667,5908428,104896,919131,1468594,1790776,8285525,6406262,884836,8652524,5847890,5476450,2449982,2255550,6705497,1897159,3211772,530208,1511119,9796620,8853802,4460559,5438760,8361471,2989431,7712058,7414897,402305,8111620,5455978,9981015,2606703,9592057,1122002,3587831,739874,3893521,4710259,2795965,4515972,6596160,9794793,8562157,1429974,5422911,1909322,7738539,9813728,2092942,2832112,4703304,7188699,5358092,9112063,964476,2700282,7217259,5923793,8977231,4185985,423521,7424350,7822675,6473549,6293915,3373841,2541276,2615325,9381193,7898132,1527193,4770946,131490,9832662,9825732,1386182,6082340,906965,2369983,7476743
8148248,6142833,6438845,3545579,7442273,1265692,2278971,7864413,5355149,2143179,6272716,7309365,4361799,3976736,5504092,9012030,5108686,3403297,8234710,8796868,5908428,1851667,104896,919131,1790776,1468594,8285525,884836,6406262,5847890,8652524,2449982,6705497,2255550,5476450,1897159,9796620,3211772,530208,1511119,5438760,4460559,8853802,2989431,8361471,402305,7414897,8111620,9981015,7712058,2606703,5455978,1122002,9592057,3587831,739874,3893521,4710259,2795965,4515972,6596160,9794793,8562157,1429974,5422911,7738539,9813728,1909322,7188699,5358092,5923793,2092942,9112063,2832112,4703304,7217259,8977231,4185985,964476,2700282,423521,7822675,7424350,2541276,2615325,6473549,9832662,3373841,6293915,1527193,9381193,1386182,7898132,4770946,9825732,906965,131490,2369983,6082340,7476743
8148248,6142833,6438845,3545579,7442273,1265692,2278971,7864413,5355149,6272716,2143179,7309365,3976736,4361799,5504092,9012030,3403297,5108686,8796868,8234710,5908428,919131,104896,1790776,1851667,884836,1468594,8285525,6406262,5847890,6705497,2449982,9796620,2255550,1897159,8652524,5476450,3211772,530208,1511119,5438760,4460559,8853802,2989431,402305,8361471,9981015,7414897,2606703,8111620,1122002,9592057,5455978,7712058,3587831,739874,3893521,2795965,4515972,4710259,6596160,9794793,8562157,1429974,5422911,7738539,9813728,5923793,7188699,9112063,5358092,1909322,8977231,7217259,2092942,2832112,4185985,4703304,9832662,2615325,7822675,423521,2700282,2541276,7424350,964476,1527193,6473549,1386182,9381193,3373841,6293915,9825732,7898132,4770946,906965,2369983,131490,6082340,7476743
8148248,6142833,6438845,3545579,7442273,1265692,2278971,7864413,5355149,6272716,2143179,7309365,3976736,5504092,4361799,3403297,5108686,9012030,8796868,1790776,8234710,5908428,919131,104896,1851667,884836,8285525,6406262,1468594,5847890,9796620,6705497,2449982,1897159,2255550,530208,3211772,5476450,8652524,5438760,1511119,4460559,2989431,402305,9981015,8853802,7414897,2606703,8361471,1122002,9592057,8111620,5455978,3587831,3893521,739874,7712058,2795965,4515972,4710259,6596160,1429974,8562157,9794793,5422911,5923793,7738539,9813728,7188699,9112063,5358092,8977231,1909322,7217259,9832662,2092942,4185985,2615325,2832112,2541276,7822675,1527193,1386182,423521,4703304,7424350,2700282,6473549,9381193,964476,9825732,3373841,906965,4770946,7898132,6293915,2369983,8258667,7476743,3845861
8148248,6142833,6438845,3545579,7442273,1265692,2278971,7864413,5355149,6272716,2143179,3976736,7309365,5504092,4361799,3403297,5108686,8796868,9012030,1790776,5908428,919131,104896,8234710,884836,1851667,5847890,6406262,8285525,9796620,1468594,6705497,2449982,1897159,530208,3211772,2255550,5476450,5438760,4460559,8652524,1511119,9981015,402305,2989431,2606703,1122002,7414897,8853802,9592057,8361471,8111620,5455978,3587831,3893521,2795965,4515972,739874,6596160,4710259,1429974,7712058,5923793,8562157,9794793,5422911,7738539,9813728,9112063,7188699,5358092,8977231,9832662,7217259,1909322,2615325,4185985,1527193,2092942,2541276,1386182,7822675,2832112,423521,9381193,7424350,6473549,906965,9825732,2700282,4703304,4770946,3373841,7898132,2369983,964476,6293915,8258667,3845861,9924198
8148248,6142833,6438845,3545579,7442273,1265692,2278971,7864413,5355149,6272716,3976736,2143179,7309365,5504092,4361799,3403297,5108686,1790776,8796868,9012030,5908428,919131,104896,8234710,884836,1851667,5847890,9796620,6406262,8285525,6705497,1468594,2449982,1897159,530208,3211772,2255550,5438760,5476450,4460559,9981015,1511119,402305,2989431,2606703,1122002,8652524,9592057,7414897,8853802,8361471,8111620,3587831,5455978,3893521,2795965,4515972,5923793,1429974,739874,6596160,4710259,8562157,5422911,7738539,9794793,9813728,9112063,7712058,7188699,9832662,5358092,8977231,7217259,2615325,1527193,1909322,4185985,1386182,2541276,7822675,2092942,9381193,906965,423521,9825732,6473549,7424350,2832112,4770946,8258667,2369983,7898132,2700282,9924198,3373841,3845861,4703304,9687222,6293915
8148248,6142833,6438845,3545579,7442273,1265692,2278971,7864413,5355149,6272716,3976736,2143179,7309365,5504092,4361799,3403297,5108686,1790776,8796868,919131,5908428,104896,9012030,884836,8234710,9796620,5847890,1851667,6406262,8285525,6705497,2449982,530208,1897159,1468594,3211772,2255550,5438760,9981015,4460559,402305,5476450,1122002,2606703,1511119,2989431,9592057,7414897,8652524,8111620,8361471,8853802,3587831,5923793,5455978,3893521,1429974,2795965,4515972,739874,6596160,4710259,8562157,7738539,5422911,9112063,9813728,9794793,7188699,9832662,5358092,8977231,7712058,7217259,2615325,1527193,1386182,4185985,2541276,1909322,7822675,906965,9381193,8258667,2092942,9825732,9924198,423521,3845861,6473549,2369983,4770946,7424350,2832112,7898132,9687222,3373841,7661346,850089,2700282
8148248,6142833,6438845,3545579,7442273,1265692,2278971,7864413,3976736,5355149,6272716,2143179,7309365,5504092,3403297,4361799,5108686,1790776,8796868,919131,104896,5908428,884836,9796620,9012030,5847890,8234710,1851667,6406262,8285525,6705497,530208,2449982,3211772,1897159,1468594,5438760,2255550,9981015,402305,1122002,4460559,2606703,2989431,9592057,1511119,5476450,7414897,5923793,8111620,8652524,3587831,8361471,8853802,1429974,5455978,3893521,2795965,4515972,6596160,739874,7738539,4710259,8562157,9112063,5422911,9832662,9813728,7188699,9794793,8977231,5358092,7217259,2615325,7712058,1527193,1386182,4185985,2541276,9924198,1909322,8258667,7822675,906965,9381193,3845861,9825732,2369983,2092942,423521,4770946,6473549,9687222,7424350,7661346,850089,7898132,3373841,120886,2832112
8148248,6142833,6438845,3545579,7442273,1265692,2278971,7864413,3976736,5355149,6272716,2143179,5504092,7309365,3403297,4361799,1790776,5108686,8796868,884836,919131,9796620,104896,5908428,5847890,9012030,8234710,6406262,1851667,6705497,8285525,530208,3211772,2449982,1897159,9981015,5438760,2255550,1122002,1468594,402305,2606703,4460559,9592057,2989431,1511119,5923793,5476450,7414897,1429974,8111620,3587831,8361471,3893521,2795965,5455978,4515972,8853802,8652524,9832662,7738539,9112063,6596160,739874,8562157,5422911,4710259,9813728,7188699,9794793,8977231,5358092,7217259,2615325,1527193,1386182,4185985,9924198,7712058,2541276,8258667,906965,3845861,7822675,1909322,9381193,9825732,2369983,9687222,7661346,4770946,850089,423521,6473549,120886,2092942,7424350,7898132,3373841,8143000
8148248,6142833,6438845,3545579,7442273,1265692,2278971,3976736,7864413,6272716,5355149,2143179,5504092,7309365,3403297,1790776,5108686,4361799,8796868,9796620,884836,919131,104896,5908428,5847890,9012030,8234710,6406262,6705497,1851667,8285525,530208,3211772,1897159,2449982,9981015,5438760,1122002,402305,2606703,2255550,4460559,9592057,5923793,1468594,2989431,1511119,7414897,5476450,1429974,3587831,8111620,3893521,9832662,2795965,4515972,8361471,5455978,9112063,7738539,8853802,6596160,5422911,9813728,8562157,8652524,739874,4710259,7188699,8977231,5358092,9794793,2615325,7217259,1527193,1386182,9924198,8258667,4185985,2541276,3845861,906965,7712058,7822675,9381193,9825732,9687222,1909322,7661346,2369983,120886,850089,4770946,6473549,423521,7898132,7424350,2092942,8143000,3031242
8148248,6142833,6438845,3545579,7442273,1265692,2278971,3976736,7864413,6272716,5355149,5504092,2143179,3403297,7309365,1790776,5108686,4361799,8796868,9796620,884836,919131,104896,5847890,5908428,6705497,9012030,6406262,8234710,8285525,1851667,530208,9981015,3211772,1897159,2449982,5438760,1122002,2606703,402305,5923793,2255550,9592057,4460559,2989431,1468594,7414897,1511119,1429974,5476450,9832662,3587831,8111620,3893521,2795965,4515972,9112063,7738539,8361471,5455978,9813728,5422911,6596160,8562157,7188699,8853802,4710259,8977231,739874,5358092,8652524,9794793,2615325,7217259,1527193,1386182,9924198,8258667,4185985,3845861,2541276,906965,7822675,120886,9825732,9381193,9687222,7661346,2369983,850089,7712058,1909322,4770946,8143000,6473549,3031242,423521,9399741,7898132,7644808
8148248,6142833,6438845,3545579,7442273,1265692,2278971,3976736,7864413,6272716,5355149,5504092,3403297,2143179,7309365,1790776,5108686,8796868,9796620,4361799,884836,919131,5847890,104896,5908428,6705497,6406262,9012030,8234710,9981015,8285525,530208,1851667,3211772,1122002,1897159,5923793,5438760,2449982,2606703,402305,9592057,2255550,4460559,2989431,1429974,7414897,1468594,9832662,1511119,3587831,9112063,5476450,3893521,7738539,8111620,2795965,4515972,9813728,5455978,8361471,5422911,7188699,6596160,8562157,8977231,4710259,739874,8853802,5358092,2615325,9794793,9924198,1527193,7217259,1386182,8652524,8258667,3845861,2541276,4185985,906965,120886,9687222,7661346,7822675,9825732,9381193,850089,2369983,9399741,8143000,4770946,3031242,1909322,7712058,6473549,8591792,423521,7644808
8148248,6142833,6438845,3545579,7442273,1265692,2278971,3976736,7864413,6272716,5355149,5504092,3403297,1790776,2143179,7309365,5108686,9796620,8796868,884836,4361799,5847890,919131,104896,5908428,6705497,6406262,9981015,8234710,9012030,5923793,8285525,530208,1122002,3211772,1851667,1897159,5438760,2606703,2449982,402305,9592057,4460559,2255550,2989431,9832662,1429974,7414897,1511119,1468594,9112063,3587831,7738539,3893521,2795965,4515972,8111620,5476450,9813728,7188699,5422911,8977231,5455978,8562157,8361471,6596160,5358092,4710259,9924198,739874,2615325,8853802,1527193,1386182,9794793,7217259,8258667,3845861,8652524,2541276,4185985,906965,120886,9687222,7661346,9825732,850089,7822675,9399741,9381193,2369983,3031242,8143000,4770946,8591792,7644808,1909322,856267,6473549,7898132
8148248,6142833,6438845,3545579,7442273,1265692,2278971,3976736,7864413,6272716,5355149,5504092,3403297,1790776,2143179,7309365,5108686,9796620,8796868,884836,5847890,4361799,919131,104896,5908428,6705497,9981015,6406262,5923793,1122002,530208,8285525,3211772,8234710,9012030,2606703,5438760,1897159,402305,1851667,2449982,9592057,9832662,4460559,2989431,2255550,1429974,7414897,9112063,7738539,1511119,3587831,3893521,1468594,2795965,4515972,9813728,8111620,7188699,5422911,8977231,5476450,8562157,9924198,6596160,5455978,8361471,5358092,2615325,4710259,1527193,739874,1386182,8258667,7217259,9794793,8853802,3845861,120886,2541276,4185985,906965,8652524,9687222,7661346,9399741,850089,9825732,9381193,7822675,2369983,3031242,8143000,4770946,8591792,856267,7644808,6473549,2861793,5300444
8148248,6142833,6438845,3545579,7442273,1265692,2278971,3976736,7864413,6272716,5355149,3403297,5504092,1790776,9796620,2143179,5108686,7309365,8796868,884836,5847890,919131,104896,4361799,5908428,6705497,5923793,9981015,6406262,1122002,530208,2606703,3211772,8285525,5438760,402305,8234710,1897159,9592057,9012030,2449982,1851667,9832662,1429974,4460559,2989431,2255550,9112063,7414897,7738539,3587831,1511119,3893521,2795965,4515972,9813728,7188699,8977231,9924198,5422911,8111620,1468594,8562157,6596160,5476450,5358092,5455978,2615325,8258667,8361471,1527193,1386182,4710259,739874,7217259,3845861,9794793,8853802,120886,2541276,9399741,906965,4185985,9687222,7661346,850089,9825732,8652524,3031242,8143000,9381193,2369983,7822675,8591792,4770946,856267,7644808,5300444,2861793,5078043
8148248,6142833,6438845,3545579,7442273,1265692,2278971,3976736,7864413,6272716,5355149,3403297,5504092,1790776,9796620,5108686,2143179,7309365,8796868,884836,5847890,919131,104896,4361799,5908428,5923793,6705497,9981015,1122002,6406262,2606703,530208,3211772,5438760,402305,8285525,9592057,9832662,1897159,8234710,2449982,9012030,1851667,1429974,4460559,2989431,9112063,2255550,7414897,7738539,9924198,3587831,3893521,9813728,2795965,4515972,7188699,8977231,1511119,5422911,8111620,8562157,5358092,8258667,1468594,2615325,6596160,1527193,5455978,1386182,5476450,8361471,4710259,7217259,3845861,739874,9794793,120886,9399741,8853802,906965,2541276,7661346,9687222,4185985,850089,3031242,8143000,9825732,2369983,9381193,7822675,8591792,8652524,5300444,856267,4770946,7644808,2861793,86758
8148248,6142833,6438845,3545579,7442273,1265692,2278971,3976736,7864413,6272716,5355149,3403297,1790776,5504092,9796620,5108686,2143179,8796868,884836,7309365,5847890,919131,104896,5923793,5908428,4361799,9981015,6705497,1122002,6406262,2606703,530208,9832662,3211772,5438760,402305,9592057,8285525,1897159,2449982,8234710,1429974,9012030,1851667,2989431,4460559,9112063,2255550,7738539,7414897,9924198,9813728,3587831,8977231,7188699,3893521,2795965,4515972,5422911,1511119,8258667,8111620,8562157,2615325,5358092,1527193,1386182,6596160,5455978,1468594,3845861,7217259,5476450,8361471,4710259,120886,739874,9399741,9794793,906965,2541276,7661346,9687222,8853802,4185985,850089,3031242,8143000,9825732,2369983,9381193,7822675,8591792,5300444,856267,2861793,7644808,4770946,8652524,9981907
8148248,6142833,6438845,3545579,7442273,1265692,2278971,3976736,7864413,6272716,5355149,3403297,1790776,5504092,9796620,5108686,884836,8796868,2143179,5847890,7309365,5923793,919131,104896,9981015,5908428,6705497,4361799,1122002,9832662,2606703,6406262,530208,3211772,402305,5438760,9592057,1897159,8285525,1429974,2449982,8234710,9112063,2989431,4460559,1851667,9012030,9924198,7738539,2255550,7414897,8977231,9813728,7188699,3587831,3893521,4515972,2795965,8258667,5422911,1511119,2615325,5358092,1527193,8562157,1386182,8111620,6596160,3845861,5455978,9399741,7217259,120886,4710259,1468594,8361471,5476450,739874,9794793,7661346,906965,9687222,2541276,4185985,3031242,850089,8853802,8143000,9825732,2369983,8591792,5300444,9381193,7822675,856267,2861793,7644808,9981907,4770946,5466921
8148248,6142833,6438845,3545579,7442273,1265692,2278971,3976736,7864413,6272716,5355149,3403297,1790776,5504092,9796620,5108686,884836,8796868,5847890,2143179,5923793,7309365,919131,104896,9981015,5908428,6705497,1122002,9832662,4361799,2606703,6406262,530208,402305,9592057,5438760,3211772,1897159,1429974,8285525,2449982,9112063,9924198,8234710,2989431,4460559,7738539,1851667,9012030,7414897,2255550,8977231,9813728,7188699,8258667,3587831,3893521,4515972,2795965,5422911,2615325,1527193,1386182,5358092,8562157,1511119,3845861,8111620,9399741,6596160,120886,7217259,5455978,4710259,8361471,739874,1468594,5476450,9794793,7661346,9687222,906965,2541276,3031242,8143000,850089,4185985,8853802,5300444,9825732,8591792,2369983,9381193,2861793,856267,7822675,9981907,7644808,5466921,86758
8148248,6142833,3545579,6438845,7442273,1265692,2278971,3976736,7864413,6272716,5355149,3403297,1790776,9796620,5504092,5108686,884836,8796868,5847890,5923793,2143179,7309365,919131,104896,9981015,1122002,6705497,5908428,9832662,2606703,4361799,6406262,9592057,530208,402305,5438760,3211772,1429974,1897159,8285525,9112063,9924198,2449982,2989431,4460559,7738539,8234710,1851667,8977231,7414897,8258667,9813728,9012030,7188699,2255550,3587831,3893521,4515972,2795965,5422911,2615325,1527193,1386182,5358092,9399741,3845861,8562157,120886,1511119,8111620,6596160,7217259,5455978,4710259,8361471,739874,7661346,9687222,9794793,906965,5476450,1468594,3031242,2541276,8143000,850089,4185985,5300444,8591792,9825732,2369983,8853802,2861793,9381193,9981907,856267,7822675,5466921,7644808,86758
8148248,6142833,3545579,6438845,7442273,1265692,2278971,3976736,7864413,6272716,5355149,3403297,1790776,9796620,5504092,5108686,884836,5923793,5847890,8796868,2143179,919131,9981015,7309365,104896,9832662,1122002,6705497,5908428,2606703,9592057,402305,530208,4361799,6406262,5438760,3211772,1429974,9924198,1897159,9112063,8285525,2449982,7738539,2989431,4460559,8234710,8258667,8977231,9813728,7188699,7414897,1851667,2255550,9012030,3893521,4515972,2615325,3587831,2795965,5422911,9399741,1527193,1386182,3845861,5358092,120886,8562157,1511119,8111620,6596160,7217259,5455978,4710259,7661346,9687222,906965,3031242,8361471,739874,9794793,8143000,2541276,850089,5476450,1468594,5300444,4185985,8591792,9825732,2369983,9981907,2861793,856267,9381193,5466921,8853802,7822675,7644808,86758
8148248,6142833,3545579,6438845,7442273,1265692,2278971,3976736,6272716,7864413,5355149,3403297,1790776,9796620,5504092,5108686,5923793,884836,5847890,8796868,9981015,919131,2143179,9832662,104896,1122002,7309365,6705497,5908428,2606703,9592057,402305,530208,6406262,5438760,1429974,3211772,9924198,4361799,9112063,1897159,8285525,2449982,7738539,2989431,8258667,4460559,8977231,7188699,9813728,8234710,9399741,7414897,2615325,1851667,1527193,1386182,5422911,4515972,3893521,2255550,3845861,2795965,3587831,120886,5358092,9012030,8562157,6596160,7217259,8111620,1511119,7661346,5455978,9687222,4710259,3031242,906965,8143000,739874,850089,2541276,8361471,9794793,5300444,4185985,5476450,8591792,9981907,1468594,2861793,9825732,2369983,856267,5466921,9381193,376368,7644808,86758,7822675
8148248,6142833,3545579,6438845,7442273,1265692,2278971,3976736,6272716,7864413,5355149,1790776,3403297,9796620,5504092,5923793,5108686,884836,5847890,8796868,9981015,9832662,919131,1122002,104896,2143179,7309365,6705497,2606703,5908428,9592057,402305,9924198,530208,1429974,5438760,6406262,3211772,9112063,4361799,1897159,7738539,8285525,2449982,8258667,2989431,8977231,4460559,9399741,7188699,9813728,7414897,2615325,1527193,3845861,1386182,8234710,120886,5422911,4515972,2795965,3893521,3587831,5358092,1851667,2255550,8562157,9012030,7217259,6596160,8111620,1511119,7661346,9687222,3031242,5455978,8143000,906965,4710259,5300444,850089,2541276,739874,9794793,8361471,4185985,9981907,8591792,2861793,5476450,9825732,2369983,856267,5466921,1468594,376368,9381193,7644808,5932890,86758
8148248,6142833,3545579,6438845,7442273,1265692,2278971,3976736,6272716,7864413,1790776,3403297,5355149,9796620,5504092,5923793,5108686,884836,5847890,8796868,9832662,9981015,1122002,919131,104896,6705497,2143179,2606703,7309365,5908428,9592057,9924198,402305,1429974,530208,5438760,9112063,3211772,6406262,1897159,4361799,7738539,8258667,2449982,8285525,9399741,2989431,8977231,4460559,7188699,9813728,3845861,2615325,120886,1527193,1386182,7414897,5422911,4515972,2795965,3893521,5358092,8234710,3587831,2255550,1851667,8562157,7217259,9012030,6596160,8111620,7661346,9687222,1511119,3031242,8143000,906965,5300444,5455978,850089,4710259,2541276,9981907,739874,9794793,8591792,8361471,4185985,2861793,5466921,856267,2369983,9825732,376368,5476450,5932890,9268333,9381193,86758,7644808
8148248,6142833,3545579,6438845,7442273,1265692,3976736,2278971,6272716,7864413,1790776,3403297,9796620,5355149,5504092,5923793,5108686,884836,5847890,8796868,9832662,9981015,1122002,919131,104896,6705497,2606703,2143179,9924198,7309365,5908428,9592057,402305,1429974,530208,9112063,5438760,3211772,6406262,8258667,1897159,7738539,9399741,4361799,8977231,2449982,2989431,8285525,7188699,9813728,4460559,3845861,120886,2615325,1386182,1527193,7414897,5422911,4515972,5358092,2795965,3893521,3587831,8234710,2255550,8562157,1851667,7217259,6596160,7661346,3031242,9687222,9012030,8111620,8143000,5300444,1511119,906965,850089,5455978,4710259,9981907,2541276,8591792,9794793,2861793,739874,4185985,5466921,8361471,9268333,376368,856267,2369983,5932890,9825732,86758,9381193,4174680,1137136
8148248,6142833,3545579,6438845,7442273,3976736,2278971,1265692,6272716,7864413,1790776,9796620,3403297,5355149,5923793,5504092,5108686,884836,5847890,8796868,9832662,9981015,1122002,919131,104896,6705497,2606703,9924198,9592057,2143179,5908428,1429974,402305,7309365,9112063,530208,5438760,3211772,6406262,8258667,9399741,7738539,1897159,8977231,4361799,2989431,2449982,7188699,9813728,120886,8285525,3845861,4460559,2615325,1386182,1527193,5422911,7414897,5358092,4515972,2795965,3893521,3587831,8562157,8234710,2255550,7217259,1851667,3031242,7661346,9687222,6596160,5300444,8143000,8111620,9012030,906965,850089,1511119,9981907,2541276,4710259,5455978,9268333,8591792,2861793,5466921,376368,9794793,4185985,739874,5932890,856267,8361471,2369983,9825732,86758,4174680,1137136,7239415
8148248,6142833,3545579,6438845,7442273,3976736,2278971,1265692,6272716,7864413,1790776,9796620,3403297,5355149,5923793,5504092,884836,5108686,5847890,9832662,8796868,9981015,1122002,919131,9924198,2606703,104896,6705497,9592057,1429974,402305,5908428,9112063,2143179,7309365,5438760,530208,3211772,9399741,8258667,6406262,7738539,1897159,8977231,120886,7188699,3845861,9813728,2989431,2449982,2615325,1386182,1527193,4361799,8285525,4460559,5422911,5358092,7414897,4515972,2795965,3893521,3587831,8562157,2255550,7217259,8234710,3031242,7661346,9687222,5300444,1851667,8143000,6596160,906965,8111620,9981907,850089,9268333,1511119,9012030,8591792,2541276,2861793,4710259,5455978,376368,5466921,5932890,4185985,9794793,856267,739874,2369983,9825732,4174680,8361471,3223786,1137136,86758
8148248,6142833,3545579,6438845,7442273,3976736,2278971,1265692,6272716,7864413,9796620,1790776,3403297,5355149,5923793,5504092,884836,5108686,5847890,9832662,8796868,9981015,1122002,9924198,919131,2606703,6705497,104896,9592057,1429974,9112063,402305,5908428,9399741,5438760,530208,2143179,8258667,7309365,3211772,6406262,7738539,8977231,1897159,120886,3845861,7188699,9813728,2989431,1386182,2615325,1527193,2449982,8285525,4460559,4361799,5422911,5358092,7414897,4515972,2795965,3893521,3587831,8562157,3031242,7217259,7661346,5300444,9687222,2255550,8143000,9268333,8234710,6596160,9981907,1851667,906965,850089,8111620,8591792,2861793,2541276,1511119,376368,5466921,5932890,9012030,4710259,5455978,856267,4185985,9794793,3223786,739874,2369983,4174680,1137136,9825732,5343439,86758
8148248,6142833,3545579,6438845,7442273,3976736,2278971,1265692,6272716,7864413,9796620,1790776,3403297,5923793,5355149,5504092,884836,5847890,9832662,5108686,8796868,9981015,1122002,9924198,919131,2606703,6705497,104896,9592057,1429974,9112063,402305,9399741,5908428,8258667,5438760,530208,3211772,2143179,7309365,7738539,6406262,8977231,120886,3845861,1897159,7188699,9813728,1386182,2615325,1527193,2989431,2449982,4460559,8285525,5422911,5358092,4361799,7414897,4515972,2795965,3893521,3587831,9268333,3031242,5300444,8562157,7661346,7217259,9687222,8143000,2255550,9981907,6596160,8234710,850089,906965,1851667,8111620,8591792,376368,2861793,5466921,5932890,2541276,1511119,4710259,5455978,3223786,856267,9012030,4185985,5343439,4174680,1137136,9794793,2369983,86758,9825732,1293796
8148248,6142833,3545579,6438845,7442273,3976736,2278971,1265692,6272716,9796620,1790776,7864413,3403297,5923793,5355149,5504092,9832662,884836,5847890,5108686,9981015,8796868,1122002,9924198,2606703,919131,6705497,104896,9592057,1429974,9112063,9399741,402305,8258667,5908428,5438760,530208,3211772,7738539,2143179,120886,8977231,6406262,7309365,3845861,7188699,1897159,9813728,1386182,2615325,1527193,2989431,2449982,4460559,5422911,5358092,8285525,9268333,4515972,2795965,7414897,3893521,4361799,3587831,3031242,5300444,7661346,9687222,8562157,7217259,8143000,9981907,2255550,850089,906965,6596160,8234710,376368,8591792,2861793,5932890,5466921,8111620,1851667,2541276,3223786,5343439,1511119,856267,4710259,1293796,5455978,4174680,1137136,4185985,86758,2369983,7239415,9012030,9794793
8148248,6142833,3545579,6438845,3976736,7442273,2278971,1265692,9796620,6272716,1790776,7864413,3403297,5923793,5355149,5504092,9832662,884836,5847890,5108686,9981015,8796868,9924198,1122002,2606703,919131,6705497,9399741,1429974,9592057,104896,9112063,8258667,402305,5438760,5908428,530208,7738539,3211772,120886,8977231,3845861,6406262,2143179,7309365,7188699,1386182,9813728,1527193,2615325,1897159,2989431,9268333,2449982,5422911,4460559,5358092,8285525,4515972,2795965,7414897,3893521,5300444,3031242,3587831,7661346,4361799,9687222,8143000,8562157,7217259,9981907,850089,906965,2255550,376368,6596160,5932890,8591792,2861793,5466921,8234710,3223786,8111620,1293796,2541276,5343439,1851667,856267,4174680,1137136,4710259,1511119,4185985,86758,5455978,7239415,2369983,9825732,9794793
8148248,6142833,3545579,6438845,3976736,7442273,2278971,1265692,9796620,6272716,1790776,3403297,7864413,5923793,5355149,9832662,5504092,884836,5847890,5108686,9981015,8796868,9924198,1122002,2606703,9399741,919131,6705497,1429974,9592057,9112063,104896,8258667,402305,5438760,5908428,530208,7738539,120886,3211772,8977231,3845861,6406262,7188699,1386182,1527193,2615325,9813728,2143179,7309365,1897159,9268333,2989431,5358092,5422911,2449982,4460559,5300444,8285525,3031242,4515972,2795965,3893521,7414897,7661346,3587831,9687222,8143000,9981907,7217259,8562157,4361799,850089,376368,906965,5932890,2861793,8591792,6596160,5466921,1293796,2255550,3223786,5343439,2541276,8111620,8234710,856267,4174680,1851667,1137136,86758,4710259,7239415,4185985,1511119,2369983,5455978,3196256,9825732
8148248,6142833,3545579,6438845,3976736,7442273,2278971,1265692,9796620,1790776,6272716,5923793,3403297,7864413,5355149,9832662,5504092,5847890,884836,5108686,9981015,9924198,8796868,1122002,2606703,9399741,919131,1429974,6705497,9112063,9592057,8258667,104896,402305,120886,5438760,7738539,530208,5908428,3845861,8977231,3211772,9268333,1386182,7188699,1527193,6406262,2615325,9813728,1897159,2143179,7309365,2989431,5358092,5422911,2449982,5300444,4460559,3031242,4515972,2795965,8285525,7661346,3893521,9981907,8143000,9687222,7414897,3587831,7217259,8562157,376368,1293796,850089,5932890,4361799,906965,2861793,5466921,8591792,3223786,5343439,6596160,2255550,2541276,856267,8111620,4174680,1137136,8234710,86758,7239415,1851667,3196256,4185985,4710259,2369983,1511119,9825732,5455978
8148248,6142833,3545579,6438845,3976736,7442273,2278971,1265692,9796620,1790776,5923793,6272716,3403297,7864413,9832662,5355149,5504092,5847890,884836,5108686,9924198,9981015,1122002,8796868,9399741,2606703,1429974,9112063,8258667,919131,9592057,6705497,104896,402305,120886,7738539,5438760,3845861,530208,8977231,5908428,9268333,3211772,1386182,1527193,7188699,2615325,9813728,6406262,1897159,2989431,2143179,7309365,5358092,5300444,5422911,3031242,2449982,4460559,9981907,7661346,8143000,4515972,2795965,9687222,3893521,8285525,7414897,3587831,1293796,7217259,8562157,376368,5932890,850089,906965,3223786,5466921,2861793,5343439,8591792,4361799,6596160,2255550,2541276,4174680,856267,1137136,8111620,86758,3196256,7239415,8234710,4185985,2369983,4710259,1851667,7233047,9825732,7644808
8148248,6142833,3545579,6438845,3976736,7442273,2278971,1265692,9796620,5923793,1790776,6272716,3403297,7864413,9832662,5355149,5504092,5847890,884836,9924198,5108686,9981015,1122002,8796868,9399741,2606703,1429974,9112063,8258667,9592057,6705497,919131,402305,104896,120886,9268333,7738539,3845861,5438760,8977231,530208,5908428,3211772,1386182,1527193,2615325,7188699,9813728,6406262,1897159,5300444,2989431,5358092,5422911,3031242,7309365,2143179,9981907,4460559,2449982,7661346,8143000,1293796,9687222,4515972,2795965,3893521,7414897,8285525,3587831,7217259,376368,5932890,8562157,850089,3223786,5343439,5466921,2861793,906965,8591792,6596160,4361799,2541276,4174680,1137136,2255550,856267,3196256,86758,7239415,8111620,7233047,4185985,2369983,6935286,8609029,8234710,4710259,7644808
8148248,6142833,3545579,6438845,3976736,7442273,2278971,1265692,9796620,5923793,1790776,3403297,6272716,7864413,9832662,5355149,5847890,884836,5504092,9924198,9981015,5108686,1122002,8796868,9399741,2606703,8258667,9112063,1429974,9592057,6705497,919131,402305,120886,9268333,104896,3845861,7738539,5438760,8977231,530208,5908428,1386182,3211772,1527193,2615325,7188699,9813728,6406262,5300444,1897159,2989431,5358092,3031242,5422911,1293796,9981907,8143000,7661346,7309365,2143179,9687222,4460559,2449982,4515972,2795965,3893521,376368,5932890,7414897,7217259,3587831,8285525,3223786,5343439,8562157,850089,5466921,2861793,906965,8591792,6596160,4174680,1137136,2541276,856267,4361799,3196256,2255550,86758,7239415,7233047,8111620,6935286,8609029,7105641,2369983,4185985,7644808,9825732
8148248,6142833,3545579,6438845,3976736,7442273,2278971,1265692,9796620,5923793,1790776,3403297,6272716,7864413,9832662,5355149,9924198,5847890,884836,5504092,9981015,5108686,1122002,9399741,8796868,2606703,8258667,9112063,1429974,9592057,6705497,9268333,919131,120886,402305,104896,3845861,7738539,8977231,5438760,530208,1386182,1527193,2615325,3211772,7188699,5908428,9813728,6406262,5300444,1293796,1897159,3031242,5358092,9981907,2989431,5422911,8143000,7661346,9687222,4460559,2449982,7309365,376368,4515972,5932890,2795965,2143179,3893521,3223786,5343439,7217259,7414897,3587831,5466921,850089,8285525,8562157,2861793,8591792,906965,4174680,3196256,1137136,6596160,856267,2541276,86758,7239415,4361799,7233047,2255550,6935286,8609029,7105641,8111620,4705676,7840938,2369983,4185985
8148248,6142833,3545579,6438845,3976736,7442273,2278971,1265692,9796620,5923793,1790776,3403297,6272716,7864413,9832662,9924198,5355149,5847890,884836,5504092,9981015,5108686,1122002,9399741,8796868,2606703,8258667,9112063,1429974,9268333,9592057,6705497,120886,919131,402305,3845861,104896,7738539,8977231,5438760,530208,1386182,1527193,2615325,7188699,3211772,5908428,9813728,1293796,5300444,6406262,3031242,9981907,1897159,5358092,2989431,5422911,8143000,7661346,9687222,5932890,376368,5343439,3223786,4460559,4515972,2795965,2449982,3893521,7309365,7217259,2143179,5466921,7414897,850089,3587831,2861793,8562157,8591792,8285525,906965,3196256,4174680,1137136,856267,6596160,2541276,7233047,86758,7239415,6935286,4705676,7840938,7105641,8609029,2255550,4361799,8111620,2369983,5171039
8148248,6142833,3545579,3976736,6438845,7442273,2278971,1265692,9796620,5923793,1790776,3403297,6272716,9832662,7864413,9924198,5847890,884836,5355149,5504092,9981015,5108686,9399741,1122002,8796868,8258667,2606703,9268333,9112063,1429974,9592057,120886,6705497,919131,402305,3845861,104896,7738539,8977231,5438760,1386182,1527193,530208,2615325,7188699,1293796,3211772,9813728,5908428,5300444,9981907,3031242,6406262,5358092,1897159,8143000,5422911,2989431,7661346,9687222,5932890,376368,5343439,3223786,4460559,4515972,2795965,2449982,3893521,5466921,7217259,850089,2861793,7414897,3587831,7309365,8591792,2143179,8562157,906965,8285525,3196256,4174680,1137136,856267,7233047,4705676,6596160,2541276,6935286,7239415,86758,7840938,7105641,8609029,5171039,1449810,2266619,2255550,4806005
8148248,6142833,3545579,3976736,6438845,7442273,2278971,1265692,9796620,5923793,1790776,3403297,6272716,9832662,7864413,9924198,5847890,884836,5355149,9981015,5504092,9399741,1122002,5108686,8796868,9268333,8258667,2606703,9112063,1429974,9592057,120886,6705497,919131,402305,3845861,7738539,104896,8977231,5438760,1386182,1527193,1293796,2615325,530208,7188699,9813728,3211772,5300444,5908428,9981907,3031242,6406262,5358092,8143000,1897159,7661346,5422911,9687222,5932890,2989431,376368,5343439,3223786,4515972,5466921,2795965,4460559,3893521,7217259,2861793,2449982,850089,8591792,7414897,3587831,8562157,906965,7309365,3196256,2143179,8285525,4174680,1137136,4705676,7233047,856267,7840938,6935286,2541276,7239415,6596160,86758,7105641,8609029,5171039,1449810,2266619,4806005,1236059
8148248,6142833,3545579,3976736,6438845,7442273,2278971,1265692,5923793,9796620,1790776,3403297,6272716,9832662,7864413,9924198,5847890,884836,9981015,9399741,5355149,5504092,1122002,5108686,9268333,8796868,8258667,2606703,9112063,1429974,120886,9592057,6705497,3845861,402305,919131,7738539,8977231,104896,1293796,1386182,5438760,1527193,2615325,530208,7188699,9813728,5300444,3211772,9981907,5908428,3031242,8143000,5358092,6406262,5343439,7661346,5932890,376368,3223786,5422911,9687222,1897159,2989431,5466921,4515972,2861793,2795965,4460559,850089,7217259,3893521,8591792,2449982,7414897,3587831,906965,3196256,8562157,4705676,4174680,7309365,1137136,8285525,2143179,7840938,7233047,6935286,856267,7239415,1449810,7105641,86758,5171039,2541276,8609029,6596160,2266619,4806005,1236059
8148248,6142833,3545579,3976736,6438845,7442273,2278971,1265692,5923793,9796620,1790776,3403297,9832662,6272716,7864413,9924198,5847890,884836,9399741,9981015,5355149,5504092,1122002,5108686,9268333,8258667,8796868,2606703,9112063,1429974,120886,9592057,3845861,6705497,402305,919131,7738539,1293796,8977231,104896,1386182,1527193,5438760,2615325,7188699,530208,5300444,9813728,3211772,9981907,3031242,5908428,5343439,8143000,5932890,3223786,5358092,376368,7661346,9687222,6406262,5422911,1897159,2989431,5466921,2861793,4515972,850089,2795965,7217259,8591792,4460559,3893521,3196256,2449982,4705676,906965,3587831,7414897,8562157,7840938,4174680,1137136,7233047,6935286,8285525,7309365,1449810,856267,5171039,2143179,7105641,7239415,86758,8609029,2541276,4806005,2266619,1236059,6596160
8148248,6142833,3545579,3976736,6438845,7442273,2278971,1265692,5923793,9796620,1790776,3403297,9832662,6272716,7864413,9924198,9399741,5847890,884836,9981015,1122002,9268333,5355149,5504092,5108686,8258667,8796868,2606703,9112063,1429974,120886,9592057,3845861,6705497,1293796,402305,919131,7738539,8977231,1386182,104896,1527193,2615325,5438760,5300444,7188699,530208,9813728,9981907,3211772,3031242,5343439,5908428,3223786,5932890,8143000,376368,5358092,7661346,9687222,5422911,6406262,1897159,2989431,5466921,2861793,850089,4705676,4515972,8591792,7217259,2795965,3196256,3893521,4460559,906965,7840938,2449982,3587831,8562157,7414897,4174680,7233047,1137136,6935286,1449810,5171039,856267,7105641,8285525,4806005,7239415,8609029,86758,2266619,7309365,1236059,5249366,2541276,2143179
8148248,6142833,3545579,3976736,6438845,7442273,2278971,1265692,5923793,9796620,1790776,3403297,9832662,6272716,9924198,7864413,9399741,5847890,9981015,884836,9268333,1122002,5504092,5355149,5108686,8258667,8796868,9112063,2606703,1429974,120886,9592057,3845861,1293796,6705497,402305,7738539,8977231,919131,1386182,1527193,2615325,104896,5300444,5438760,7188699,9813728,9981907,530208,3031242,3211772,5343439,3223786,5932890,8143000,376368,5908428,7661346,5358092,9687222,5422911,6406262,5466921,2989431,1897159,4705676,2861793,850089,3196256,8591792,4515972,7217259,2795965,7840938,3893521,4460559,906965,7233047,1449810,2449982,4174680,8562157,3587831,1137136,6935286,7414897,5171039,7105641,856267,4806005,2266619,1236059,8609029,7239415,5249366,86758,8285525,2541276,7309365,6497
8148248,6142833,3545579,3976736,6438845,7442273,2278971,1265692,5923793,9796620,1790776,3403297,9832662,6272716,9924198,7864413,9399741,5847890,9268333,9981015,884836,1122002,5504092,5355149,5108686,8258667,9112063,8796868,2606703,1429974,120886,9592057,1293796,3845861,6705497,402305,7738539,8977231,919131,1386182,1527193,2615325,5300444,104896,5438760,7188699,9981907,9813728,530208,3031242,5343439,3223786,3211772,5932890,376368,8143000,7661346,5908428,5358092,9687222,5422911,5466921,4705676,6406262,2989431,1897159,2861793,3196256,7840938,850089,8591792,7217259,4515972,2795965,1449810,3893521,7233047,906965,4460559,5171039,6935286,4174680,1137136,8562157,3587831,2449982,7414897,4806005,7105641,2266619,1236059,856267,5249366,8609029,7239415,86758,7944447,8285525,2541276,1888582
8148248,6142833,3545579,3976736,6438845,7442273,2278971,1265692,5923793,9796620,1790776,9832662,3403297,6272716,9924198,7864413,9399741,9268333,5847890,9981015,884836,1122002,5504092,8258667,5355149,5108686,9112063,2606703,8796868,120886,1429974,1293796,9592057,3845861,6705497,402305,7738539,8977231,919131,1386182,1527193,5300444,2615325,104896,7188699,9981907,5438760,9813728,3031242,5343439,530208,3223786,5932890,376368,3211772,8143000,7661346,9687222,5358092,5908428,4705676,5422911,5466921,2861793,6406262,3196256,7840938,2989431,1897159,850089,8591792,1449810,7217259,5171039,4515972,7233047,2795965,6935286,906965,3893521,4174680,1137136,4460559,4806005,8562157,3587831,7105641,2449982,7414897,1236059,2266619,5249366,856267,8609029,7944447,7239415,86758,4874036,1888582,6497
8148248,6142833,3545579,3976736,6438845,7442273,2278971,1265692,5923793,9796620,1790776,9832662,3403297,9924198,6272716,9399741,7864413,9268333,5847890,9981015,884836,1122002,8258667,5504092,5108686,5355149,9112063,120886,2606703,1429974,1293796,8796868,9592057,3845861,6705497,402305,7738539,8977231,1386182,919131,5300444,1527193,2615325,9981907,7188699,104896,5438760,5343439,9813728,3031242,3223786,530208,5932890,376368,8143000,3211772,7661346,4705676,9687222,5358092,5466921,5908428,5422911,7840938,3196256,2861793,6406262,2989431,1449810,850089,1897159,8591792,5171039,7233047,7217259,6935286,4515972,2795965,906965,4174680,1137136,3893521,4806005,4460559,7105641,1236059,5249366,2266619,7944447,8562157,3587831,7414897,2449982,8609029,856267,7239415,86758,4874036,1888582,6497
8148248,6142833,3545579,3976736,6438845,7442273,2278971,1265692,5923793,9796620,1790776,9832662,3403297,9924198,6272716,9399741,9268333,7864413,5847890,9981015,884836,1122002,8258667,5504092,5108686,5355149,9112063,1293796,120886,2606703,1429974,8796868,3845861,9592057,6705497,402305,7738539,8977231,1386182,5300444,1527193,2615325,919131,9981907,7188699,5343439,5438760,104896,3223786,9813728,3031242,5932890,376368,530208,8143000,4705676,3211772,7661346,9687222,5358092,5466921,7840938,5422911,3196256,5908428,2861793,1449810,5171039,8591792,850089,2989431,6406262,7233047,1897159,6935286,7217259,4806005,4515972,4174680,2795965,1137136,906965,7944447,1236059,5249366,3893521,7105641,2266619,4460559,8562157,8609029,3587831,856267,4874036,7414897,2449982,7239415,1888582,9615559,86758
8148248,6142833,3545579,3976736,6438845,7442273,2278971,1265692,5923793,9796620,1790776,9832662,3403297,9924198,6272716,9268333,9399741,7864413,9981015,5847890,884836,1122002,8258667,5504092,1293796,5108686,9112063,5355149,120886,2606703,1429974,8796868,3845861,9592057,7738539,8977231,402305,6705497,5300444,1386182,1527193,2615325,9981907,919131,5343439,7188699,3223786,3031242,5438760,9813728,5932890,104896,376368,4705676,530208,8143000,7661346,3211772,9687222,7840938,5358092,5466921,3196256,1449810,5422911,2861793,5908428,5171039,8591792,850089,7233047,2989431,6935286,6406262,1897159,4806005,7944447,7217259,4174680,1137136,5249366,1236059,4515972,906965,2266619,2795965,7105641,3893521,9615559,8609029,4460559,4874036,8562157,5033953,856267,1888582,3587831,7239415,7414897,86758
8148248,6142833,3545579,3976736,6438845,7442273,2278971,1265692,5923793,9796620,1790776,9832662,3403297,9924198,9268333,6272716,9399741,7864413,9981015,5847890,884836,1122002,8258667,1293796,5504092,5108686,120886,9112063,5355149,1429974,2606703,8796868,3845861,9592057,8977231,7738539,402305,6705497,5300444,1386182,1527193,9981907,2615325,5343439,919131,3223786,7188699,3031242,5932890,9813728,4705676,5438760,376368,104896,8143000,530208,7661346,7840938,9687222,3211772,5466921,5358092,1449810,3196256,5171039,2861793,5422911,5908428,7233047,8591792,850089,6935286,7944447,4806005,2989431,6406262,1897159,5249366,1236059,7217259,4174680,1137136,2266619,7105641,9615559,906965,4515972,2795965,5033953,3893521,4874036,8609029,1888582,4460559,856267,8562157,4102233,7239415,2496949,3587831
8148248,6142833,3545579,3976736,6438845,7442273,2278971,1265692,5923793,9796620,1790776,9832662,3403297,9924198,9268333,9399741,6272716,7864413,9981015,5847890,884836,1122002,8258667,1293796,120886,5108686,9112063,5504092,1429974,2606703,5355149,3845861,8796868,9592057,8977231,7738539,5300444,402305,6705497,1386182,1527193,9981907,2615325,5343439,3223786,919131,7188699,4705676,5932890,3031242,376368,9813728,5438760,104896,8143000,7840938,530208,7661346,9687222,1449810,5466921,3196256,3211772,5358092,5171039,2861793,5422911,7233047,7944447,8591792,6935286,850089,4806005,5908428,5249366,1236059,9615559,2989431,2266619,4174680,1137136,6406262,7105641,7217259,1897159,5033953,906965,4515972,4874036,2795965,8609029,1888582,3893521,2496949,4102233,856267,2200574,7239415,8562157,4460559
8148248,6142833,3545579,3976736,7442273,6438845,2278971,5923793,1265692,9796620,1790776,9832662,3403297,9924198,9268333,9399741,6272716,7864413,9981015,5847890,884836,1122002,8258667,1293796,120886,9112063,5108686,5504092,1429974,2606703,5355149,3845861,8796868,9592057,8977231,7738539,5300444,402305,1386182,6705497,9981907,1527193,5343439,2615325,3223786,4705676,5932890,7188699,3031242,919131,376368,9813728,5438760,8143000,7840938,104896,530208,1449810,7661346,9687222,3196256,5466921,5171039,3211772,5358092,2861793,7944447,7233047,5422911,6935286,4806005,8591792,9615559,850089,5249366,1236059,5908428,5033953,2266619,4174680,7105641,1137136,2989431,7217259,6406262,4874036,1897159,906965,1888582,4515972,8609029,2795965,2496949,4102233,3893521,2200574,856267,7239415,4493810,6497
8148248,6142833,3545579,3976736,7442273,6438845,2278971,5923793,1265692,9796620,9832662,1790776,3403297,9924198,9268333,9399741,6272716,9981015,7864413,5847890,1293796,884836,8258667,1122002,120886,9112063,5108686,5504092,1429974,2606703,3845861,5355149,8796868,9592057,5300444,8977231,7738539,402305,1386182,9981907,5343439,6705497,1527193,2615325,4705676,3223786,5932890,3031242,7188699,376368,919131,9813728,7840938,5438760,8143000,1449810,104896,7661346,530208,3196256,9687222,5171039,5466921,7944447,5358092,3211772,2861793,7233047,9615559,4806005,6935286,5422911,8591792,5249366,5033953,1236059,850089,2266619,7105641,5908428,4174680,1137136,4874036,2989431,7217259,906965,1888582,2496949,6406262,1897159,8609029,4102233,4515972,2795965,2200574,3893521,856267,6892481,4493810,7239415
8148248,6142833,3976736,3545579,7442273,6438845,2278971,5923793,1265692,9796620,9832662,1790776,9924198,9268333,3403297,9399741,6272716,9981015,1293796,5847890,7864413,8258667,1122002,884836,120886,9112063,5108686,1429974,5504092,2606703,3845861,5355149,8796868,9592057,5300444,8977231,7738539,5343439,9981907,1386182,402305,4705676,1527193,6705497,3223786,2615325,5932890,3031242,376368,7188699,7840938,919131,9813728,1449810,8143000,5438760,5171039,7661346,3196256,104896,9687222,7944447,5466921,530208,9615559,5358092,2861793,3211772,7233047,4806005,6935286,5033953,5249366,5422911,1236059,8591792,850089,2266619,7105641,4174680,4874036,1137136,5908428,2496949,1888582,7217259,2989431,4102233,906965,8609029,2200574,1897159,6406262,4515972,6892481,2795965,8416195,2706129,4493810,856267
8148248,6142833,3976736,3545579,7442273,2278971,6438845,5923793,1265692,9796620,9832662,1790776,9268333,9924198,3403297,9399741,6272716,1293796,9981015,5847890,8258667,7864413,1122002,884836,120886,9112063,1429974,5108686,2606703,5504092,3845861,5355149,8796868,9592057,5300444,8977231,5343439,7738539,4705676,9981907,1386182,3223786,402305,1527193,6705497,2615325,5932890,3031242,376368,7840938,7188699,1449810,9813728,919131,8143000,5438760,5171039,3196256,7944447,7661346,9687222,5466921,104896,9615559,530208,7233047,5358092,4806005,5033953,2861793,6935286,3211772,5249366,1236059,5422911,8591792,2266619,850089,7105641,4874036,4174680,1137136,2496949,1888582,4102233,5908428,7217259,8609029,2989431,906965,2200574,8416195,6892481,1897159,2706129,6406262,4515972,4493810,2795965,6497
8148248,6142833,3976736,3545579,7442273,2278971,6438845,5923793,1265692,9796620,9832662,1790776,9268333,9924198,3403297,9399741,6272716,1293796,9981015,5847890,8258667,7864413,1122002,884836,120886,9112063,1429974,5108686,2606703,3845861,5504092,9592057,5355149,8796868,5300444,4705676,5343439,8977231,9981907,7738539,3223786,1386182,1527193,402305,2615325,6705497,5932890,376368,7840938,3031242,7188699,1449810,9813728,8143000,919131,5171039,7944447,3196256,5438760,9615559,7661346,5466921,9687222,104896,5033953,530208,4806005,7233047,2861793,5358092,6935286,5249366,1236059,3211772,2266619,8591792,5422911,850089,4874036,7105641,2496949,4174680,1137136,1888582,4102233,8416195,6892481,2200574,8609029,7217259,906965,5908428,2989431,2706129,4493810,1897159,3237865,4515972,6497,6406262
8148248,6142833,3976736,3545579,7442273,2278971,6438845,5923793,9796620,1265692,9832662,1790776,9268333,9924198,3403297,9399741,6272716,1293796,9981015,8258667,5847890,1122002,7864413,884836,120886,9112063,1429974,2606703,3845861,5108686,5504092,9592057,8796868,5355149,4705676,5300444,5343439,9981907,8977231,7738539,3223786,1386182,1527193,402305,5932890,2615325,7840938,6705497,376368,3031242,1449810,7188699,7944447,5171039,9813728,8143000,9615559,3196256,919131,5438760,7661346,5466921,5033953,9687222,4806005,7233047,104896,530208,6935286,2861793,5249366,5358092,1236059,2266619,3211772,8591792,4874036,5422911,7105641,850089,2496949,4174680,1888582,1137136,8416195,4102233,6892481,2200574,8609029,2706129,7217259,906965,2989431,5908428,4493810,4921900,3237865,7989079,6497,1375159
8148248,6142833,3976736,3545579,7442273,2278971,5923793,6438845,9796620,1265692,9832662,9268333,1790776,9924198,3403297,9399741,1293796,6272716,9981015,8258667,5847890,1122002,884836,7864413,120886,9112063,1429974,3845861,2606703,5108686,5504092,9592057,4705676,8796868,5300444,5343439,5355149,9981907,8977231,3223786,7738539,1386182,1527193,5932890,402305,7840938,2615325,376368,1449810,6705497,3031242,7944447,7188699,9615559,5171039,8143000,9813728,3196256,5033953,919131,7661346,5466921,5438760,9687222,4806005,7233047,5249366,6935286,104896,2861793,1236059,530208,5358092,2266619,4874036,8591792,3211772,7105641,2496949,5422911,850089,8416195,1888582,4174680,4102233,1137136,6892481,2200574,8609029,2706129,4921900,7217259,906965,7989079,1375159,4493810,3237865,2989431,6497,5908428
8148248,6142833,3976736,3545579,7442273,5923793,2278971,6438845,9796620,1265692,9832662,9268333,1790776,9924198,9399741,3403297,1293796,6272716,9981015,8258667,5847890,1122002,884836,7864413,120886,9112063,1429974,3845861,2606703,5108686,5504092,4705676,9592057,5300444,5343439,8796868,9981907,5355149,3223786,8977231,7738539,1386182,7840938,1527193,5932890,2615325,402305,1449810,376368,3031242,6705497,7944447,9615559,5171039,7188699,8143000,3196256,5033953,9813728,7661346,919131,5466921,4806005,5438760,9687222,7233047,5249366,6935286,1236059,2861793,104896,530208,2266619,5358092,4874036,8416195,2496949,8591792,7105641,3211772,850089,5422911,1888582,6892481,4102233,4174680,1137136,2200574,4921900,2706129,8609029,1375159,7989079,7217259,906965,4493810,3237865,6497,2989431,7239415
8148248,6142833,3976736,3545579,7442273,5923793,2278971,6438845,9796620,1265692,9832662,9268333,1790776,9924198,9399741,3403297,1293796,6272716,9981015,8258667,5847890,1122002,884836,120886,7864413,9112063,1429974,3845861,2606703,5108686,4705676,5504092,5343439,9592057,5300444,9981907,8796868,3223786,8977231,5355149,7738539,7840938,1386182,5932890,1527193,1449810,2615325,376368,402305,9615559,7944447,3031242,5171039,6705497,7188699,5033953,3196256,8143000,9813728,5466921,4806005,7661346,919131,9687222,7233047,5438760,5249366,6935286,1236059,2861793,2266619,8416195,530208,4874036,5358092,104896,2496949,7105641,8591792,6892481,1888582,4102233,850089,3211772,5422911,4174680,4921900,1137136,2200574,2706129,1375159,8609029,7989079,4493810,3237865,906965,7217259,6497,5413022,7239415
8148248,6142833,3976736,3545579,5923793,7442273,2278971,6438845,9796620,1265692,9832662,9268333,1790776,9924198,9399741,3403297,1293796,6272716,8258667,9981015,5847890,1122002,120886,884836,7864413,9112063,1429974,3845861,2606703,4705676,5108686,5504092,5343439,5300444,9592057,9981907,3223786,8796868,7840938,8977231,7738539,1386182,5355149,5932890,1449810,1527193,9615559,7944447,376368,2615325,402305,3031242,5171039,6705497,5033953,7188699,3196256,8143000,9813728,4806005,5466921,7661346,7233047,9687222,5249366,919131,1236059,6935286,5438760,2861793,2266619,8416195,4874036,2496949,5358092,530208,104896,7105641,6892481,8591792,1888582,4102233,4921900,850089,2200574,4174680,3211772,5422911,1137136,1375159,2706129,7989079,8609029,4493810,3237865,8303965,906965,6497,7217259,5413022
8148248,6142833,3976736,3545579,5923793,7442273,2278971,6438845,9796620,9268333,9832662,1265692,1790776,9924198,9399741,3403297,1293796,6272716,8258667,9981015,5847890,1122002,120886,884836,7864413,9112063,3845861,1429974,4705676,2606703,5108686,5343439,5300444,5504092,9592057,3223786,9981907,7840938,8796868,8977231,1449810,9615559,5932890,7738539,1386182,7944447,5355149,1527193,376368,2615325,5171039,3031242,402305,5033953,6705497,3196256,7188699,8143000,9813728,4806005,5466921,7661346,7233047,5249366,9687222,1236059,6935286,8416195,919131,5438760,2266619,2861793,4874036,2496949,6892481,5358092,4921900,7105641,530208,1888582,8591792,4102233,104896,1375159,2200574,850089,4174680,2706129,1137136,7989079,5422911,3211772,8609029,8303965,4493810,3237865,9891739,6497,906965,1338834
8148248,6142833,3976736,3545579,5923793,7442273,2278971,9796620,6438845,9268333,9832662,1265692,9924198,1790776,9399741,3403297,1293796,8258667,6272716,9981015,5847890,1122002,120886,884836,9112063,7864413,3845861,4705676,1429974,2606703,5343439,5108686,5300444,3223786,5504092,9981907,9592057,7840938,9615559,1449810,7944447,8977231,8796868,5932890,1386182,7738539,1527193,376368,5171039,5355149,2615325,5033953,3031242,402305,3196256,6705497,7188699,8143000,4806005,9813728,5466921,5249366,7233047,7661346,1236059,8416195,6935286,9687222,2266619,5438760,919131,4874036,2496949,2861793,4921900,6892481,7105641,5358092,1888582,4102233,1375159,8591792,530208,2200574,104896,2706129,7989079,850089,4174680,1137136,8303965,5422911,3211772,8609029,9891739,4493810,3237865,1338834,6497,9951185
8148248,6142833,3976736,3545579,5923793,7442273,2278971,9796620,6438845,9268333,9832662,1265692,9924198,1790776,9399741,3403297,1293796,8258667,9981015,6272716,1122002,5847890,120886,884836,9112063,7864413,4705676,3845861,1429974,2606703,5343439,5300444,5108686,3223786,9981907,7840938,9615559,9592057,5504092,1449810,7944447,5932890,8977231,8796868,1386182,7738539,5171039,376368,5033953,1527193,2615325,3031242,5355149,402305,3196256,6705497,7188699,8143000,4806005,9813728,5249366,7233047,5466921,8416195,1236059,7661346,6935286,9687222,2266619,2496949,4874036,4921900,2861793,5438760,6892481,919131,1375159,7105641,1888582,4102233,5358092,8591792,2200574,7989079,2706129,530208,8303965,9891739,4174680,850089,104896,1137136,8609029,5422911,3211772,4493810,1338834,3237865,4143599,9547388
8148248,6142833,3976736,3545579,5923793,7442273,2278971,9796620,9268333,6438845,9832662,1265692,9924198,1790776,9399741,1293796,3403297,8258667,9981015,6272716,120886,1122002,5847890,884836,9112063,4705676,7864413,3845861,1429974,2606703,5343439,5300444,9615559,3223786,5108686,7840938,9981907,1449810,7944447,9592057,5504092,5932890,8977231,5033953,5171039,1386182,7738539,376368,8796868,1527193,2615325,3031242,5355149,402305,3196256,4806005,8143000,7188699,6705497,8416195,5249366,7233047,5466921,9813728,1236059,6935286,7661346,9687222,4921900,2266619,2496949,4874036,6892481,2861793,1375159,5438760,919131,7105641,1888582,4102233,9891739,8303965,7989079,2200574,5358092,2706129,8591792,530208,4174680,850089,1137136,104896,8609029,5422911,1338834,3211772,3237865,4493810,9547388,4143599
8148248,6142833,3976736,3545579,5923793,7442273,2278971,9796620,9268333,9832662,6438845,1265692,9924198,1790776,9399741,1293796,3403297,8258667,9981015,6272716,120886,1122002,5847890,884836,4705676,9112063,3845861,7864413,1429974,5343439,2606703,9615559,5300444,7840938,3223786,7944447,9981907,1449810,5108686,9592057,5504092,5932890,5033953,5171039,8977231,1386182,376368,7738539,8796868,1527193,2615325,3031242,3196256,402305,5355149,4806005,8143000,8416195,7188699,6705497,5249366,7233047,1236059,5466921,9813728,6935286,4921900,7661346,2496949,2266619,9687222,4874036,6892481,1375159,9891739,2861793,8303965,4102233,1888582,5438760,7105641,7989079,919131,2200574,2706129,8591792,5358092,4174680,1137136,850089,530208,8609029,1338834,104896,5422911,9547388,4143599,8644340,3237865,4493810
8148248,6142833,3976736,3545579,5923793,7442273,2278971,9268333,9796620,9832662,6438845,1265692,9924198,1790776,9399741,1293796,3403297,8258667,9981015,6272716,120886,1122002,5847890,884836,4705676,9112063,3845861,7864413,1429974,5343439,9615559,2606703,5300444,7840938,3223786,7944447,1449810,9981907,5108686,5033953,9592057,5932890,5171039,5504092,8977231,376368,1386182,7738539,1527193,8796868,3031242,2615325,3196256,402305,4806005,8416195,5355149,8143000,5249366,7188699,6705497,7233047,1236059,4921900,5466921,6935286,9813728,2496949,7661346,9891739,2266619,4874036,6892481,9687222,1375159,8303965,2861793,4102233,1888582,7105641,7989079,5438760,2706129,2200574,919131,8591792,5358092,4174680,1137136,1338834,850089,530208,8609029,9547388,4143599,8644340,104896,9951185,3237865,4493810
8148248,6142833,3976736,3545579,5923793,7442273,2278971,9268333,9796620,9832662,6438845,9924198,1265692,9399741,1790776,1293796,3403297,8258667,9981015,120886,6272716,1122002,5847890,4705676,884836,9112063,3845861,1429974,7864413,9615559,5343439,2606703,7840938,7944447,5300444,3223786,1449810,9981907,5033953,5108686,5932890,9592057,5171039,8977231,5504092,376368,1386182,7738539,1527193,8796868,3031242,2615325,3196256,8416195,4806005,402305,5249366,8143000,5355149,4921900,7188699,7233047,1236059,9891739,6705497,5466921,6935286,2496949,9813728,4874036,2266619,6892481,7661346,1375159,8303965,9687222,2861793,4102233,7989079,1888582,7105641,2706129,2200574,5438760,919131,8591792,5358092,1338834,4174680,1137136,8644340,9547388,850089,4143599,8609029,530208,9951185,1681388,3237865,4493810
8148248,6142833,3976736,3545579,5923793,9268333,7442273,2278971,9796620,9832662,9924198,6438845,1265692,9399741,1790776,1293796,3403297,8258667,9981015,120886,6272716,1122002,5847890,4705676,884836,9112063,3845861,9615559,1429974,5343439,7864413,7944447,7840938,2606703,1449810,5300444,3223786,9981907,5033953,5171039,5932890,5108686,9592057,376368,8977231,1386182,5504092,7738539,1527193,3031242,2615325,3196256,8796868,8416195,4806005,9891739,402305,5249366,4921900,8143000,1236059,7233047,7188699,5355149,5466921,6935286,2496949,6705497,1375159,8303965,6892481,4874036,2266619,9813728,7661346,9687222,7989079,2861793,4102233,1888582,7105641,2706129,2200574,5438760,1338834,8591792,919131,8644340,5358092,9547388,4143599,4174680,1137136,850089,8609029,1681388,9951185,2483341,9563704,3237865
8148248,6142833,3976736,3545579,5923793,9268333,7442273,2278971,9796620,9832662,9924198,6438845,9399741,1265692,1790776,1293796,3403297,8258667,9981015,120886,1122002,4705676,6272716,5847890,884836,9112063,9615559,3845861,5343439,1429974,7944447,7840938,1449810,7864413,3223786,5300444,2606703,5033953,9981907,5171039,5932890,5108686,9592057,376368,8977231,1386182,5504092,7738539,1527193,3031242,8416195,3196256,2615325,9891739,8796868,4806005,4921900,5249366,402305,8143000,1236059,7233047,8303965,7188699,2496949,1375159,6935286,5466921,6892481,5355149,4874036,2266619,6705497,7661346,9813728,9687222,7989079,4102233,1888582,2861793,7105641,2706129,2200574,1338834,8644340,5438760,9547388,8591792,4143599,5358092,9563704,4174680,919131,2483341,1137136,1681388,9951185,8609029,850089,3237865
8148248,6142833,3976736,3545579,5923793,9268333,7442273,2278971,9796620,9832662,9924198,9399741,6438845,1265692,1293796,1790776,3403297,8258667,9981015,120886,4705676,1122002,6272716,5847890,9112063,884836,9615559,3845861,5343439,7944447,1429974,7840938,1449810,3223786,5300444,5033953,7864413,2606703,9981907,5171039,5932890,9592057,5108686,376368,8977231,1386182,8416195,9891739,7738539,1527193,5504092,3196256,3031242,2615325,4806005,4921900,8796868,5249366,8303965,1236059,402305,7233047,8143000,1375159,2496949,6892481,6935286,7188699,5466921,4874036,2266619,5355149,6705497,7661346,9813728,7989079,9687222,4102233,1888582,2861793,2706129,7105641,2200574,1338834,8644340,9563704,9547388,4143599,2483341,8591792,5438760,1681388,4174680,5358092,9951185,1137136,919131,8609029,850089,3237865
8148248,6142833,3976736,3545579,5923793,9268333,7442273,2278971,9796620,9832662,9924198,9399741,1293796,6438845,1790776,1265692,3403297,8258667,9981015,120886,4705676,1122002,5847890,6272716,9615559,9112063,884836,3845861,7944447,5343439,7840938,1449810,1429974,5033953,3223786,5300444,2606703,9981907,7864413,5171039,5932890,376368,9592057,5108686,9891739,8977231,8416195,1386182,7738539,3196256,1527193,3031242,4921900,5504092,4806005,2615325,5249366,8303965,8796868,1236059,1375159,7233047,8143000,2496949,402305,6892481,6935286,4874036,5466921,7188699,2266619,7989079,7661346,6705497,5355149,9813728,4102233,9687222,1888582,2706129,2861793,7105641,2200574,9563704,1338834,8644340,2483341,9547388,4143599,1681388,8591792,5438760,9951185,4174680,1137136,5358092,8609029,850089,919131,7192581
8148248,6142833,3976736,3545579,5923793,9268333,7442273,9796620,2278971,9832662,9924198,9399741,1293796,1790776,6438845,1265692,3403297,8258667,9981015,120886,4705676,1122002,5847890,9615559,6272716,9112063,884836,7944447,3845861,5343439,7840938,1449810,5033953,1429974,3223786,5300444,9981907,2606703,5171039,7864413,5932890,9891739,376368,9592057,8416195,5108686,8977231,1386182,4921900,3196256,1527193,7738539,4806005,3031242,8303965,2615325,5504092,5249366,1375159,8796868,1236059,7233047,2496949,6892481,8143000,402305,6935286,4874036,2266619,5466921,7188699,7989079,7661346,6705497,4102233,9813728,1888582,9563704,9687222,5355149,2706129,7105641,2861793,2200574,1338834,8644340,2483341,9547388,4143599,1681388,9951185,8591792,4174680,5438760,1137136,8609029,5358092,7192581,3237865,850089
8148248,6142833,3976736,3545579,5923793,9268333,9796620,7442273,2278971,9832662,9924198,9399741,1293796,1790776,1265692,6438845,3403297,8258667,4705676,120886,9981015,1122002,9615559,5847890,6272716,9112063,7944447,884836,3845861,5343439,7840938,1449810,5033953,1429974,3223786,5300444,9981907,5171039,2606703,9891739,7864413,5932890,8416195,376368,9592057,4921900,5108686,8977231,1386182,3196256,4806005,8303965,1527193,3031242,7738539,2615325,5249366,5504092,1375159,1236059,2496949,7233047,6892481,8796868,8143000,4874036,6935286,402305,2266619,5466921,7989079,7188699,9563704,7661346,4102233,1888582,9813728,6705497,2483341,2706129,9687222,1338834,8644340,2200574,7105641,5355149,2861793,9547388,4143599,1681388,9951185,8591792,4174680,1137136,4852260,8609029,5438760,7192581,5358092,3237865
8148248,6142833,3976736,3545579,5923793,9268333,9796620,7442273,9832662,2278971,9924198,9399741,1293796,1790776,1265692,6438845,3403297,8258667,4705676,120886,9981015,9615559,1122002,5847890,7944447,6272716,9112063,5343439,7840938,3845861,884836,1449810,5033953,3223786,1429974,5300444,9891739,5171039,9981907,2606703,5932890,7864413,8416195,376368,4921900,9592057,8303965,8977231,3196256,5108686,1386182,4806005,3031242,1527193,7738539,1375159,5249366,2615325,1236059,5504092,2496949,6892481,7233047,8796868,4874036,8143000,6935286,2266619,9563704,7989079,5466921,402305,7188699,2483341,4102233,7661346,1888582,8644340,1338834,2706129,9813728,9687222,6705497,2200574,7105641,9547388,2861793,4143599,5355149,1681388,9951185,4852260,8591792,4174680,7192581,1137136,8609029,6737436,7382898,3237865
8148248,6142833,3976736,3545579,5923793,9268333,9796620,9832662,7442273,2278971,9924198,9399741,1293796,1790776,1265692,6438845,3403297,8258667,4705676,120886,9981015,9615559,1122002,7944447,5847890,6272716,9112063,7840938,5343439,5033953,1449810,3845861,884836,3223786,9891739,1429974,5300444,5171039,9981907,2606703,5932890,8416195,7864413,376368,4921900,8303965,9592057,3196256,4806005,8977231,1386182,5108686,3031242,1375159,1527193,7738539,5249366,2615325,1236059,6892481,2496949,7233047,5504092,9563704,4874036,6935286,8143000,8796868,2266619,7989079,5466921,402305,2483341,7188699,4102233,8644340,1338834,1888582,2706129,7661346,2200574,9547388,9687222,9813728,4143599,7105641,6705497,2861793,1681388,5355149,9951185,4852260,8591792,6737436,7192581,4174680,7382898,5901151,1137136,8609029
8148248,6142833,3976736,3545579,5923793,9268333,9796620,9832662,7442273,2278971,9924198,1293796,9399741,1790776,1265692,6438845,3403297,8258667,4705676,120886,9615559,9981015,1122002,7944447,5847890,5033953,7840938,5343439,1449810,9112063,6272716,3845861,884836,9891739,3223786,1429974,5300444,5171039,9981907,2606703,5932890,8416195,4921900,376368,8303965,7864413,3196256,4806005,9592057,8977231,1386182,1375159,5108686,3031242,5249366,1527193,7738539,1236059,2615325,6892481,9563704,2496949,7233047,4874036,5504092,6935286,7989079,8143000,2266619,2483341,8796868,5466921,402305,8644340,4102233,1338834,7188699,1888582,2706129,7661346,9547388,4143599,2200574,7105641,9687222,9813728,1681388,2861793,6705497,4852260,9951185,5355149,6737436,5901151,8591792,7192581,7382898,5622168,4174680,8609029
8148248,6142833,3976736,3545579,5923793,9268333,9796620,9832662,7442273,2278971,9924198,1293796,9399741,1790776,1265692,6438845,3403297,8258667,4705676,9615559,120886,9981015,7944447,1122002,5033953,5847890,7840938,1449810,5343439,9112063,9891739,3845861,6272716,884836,3223786,5171039,5300444,1429974,9981907,8416195,5932890,2606703,4921900,8303965,376368,7864413,4806005,3196256,1375159,9592057,8977231,1386182,5249366,3031242,9563704,1527193,5108686,7738539,6892481,1236059,2496949,2615325,7233047,4874036,2483341,7989079,6935286,2266619,8143000,5504092,5466921,8796868,8644340,1338834,4102233,402305,2706129,7188699,1888582,9547388,4143599,7661346,2200574,7105641,1681388,9687222,9813728,2861793,4852260,6705497,9951185,6737436,5901151,5355149,7382898,7192581,5622168,8591792,4896597,4174680
8148248,6142833,3976736,3545579,5923793,9268333,9796620,9832662,7442273,2278971,1293796,9924198,9399741,1790776,1265692,6438845,3403297,8258667,4705676,9615559,120886,9981015,7944447,1122002,5033953,7840938,9891739,1449810,5847890,5343439,9112063,3845861,6272716,3223786,884836,5171039,5300444,1429974,9981907,8416195,5932890,4921900,8303965,2606703,376368,4806005,1375159,3196256,7864413,9563704,9592057,8977231,1386182,5249366,3031242,1527193,6892481,2496949,1236059,5108686,7738539,2615325,7233047,2483341,4874036,7989079,6935286,2266619,8143000,5504092,8644340,5466921,1338834,4102233,8796868,2706129,9547388,1888582,402305,4143599,7188699,2200574,7661346,1681388,7105641,9687222,4852260,9813728,2861793,9951185,6705497,5901151,6737436,4896597,7382898,7192581,5622168,5355149,8591792,4174680
8148248,6142833,3976736,3545579,5923793,9268333,9832662,9796620,7442273,2278971,1293796,9924198,9399741,1790776,1265692,6438845,3403297,8258667,4705676,9615559,120886,9981015,7944447,9891739,5033953,1122002,7840938,1449810,5343439,5847890,9112063,3845861,6272716,3223786,884836,5171039,5300444,1429974,9981907,8416195,4921900,8303965,5932890,2606703,376368,1375159,9563704,4806005,3196256,7864413,5249366,9592057,8977231,1386182,3031242,6892481,2496949,1236059,1527193,2483341,7738539,5108686,7233047,2615325,4874036,7989079,6935286,2266619,8644340,8143000,1338834,5466921,5504092,4102233,9547388,2706129,4143599,1888582,8796868,402305,7188699,2200574,1681388,7661346,4852260,7105641,9687222,2861793,9813728,9951185,5901151,4896597,6737436,6705497,7382898,5622168,7192581,4988004,8591792,8609029
8148248,6142833,3976736,3545579,5923793,9268333,9832662,9796620,1293796,9924198,2278971,7442273,9399741,1790776,1265692,6438845,3403297,4705676,8258667,9615559,120886,7944447,9981015,9891739,5033953,1122002,7840938,1449810,5343439,5847890,9112063,3845861,3223786,5171039,6272716,884836,5300444,8416195,9981907,1429974,8303965,4921900,5932890,2606703,9563704,376368,1375159,4806005,3196256,5249366,7864413,9592057,6892481,1386182,8977231,2483341,2496949,3031242,1236059,1527193,7738539,7233047,7989079,4874036,5108686,2615325,6935286,2266619,8644340,1338834,8143000,5466921,4102233,9547388,4143599,2706129,5504092,1888582,1681388,8796868,2200574,4852260,402305,7188699,7105641,7661346,9687222,4896597,9951185,2861793,5901151,9813728,6737436,6705497,7382898,5622168,7192581,4988004,8591792,3237865
8148248,6142833,3976736,3545579,5923793,9268333,9832662,9796620,1293796,9924198,2278971,9399741,7442273,1790776,1265692,6438845,3403297,4705676,8258667,9615559,120886,7944447,9891739,9981015,5033953,7840938,1449810,1122002,5343439,5847890,9112063,3845861,3223786,5171039,6272716,8416195,5300444,884836,8303965,9981907,4921900,1429974,5932890,9563704,2606703,1375159,376368,4806005,3196256,5249366,2483341,6892481,2496949,1386182,9592057,8977231,1236059,7864413,3031242,1527193,7989079,7233047,4874036,7738539,2615325,5108686,8644340,6935286,2266619,1338834,8143000,9547388,5466921,4102233,4143599,2706129,1888582,1681388,4852260,5504092,2200574,8796868,402305,7188699,7105641,4896597,7661346,5901151,9951185,9687222,2861793,6737436,9813728,7382898,5622168,7192581,6705497,4988004,9730028,3237865
8148248,6142833,3976736,3545579,5923793,9268333,9832662,9796620,1293796,9924198,9399741,2278971,7442273,1790776,1265692,3403297,6438845,4705676,9615559,8258667,120886,9891739,7944447,5033953,9981015,7840938,1449810,1122002,5343439,5847890,9112063,3845861,3223786,5171039,8416195,8303965,5300444,4921900,6272716,884836,9981907,1429974,9563704,5932890,1375159,2606703,376368,4806005,3196256,2483341,5249366,6892481,2496949,1236059,1386182,8977231,9592057,3031242,7864413,7989079,1527193,7233047,4874036,7738539,8644340,2615325,6935286,2266619,1338834,5108686,9547388,8143000,4143599,4102233,5466921,2706129,4852260,1888582,1681388,2200574,4896597,5504092,7105641,7188699,402305,8796868,5901151,7661346,9951185,6737436,9687222,2861793,9813728,7382898,5622168,4988004,7192581,6705497,9730028,674233
8148248,6142833,3976736,3545579,9268333,5923793,9832662,9796620,1293796,9924198,9399741,2278971,7442273,1790776,1265692,3403297,4705676,6438845,9615559,8258667,9891739,120886,7944447,5033953,9981015,7840938,1449810,5343439,1122002,9112063,3845861,5847890,3223786,5171039,8416195,8303965,4921900,5300444,9981907,884836,6272716,9563704,1429974,5932890,1375159,376368,2606703,4806005,2483341,3196256,5249366,6892481,2496949,1236059,1386182,3031242,8977231,7989079,9592057,4874036,7233047,1527193,8644340,7864413,7738539,1338834,6935286,2266619,2615325,5108686,9547388,4143599,8143000,4102233,4852260,2706129,5466921,1681388,1888582,4896597,2200574,5901151,5504092,7105641,7188699,402305,9951185,6737436,8796868,7661346,9687222,2861793,7382898,5622168,4988004,9813728,7192581,674233,5696338,6705497
8148248,6142833,3976736,9268333,5923793,3545579,9832662,9796620,1293796,9924198,9399741,2278971,7442273,1790776,1265692,4705676,3403297,9615559,6438845,8258667,9891739,7944447,120886,5033953,9981015,7840938,1449810,5343439,1122002,5171039,3845861,3223786,9112063,8303965,5847890,8416195,4921900,9563704,5300444,9981907,884836,6272716,1429974,5932890,1375159,376368,2483341,4806005,2606703,3196256,5249366,6892481,2496949,1236059,7989079,1386182,3031242,8977231,8644340,9592057,4874036,7233047,1527193,1338834,7864413,6935286,7738539,2266619,2615325,9547388,4143599,5108686,4852260,4102233,4896597,8143000,2706129,1681388,5466921,1888582,2200574,5901151,7105641,6737436,9951185,5504092,7188699,7661346,402305,8796868,674233,9687222,7382898,2861793,4988004,5622168,9813728,7192581,5696338,9761491
8148248,6142833,3976736,9268333,5923793,3545579,9832662,1293796,9796620,9924198,9399741,2278971,7442273,1790776,1265692,4705676,9615559,3403297,8258667,9891739,6438845,7944447,120886,5033953,7840938,1449810,9981015,5343439,1122002,8303965,5171039,8416195,3223786,3845861,9112063,4921900,5847890,9563704,5300444,9981907,884836,1429974,6272716,5932890,1375159,2483341,376368,4806005,2606703,3196256,6892481,5249366,2496949,1236059,7989079,8644340,3031242,1386182,4874036,8977231,7233047,9592057,1338834,1527193,6935286,2266619,7738539,9547388,7864413,2615325,4143599,4852260,4896597,4102233,1681388,2706129,5108686,8143000,5466921,1888582,5901151,2200574,6737436,7105641,674233,9951185,7188699,7661346,5504092,402305,4988004,7382898,8796868,5622168,9687222,2861793,5696338,7192581,9813728,9761491
8148248,6142833,3976736,9268333,5923793,3545579,9832662,1293796,9796620,9924198,9399741,2278971,7442273,1790776,4705676,1265692,9615559,3403297,9891739,8258667,6438845,7944447,120886,5033953,7840938,1449810,9981015,5343439,1122002,8303965,5171039,8416195,9563704,3223786,4921900,3845861,9112063,5847890,5300444,9981907,884836,1375159,1429974,5932890,6272716,2483341,4806005,376368,3196256,2606703,6892481,5249366,2496949,1236059,7989079,8644340,4874036,3031242,1386182,7233047,1338834,8977231,9592057,1527193,2266619,4896597,6935286,9547388,4852260,4143599,7738539,2615325,7864413,1681388,4102233,2706129,8143000,5108686,1888582,5901151,5466921,2200574,674233,6737436,9951185,7105641,4988004,7661346,7188699,7382898,5696338,5622168,402305,5504092,9687222,2861793,8796868,7192581,9761491,9813728
8148248,6142833,3976736,9268333,5923793,3545579,1293796,9832662,9796620,9924198,9399741,2278971,7442273,1790776,4705676,9615559,1265692,9891739,3403297,8258667,7944447,6438845,5033953,120886,7840938,1449810,9981015,5343439,8303965,1122002,9563704,8416195,5171039,4921900,3223786,3845861,9112063,5847890,5300444,9981907,1375159,5932890,884836,2483341,1429974,6272716,4806005,376368,3196256,6892481,2606703,5249366,2496949,7989079,1236059,8644340,4874036,1338834,3031242,7233047,1386182,4896597,8977231,9592057,4852260,9547388,2266619,1527193,6935286,4143599,7738539,1681388,2615325,4102233,2706129,7864413,674233,5901151,8143000,1888582,5466921,5108686,2200574,6737436,9951185,7105641,4988004,5696338,7382898,5622168,7661346,7188699,402305,2861793,9687222,5504092,7192581,8796868,9761491,7416400
