944457,1159092,968169,789523,441205,897542,1108655,1035430,979123,873562,1136625,726650,1043069,855355,626265,413992,994838,1074558,1120961,1159251,1172199,904756,1153319,1053447,820667,1039056,1141620,1034780,1182621,1001486,1152642,756394,581549,1037855,1065547,1117969,1189555,908381,1169027,467700,716505,1032812,943181,901103,1080412,1040536,1155532,927304,1077761,1091732,706722,1158798,1158984,846104,940954,1139710,1163583,515757,1023018,981396,1121148,1066738,987441,1139655,1097494,1152479,993567,1165798,931597,1100126,1058830,1136723,1094290,1185885,1097080,1069404,1182705,838348,1186148,1155606,1162341,1069471,1178768,1172443,660637,1130436,1040803,899527,1146305,1001508,1152653,790600,923252,553249,1041781,1136409,691281,1189275,1106254,1069411
82946,1052058,126164,852250,960330,906530,905377,1127394,906680,938782,673041,1035212,945089,925377,968290,1163704,1038290,774648,1155757,718613,840045,1030285,1139951,919733,746911,1015711,1162554,1172139,728203,659078,1032890,919724,1064128,935294,1023136,895782,782373,1182458,1001428,796791,972420,722948,994843,923252,871713,12359,542603,1086015,866945,917298,1130230,894108,752881,452759,1175457,1017144,468795,428426,324980,434342,990369,1067469,1193059,1015606,885340,441959,445211,1153633,1029416,437185,1010121,1057802,1164369,1124590,937068,453135,429357,1098980,1110002,340191,906643,644779,1151350,925437,1081424,435637,455700,800633,426897,562147,677634,1189637,783503,1048179,587868,1073048,1084764,1097586,865249,236436
1078829,913136,880200,1120892,1162397,1008498,741453,923290,953571,1018198,929335,904229,913949,870219,1127008,1145918,1139561,1162341,1054721,1121035,931375,1159177,806324,927359,1089468,1113631,1015783,1172349,1189135,882072,1018100,754080,1173921,1162604,688819,1121308,1139745,1152319,230741,970306,1179704,624598,1088656,921512,981166,1152550,899528,1133830,1008708,945212,1115026,906700,1174861,850696,1165742,1117827,568563,1077414,975106,1152717,1123945,514575,1112011,930544,1100334,784803,1030285,794072,1187577,731461,1080323,606081,422576,925517,1121781,1094334,1074742,927324,904918,1114913,953340,592704,1162375,620771,1168738,135454,897431,1130326,484444,1139641,972514,979221,1152653,778350,1038282,1162329,1169043,548691,860383,620748
939905,778848,222239,1053447,1153679,1053416,849244,802254,1108655,994884,911108,1174257,1146132,1158850,1185965,1193058,979123,1039056,577636,1169827,1118128,1117985,1121148,974705,1119471,903142,1091543,767204,1139678,1152319,1149116,1006175,1109326,441205,1140172,1170517,1192802,994838,873598,943181,756385,983570,881946,1130383,1153319,1169045,830863,1035395,1152569,653827,1159071,590717,1128632,1040344,1152716,814780,1074722,1097459,1162245,1130310,1035396,311089,992547,1115146,1165742,532699,832158,824892,1142819,805002,1077376,728165,882044,419364,1139687,1127234,983522,945299,1074558,749399,1127306,923254,1159092,1165346,841513,1157299,1035199,1069471,979038,389925,819240,1077373,1045711,1091427,807567,898486,915903,977898,549583,875287
1112937,855355,1084166,968169,1010876,647137,1006952,1172736,1155985,1187332,1030285,935332,1109893,1066738,1167057,1071935,921333,1077791,1076289,906643,486726,1185677,1130326,1182556,786210,1094290,871713,549583,1126893,624598,1045469,510616,660713,548691,981166,1113631,1015568,1105045,613499,923217,970306,935132,1015599,1152319,1025265,535679,830700,1141620,441205,1186042,966031,1179046,1173206,1014468,897542,807057,449659,536238,779614,410298,876917,1112003,1182458,1010791,355189,981396,1162341,648888,1115098,1059008,1192852,820667,1003802,1162273,1072051,979123,761101,987722,381635,766387,1142988,440163,923465,609893,790157,819530,951224,751776,1091717,990111,1074965,1182464,767204,1136625,994723,1136644,979115,1149420,399584,658093
718395,757275,700401,977242,668762,1091358,921803,878423,613752,805489,712158,367952,1098651,999803,361495,1049037,576402,910870,945157,923254,567093,979123,954250,810573,968318,601035,837459,576410,887684,654414,888473,469782,942560,891156,1142988,924620,334008,1169139,1141620,1191155,855414,1094441,364568,899337,991087,1136723,1153999,1152109,307305,507432,985618,1159912,1163583,535822,1078305,802099,831502,1137026,1177316,1179013,1066738,968936,906680,480321,1159943,855355,1043069,1138032,1171015,464263,1077453,549279,389198,360145,985239,1059008,250108,418017,818201,1121576,1172139,835267,914103,1094580,313135,1147788,608050,565402,1189335,672766,493166,1057045,1066611,923252,761101,935332,1018055,957509,689998,992358
207826,858701,1159472,1139710,1116614,634694,1139931,1155700,1133356,677572,353754,617297,1155985,1043154,1139908,1080435,91815,968158,985676,972652,440467,835360,978968,282897,747098,925463,647149,826432,964471,404788,1178834,777170,1037794,766387,883759,913898,1097080,576358,206975,798141,1187879,409723,1136369,1193137,849368,1134862,817620,1112001,653827,1169097,424940,305715,445452,765908,890491,949215,1037855,1049515,899652,455694,882033,862524,1074752,1172493,1020583,765897,1094368,626070,1175808,1077533,1077554,763592,542603,148120,1136596,1035478,668561,1169045,645574,759954,376585,1001475,452648,937266,764788,826524,642320,393151,324980,1020700,1069471,525873,1106038,129080,436809,1088785,670915,1106193,1182535,498367
535850,872969,1004333,322237,436936,802783,946136,1092619,248526,1183966,855355,549583,1106254,897542,1189275,778350,995275,1179046,1014468,1066738,1185975,826391,794072,923288,765897,979123,1109326,953571,409723,537317,1182464,1063108,1124590,1081424,426897,777170,1029416,1084764,1164369,786211,1110002,1132293,1075485,439310,430501,446237,1098980,624598,1133501,1073048,1045398,1057802,906680,1151350,1108795,1136625,972599,429357,1183457,901307,1146528,989355,1105936,759954,1013325,898799,1077554,1040803,435637,453239,404788,892344,444516,1153633,1149359,438187,1115098,445211,932542,439307,1001428,1192852,1017144,451790,454329,1179252,441205,1008666,1010121,1097586,923433,1163583,1162341,1084166,436679,1182535,455700,1155773,882033,849199
888374,908466,471864,900906,471990,1130235,981396,927304,976866,957509,1021105,1117816,1016195,1032812,737035,611900,1162475,1146305,1185885,1169502,1136434,965029,1178768,926893,1163600,1084528,1121530,855426,1165431,749833,895695,678347,657219,1165363,429409,1012949,1066523,613488,1001500,1133530,776321,1178960,1117922,879729,1050836,955504,1123737,1141620,236304,701718,605654,1015568,1065873,961272,1117986,915257,1077678,757282,588657,969298,1162297,350875,767383,810573,871801,228974,1146157,707357,938599,719740,628257,1082408,1100004,728804,1113631,1010791,820135,1185627,1136376,465964,913720,396125,1094441,882297,564260,849199,1023150,1108795,661640,779614,1152653,608365,441205,1076416,773328,625903,725893,1155610,1080310,1172069
661578,972578,938201,1182372,829363,857800,1139506,1020528,1182420,1189430,925330,1130286,1083354,1042832,1158785,1049451,1124282,1148959,882075,1083026,1074630,1037931,987703,1139508,902895,1192763,1003842,1182637,974453,1037845,959912,1146290,1020450,1075021,1022940,1069511,999117,1100280,1178783,1172066,1109075,1127179,1094596,1186090,957701,1058698,1111679,1119518,1097156,938165,1182534,1133419,1056320,717615,1100095,1040402,1165910,725993,1006159,1053448,1179321,1159047,738773,1175400,778408,1003712,970157,1018195,1169049,878545,811937,792698,904737,979146,1077809,765910,873687,1074704,1100276,829227,1182589,915784,1088574,1010824,1182238,1022879,1103128,1189172,1047965,1182229,899358,1139758,866905,908442,947240,1186201,1189633,1020446,1020437,1175421
328688,283426,394224,315333,132241,1128672,1024534,522513,1131442,535462,172869,289993,947077,580571,718613,733050,927205,929335,733512,913898,1137146,983522,1139641,1142988,970174,923465,178979,892344,670820,754039,1086091,1152479,426897,410336,1097080,429357,710429,1099962,439310,602916,430501,1152461,439307,667334,453239,777170,455700,324980,1170534,794072,1146528,435637,1106193,1059008,983508,444516,438187,454329,1183017,1112080,981342,445211,871713,446237,813376,1121276,722948,1172443,1084764,858590,953425,1029416,1094624,192651,1111891,1066668,1136625,863668,863664,755246,923216,1103131,1074965,1165572,1064058,789363,858636,1193153,941122,1077554,1124590,1094580,1164369,1073048,1100309,794071,1192986,1189637,1193131,629114
138871,286077,1053021,118650,636145,802099,239203,895714,969867,849199,1175457,901307,1183457,972420,1175380,950927,1102030,1097291,1139687,1146028,1124352,923252,1045398,1124590,1105936,281938,1185975,894108,1157453,1172139,1017144,1153633,1094580,1099962,1162554,906680,52515,1151350,1164369,941047,1132293,1001428,932542,1029416,1098980,1010121,1073048,1162182,1057802,1067469,1075485,1081424,1128534,1106254,1084764,1032896,964132,923756,1110002,1063108,989355,1143070,1106193,1101762,925437,912186,1094438,782373,786211,972599,1189206,1178768,437185,1097459,960330,875225,1136625,428426,1189637,1037873,290538,453135,435637,873675,1155490,981396,1165572,432181,996934,237920,755246,441959,1136726,1146157,455700,1176513,423925,1086019,454329,434083
223820,839360,991991,90976,1121233,1085005,775765,959847,1172443,824892,923252,1066738,755267,878540,932542,945241,1159071,658102,1146307,1139936,904390,902917,1111891,1069404,873319,823575,1072132,1015599,1193153,1186042,552846,901102,846103,1023131,957177,665921,841513,728203,827813,906646,931204,1103338,749399,806907,554363,1040254,1115146,1106060,772084,1189207,972413,1103134,1111721,683201,883373,1000891,1001587,966242,1144596,1003983,934909,892302,935140,966031,1112053,1155838,947077,1158850,768498,1077593,1097494,1172139,1136517,869983,1053288,814780,1094580,838419,859886,848641,1127178,1128672,1111715,1182458,847601,1106254,659078,1121195,1019116,1163583,1062835,813376,1130365,742472,855355,853848,840160,1030285,1133332,780985
348296,219462,112458,281384,69735,271860,131918,301021,241753,134645,511910,158518,171715,267646,243788,263322,231535,179659,141992,142561,288240,190946,191158,236818,242487,245914,324829,158704,134518,306791,188300,186813,224661,279731,326945,196171,271093,130485,547682,162173,165369,162969,191269,234294,278068,108382,417355,320668,198723,271959,198292,125153,323894,120867,218555,185795,309344,283949,190283,288354,215560,235822,111260,246265,149266,126225,381195,247909,140208,336307,275115,347785,185321,180023,191698,335939,152727,270186,192721,180072,128983,167875,280486,177679,228445,278645,145292,231248,259388,165097,279853,174583,290955,221367,413175,253577,441844,182266,258007,109872
211787,150898,236560,1079414,252688,165854,958475,137417,919733,283094,240982,77660,114293,1066738,1136625,972599,570319,294669,356374,901307,428359,1110002,1182464,1063108,1124590,1073048,1081424,1084764,935332,1105936,968339,1075485,820135,453239,1098980,435637,1011051,1001428,1029416,957509,1164369,1045398,1179046,1132293,429357,786211,444516,1151350,1153633,1057802,1175457,849199,455700,426897,454329,824945,1189545,438187,1017144,439310,972420,427445,989355,1097586,1094580,1067469,1189637,1037873,351683,1010121,1183457,1025447,1015872,439307,1155773,1100185,564260,430501,855355,1143070,782373,1165572,953581,409723,1191198,1155490,1094624,1100309,445211,680403,777170,451790,436679,446237,923288,1175587,914005,1136726,562147,1091521
740997,1065104,483285,372140,400120,234396,100661,898218,1152479,674321,488252,441193,437141,325830,1030285,1136625,855355,621032,339902,312549,325988,435284,507013,312922,241751,899337,198743,301746,262288,635116,275763,237261,253500,527318,441516,1108729,241992,389951,1185677,483614,830700,480424,1010791,310131,315647,183812,1045452,1150799,512980,813939,510550,202421,981166,921333,975640,212830,1084166,756747,1015599,577043,314414,936045,96989,368823,1045469,346755,805859,1046839,1148120,345476,145928,518116,1133501,624687,1071195,923465,287853,760320,1149961,338150,400121,407060,251684,1099963,240298,1191153,1077554,673373,333039,981396,259662,1076669,329351,289705,416557,201718,569766,605000,274450,855414
273983,439046,198581,198801,224843,152220,271618,644557,273365,237679,169282,828984,137581,470645,534574,613414,869949,435439,244216,1113631,443664,1106254,641368,827813,1172443,1094580,927280,408017,823233,1069404,893733,932542,968339,336372,862000,1193153,303188,1001428,217810,387416,937294,340689,972599,1007771,586699,1072132,389857,1091717,307613,1124590,947077,95373,1183457,1081424,1111891,1015599,1163583,901307,1084764,786211,1057802,711133,333951,1097536,1110002,1098980,652991,795425,1029416,1132293,1063108,1105936,1164369,671938,453239,1073048,439307,876940,1124045,446729,611226,1151350,1066738,755246,453135,989355,444516,1175457,430501,437185,438187,444188,455700,454329,1075485,439310,1153633,154623,1108729,497063
796554,584453,867562,1069471,1066738,979123,855355,1066611,1146153,1015599,1106254,1014468,1013459,1136723,1162341,827813,946136,1094580,1073911,1172443,1163583,1101762,898799,1045398,441205,1123861,950927,707186,1032812,767204,932542,939197,786210,1136625,1130230,871399,1072132,1175678,906680,923217,1185975,1124590,807672,923288,731461,849199,1179028,1143070,1183457,1193153,1094441,959847,1158850,1106193,922935,901307,972599,1081424,1108729,609173,1105936,1164369,1001428,1061549,1132293,826366,929335,1113631,652991,498354,1029416,1063108,1151350,979038,1057802,783236,1091717,1175457,1098980,923252,1025310,1086047,1110002,1073048,858730,1182663,1035134,935332,1084764,755246,728203,1075485,1025423,1109687,1179070,1017144,568001,992358,1003067,786211
100473,292086,132609,618641,894108,1172161,876916,1099962,1185975,1049515,964097,970351,1146528,440527,814787,1046839,1143070,1105936,719733,1106081,873542,1178838,957755,1048262,644778,932542,755246,1175808,1183457,876762,1162174,901307,1172139,1081424,430501,637121,1045398,1106254,1029416,1172443,1163583,824977,1063108,1035347,1182269,1084764,1098980,1153633,1124590,782373,1075485,338681,1067469,1164369,446237,1151350,1192986,1110002,1132293,1193131,1169045,1010121,439307,1142819,1175457,1168786,445211,1073048,1017144,955649,429357,1057802,1162344,923288,972420,1185911,931293,1030285,1109051,786211,1165608,1108795,151748,1121276,1189637,435637,455700,863664,437185,863668,751707,953504,1106048,989355,826351,453135,453239,778350,444516,1136726
36121,6732,329984,82151,507875,359993,306385,47826,28021,525873,182825,265061,97141,328522,212486,206909,1176513,1074762,153713,486957,306708,138404,1091744,926305,262267,615892,1069341,246669,1183017,241280,333330,748491,444516,439307,863664,895693,937236,863668,960938,953581,559954,763955,1146528,326322,445211,455700,794071,858636,453239,680403,430501,438187,454329,429357,446237,557505,719733,906530,1048825,905377,914005,1128468,1155773,1094624,804849,768474,1136726,1155490,435637,996934,892344,1018058,1193059,54009,205233,437185,1136625,527622,436679,189951,884117,1165572,439310,1100309,1091521,323681,426897,1097586,702096,880190,873509,1189637,430947,463118,1175587,1015872,59498,895782,1102030,1020681
511866,269273,642355,1142688,897877,835333,1089027,345476,1006175,1037910,1185724,931299,613499,1171817,1030285,966031,830863,1155985,1130230,1025324,1108887,994843,712240,1069552,941577,424144,1018058,502755,238438,951224,1180290,694630,906643,798068,1152479,923433,1136476,810474,737835,904564,981376,863481,843333,976977,758465,1045452,1094368,981408,858446,826254,944692,659078,628868,945173,693605,1136723,861565,1139951,503218,691281,913235,1121030,902543,934909,1182458,817701,465964,1066738,1139922,1108847,617078,700497,1020583,1163583,943098,1011036,919724,931597,718613,915795,873319,1147542,957755,1098980,893902,1172269,1008666,932542,668561,662402,901307,1035212,1110002,388890,1106038,1162554,987441,673059,335703,1057802
295993,561520,857015,976063,134821,688819,959841,1035440,704531,868436,1136428,752881,890685,959798,1159124,878005,1159177,196500,727044,1149288,534193,796259,501404,692550,1185288,942122,472662,972620,550157,655548,894534,127355,1001326,1152550,872863,897578,400583,960325,1186116,680453,494623,1085851,630723,1130500,759970,1121132,554558,301949,540973,880382,568001,568563,761828,1035237,1120892,1155910,684990,1080402,1027782,997055,338681,1008584,1008479,979055,355127,957638,1162296,287177,756290,1055974,980931,750523,644754,688844,1091717,1045445,652115,437775,1158978,836818,1003934,589992,1086019,975835,177324,620771,493153,1086084,636145,1106220,759927,1083099,947870,1095805,1102030,915923,1003831,915977,1048125,937361
300113,155618,183810,609173,1130230,742472,768498,1097804,1023136,1152569,1133500,1030285,1162341,739255,1165742,583045,1182458,1175373,1094441,855426,985618,659078,1108895,910361,297182,1066738,1091608,900086,732543,992358,1143070,1008705,1163583,1152595,786210,817701,1172139,935332,755246,1172443,1121195,1172161,932542,1073911,970351,987954,407335,923288,923252,1108729,1056174,862905,498354,1117827,995764,979038,1014468,1147542,1041450,915923,969867,981172,824892,1035134,1124590,741453,1106254,183288,211704,957755,1094580,937106,1162554,953571,1158850,901307,1182663,1185911,813376,1035212,1142988,1146153,515161,966031,378768,1165820,303188,1069471,987841,620771,1106193,855355,1118134,875225,1132293,1075485,1186147,1170517,1123945,949986
785899,855355,1113631,767204,1162341,1069404,310192,1030285,1025406,1149420,1186042,994838,786210,1069471,979123,897542,1172443,900086,1094580,1165742,1152411,968169,935332,1106193,1066727,1072132,1159092,1115098,897747,813376,1108729,1069478,1158781,1193153,899384,1106254,549583,829325,1162554,1136625,624598,1178768,1043022,1179236,921333,1146528,1024534,827813,1069552,1172139,1037855,1163583,1141620,1040536,1066738,881946,906680,983570,979038,1111891,1111839,1189275,1039056,1069445,1018055,906600,305111,1106069,1015599,1146157,932542,1179046,1056174,1139922,1136369,1139687,1094441,1192852,1183457,647137,947077,1124590,1146307,1172736,1099962,992343,1121195,913898,1074965,1105936,969867,1032812,1152595,1146305,755246,1130235,1120892,1142988,1097494,1149359
561603,953457,590800,495312,970185,592014,754115,959843,1125057,1043012,901476,1091701,533677,1145880,972596,1061425,1040476,914912,418696,1097134,1187038,968331,1146153,914393,933234,759291,927473,1040582,1042930,413078,1070884,1000175,1103359,1183601,1189420,1109951,1108715,979057,1057871,1193176,1106028,1185614,723377,806324,930228,1185628,645018,1083310,1051985,665688,1048663,868148,967218,831754,1130245,1119828,506780,1000608,1172320,273697,841853,1069854,979761,1103303,931375,1192651,899989,1127227,869525,855428,1172139,635417,819947,1171969,992614,1055996,933231,1182265,1052381,605654,992557,1085994,1006560,892412,852234,1002646,970174,1124588,1078943,1080437,1100004,855506,1032791,1154543,719734,1037903,660556,1146152,681934,954664
67962,130374,1152679,1050981,1018058,762915,1176513,873542,1011051,303188,814787,875200,783946,1106081,908379,388890,949215,684027,970351,952556,751707,838386,1165608,452759,1193131,963115,1062976,725575,1193059,826351,1121276,892344,434342,333330,960938,777358,468795,937236,895693,880190,1142781,923433,559954,914005,748491,763955,1186124,97331,138404,435637,428426,441959,463118,454329,291401,659078,439307,680403,445211,453135,423925,1097586,455700,453239,979227,439310,904943,426897,866945,438187,429357,557505,583045,444516,437185,1094624,953581,1155773,858636,768474,901196,1091521,451790,884117,1165572,1067469,446237,1100185,444188,1043017,335596,651298,996934,1162554,1164369,1136726,1029416,430501,432181,1069341
168142,1130230,1136625,1142754,972599,1143070,968339,1189545,1155910,1124590,937341,1172139,1010791,937256,1023150,687911,932542,453135,1057802,1183457,1094580,1153633,935332,1151350,1010121,1017144,1132293,1098980,989355,1110002,1064093,1164369,1029416,1073048,1081424,1067469,1075485,1105936,1084764,855426,1063108,613499,437185,428426,1023136,786211,992343,1192852,901307,867562,1168882,1175457,432181,1045398,461591,1155610,644778,444188,452759,451790,1064128,1136728,1094444,1163583,1108729,849199,923465,435637,782373,434083,401870,972420,1182464,453239,438187,444516,454329,1061549,1015872,1155773,1001428,429357,434342,1097586,1146528,455700,1100185,1165572,923288,1155490,439307,1091521,436679,1094624,1191981,1106254,445211,914005,439310,1136726
76640,45740,36065,117645,36414,183204,311447,36393,97758,1191163,1057395,341502,207791,856144,967027,1015700,180340,836016,12311,19800,1026535,1191031,9689,927300,1145999,95550,191490,1176513,422664,42801,1193032,957731,1185975,1094438,901307,292852,614222,1146528,1133501,1045398,972420,861054,15985,642324,925437,108099,932542,849199,467193,494295,923288,1003936,927359,1105936,1102030,1183457,1106254,351982,98284,815349,1013462,1067469,1143070,1175457,915903,681934,749899,1124590,1153633,923756,1124044,1140942,892344,1013325,1110002,1010121,1017144,1127178,1165865,1164369,1063108,1124045,1177183,1084764,1098980,1075485,1132293,1029416,782373,1081424,963967,1073048,351373,732532,1151350,452759,1083045,1130383,968290,894108
418787,98012,412309,782334,933496,229907,968401,1045812,742630,392026,525690,1056450,167641,163338,600765,943436,882162,135714,439159,219454,179570,535765,211617,570307,1162804,202564,147835,154150,335536,347582,1048422,124174,642414,1162297,379551,814877,1094823,819321,961711,692687,224641,511459,164172,1089161,360618,1159323,935132,422309,955504,1149128,444279,743725,868679,423481,1182572,177118,215557,1149105,566217,830700,1006412,508771,1144448,1051125,945478,217755,728234,411756,1140178,436806,1159338,1176157,569984,820790,658093,957863,261672,906823,340919,933253,863480,849411,229104,229987,354534,1055388,215214,687946,593325,249725,143153,889057,367284,299078,961899,1130666,429932,179261,273584,343852
643484,1061216,1069411,1183708,1023136,1103702,983361,1191953,1127096,1134839,1030285,917298,1149667,742577,441205,578099,1136625,1117827,855426,1117865,1061549,485720,929335,1035478,827813,1108729,898799,1127306,1192857,987954,1095076,1179196,855355,1069552,1100334,767204,1158185,1192852,1103017,1066738,1158850,1172443,1168786,1036593,746909,1088715,1162375,1018181,1118134,1152411,876762,710429,1136369,923217,453484,1189493,1152594,1182448,718621,1069404,930544,1106193,1066662,817701,904515,680443,1106254,1097323,1120892,1175373,731461,1153809,1152716,1192876,923296,432090,1185660,1156927,1155694,1013459,645411,1048179,925233,1165742,1162397,994868,898486,1085991,766394,935332,1035134,876940,1128270,1087320,992343,1193153,1178768,1100025,824945,969867
455874,912006,655325,937256,807057,894189,939167,1149002,987954,1083015,612074,839868,964132,645570,994723,992343,935332,979054,1091717,1159092,1165896,503890,1006219,937341,822174,1141620,1085937,1035189,1159111,1127096,1045736,1040536,1182692,1091394,1175588,1152745,1069177,774624,1117830,1015665,1022937,1158781,1152231,1100004,813376,1172139,1185659,769591,979188,1074898,796258,441205,1192852,264772,1178972,1174257,1146157,966242,1097494,1162287,906600,979123,1058737,1162554,749342,1042895,865124,1059008,947262,1074722,1142463,670560,1175434,1155680,1100365,727116,1121148,951312,858696,824892,1106069,759863,973864,1182766,1179039,1047967,1106019,871836,1162375,1142988,895714,981272,703498,763576,638525,883713,1038087,733564,981354,1162273
206244,151257,600428,145990,229002,51495,739807,584960,732035,108982,160679,229188,589735,168236,210415,855355,892344,1146528,1185975,786211,299078,265400,1132293,1164369,1063108,1073048,1081424,1084764,1075485,1098980,1029416,288135,1151350,1110002,1057802,1045398,454329,989355,972599,439307,1001428,430501,444516,446237,455700,436679,699077,429357,849199,1191198,453239,1124590,451790,1153633,950927,438187,603628,435637,1133501,426897,439310,794072,444188,1067469,1105936,445211,923288,923465,867562,1010121,1017144,930544,953581,1139687,1136726,1106254,748491,937236,461591,1155773,1061522,1143070,996934,559954,763955,202542,895693,914005,963967,1165572,1155490,1124045,1094624,1183457,1008666,1045469,434083,1097586,863668,680403
74023,196406,98327,179521,1134835,708366,216754,919733,761100,48608,270750,1072157,1182458,296976,1094368,639646,1189545,897776,42429,1025447,613499,873675,905377,339627,562147,1097586,960330,30857,1066668,906530,1123969,1189637,445211,428426,1106038,840045,1088958,647272,953581,659078,1128468,710660,1136726,446237,444516,436679,452759,1176157,1155773,423925,439310,1094624,369714,996934,966031,432181,1100309,768474,434342,441959,782373,914005,437185,945089,680403,1001428,454329,461591,1020583,453135,438187,451790,81298,430501,426897,1165572,435637,880190,321097,455700,439307,1155490,434083,1015872,335596,873509,1100185,453239,488554,938782,429357,292496,885340,445452,923252,932724,968312,843333,444188,452146
118010,76898,129589,1128534,1163858,684027,1018058,984785,1088785,10358,141286,893902,1003857,892344,1069341,1007771,972599,1157453,952556,445211,700200,446237,814787,430501,1063108,1132293,1081424,68806,435637,426897,1164369,786211,961316,659078,1029416,1008666,453239,444516,436679,1098980,1110002,1014468,1075485,1084764,1057802,1073048,444279,429357,439307,1165820,625320,923288,1151350,455700,454329,1124590,349295,1185911,1015872,439310,989355,438187,1097249,1153633,1193059,1067469,1045398,937236,559954,451790,1182458,1017144,895693,763955,748491,923465,953581,1010121,333330,1091521,1001428,1097586,1165572,437185,557505,838386,1155773,1100185,1155490,527622,81505,444188,1111839,901307,932542,1136726,1172139,1094624,680403,996934
1110308,1165421,1097219,1192736,1106059,542603,1027747,1032855,931375,1084535,1061456,1112125,1146312,1015828,1077629,996990,1158784,1108710,1062727,1048146,852249,1108742,1061363,1149081,1182589,1048359,1124282,802869,1158766,1100076,1091623,1023205,1091390,1106273,970372,1091393,1148963,1103128,935271,1127239,1123906,796791,921312,1152479,1182534,1114916,1122557,1124162,1085911,983439,1162167,1115195,665033,1162341,987701,1133247,908364,677609,1010759,895769,943522,527132,1013240,1032662,718613,446115,677599,1040300,1077462,446467,704505,1172001,739132,478232,970385,887071,1074594,1162398,410336,974434,1015900,887162,1172493,875152,1052238,1100280,1149103,964011,1097080,970212,1165829,1185821,592704,1186196,947173,1118096,1182237,1169097,1159064,1010765
134931,87292,317184,347801,364801,106490,332826,108144,875964,238926,434618,134177,446237,445211,1192986,972599,1173921,451790,1163583,430501,1143070,733512,1063108,1084764,1164369,786211,1029416,1132293,439307,1057802,1098980,989355,444188,436679,843333,1151350,1067469,179311,429357,1081424,439310,1110002,426897,437185,968339,1106193,461591,1153633,1073048,1075485,1010121,432181,92676,1017144,435637,1105936,438187,1124590,892344,613499,434083,1094580,1155610,65972,455700,1136424,1010791,453135,453239,1045398,901307,1001428,454329,932542,428426,1183457,863664,782373,863668,1023150,444516,923465,1146528,1035241,452759,441959,979171,434342,1179046,1069404,970351,423925,1045469,953581,312606,67363,1182464,1136726,1189637,867562
1143255,692501,987441,1139710,1191657,1192651,917298,1155985,1136625,1130365,786210,441205,1153319,1163583,826254,1192665,897542,931597,927280,1034780,979123,1088829,1015599,923252,855355,1158984,1066727,1106254,932542,1053447,827813,1023131,1185975,1048179,1032812,898763,613499,904893,257795,608292,1113631,950927,548691,1171817,1172443,1035430,906680,955634,944692,1007771,1146307,721730,1152479,876940,1066738,947870,1099139,961938,871713,1191198,1102030,973864,999383,981408,1072045,1133501,1039056,1105936,527132,849199,697568,1139908,1189275,1189734,1139936,1081424,1058782,1056260,1018055,966031,1098980,766959,1084764,1063108,1183457,1061549,1073048,1133343,755267,931472,972599,804849,965999,979171,1072132,1029416,899527,439307,1164369,1110002
1134333,947818,821046,661798,1159092,1068252,1133830,1120892,855355,968169,1043022,1142819,1141620,1152411,1162341,822174,767204,549583,923401,769591,1097494,996923,1003943,803457,1190882,1163858,803491,981166,1130326,1069471,882956,1109124,871713,1136369,919685,1124276,1055971,923448,903142,930544,1094290,1139678,1182338,966242,541005,1158781,1146307,1100334,994659,935332,590464,1133529,786210,1030285,911997,1118148,1178834,1061507,1040536,929335,981144,899384,1185606,987954,1121073,1179232,1152479,520566,1018154,1165799,1103134,1142988,1130235,790157,940954,839938,880200,1159117,763576,1080397,1053416,1155985,448816,921333,1117985,1074776,970306,1162273,994838,824892,945173,923217,1185975,624598,584453,1158850,987722,1080412,1178768,817687
665974,417614,767225,1083108,473699,1008730,775883,1148963,1051037,1103123,1032685,763592,1048359,549583,1152479,965999,1001475,994799,1085911,1077629,1175455,1162453,947294,1030285,148444,852249,1048146,1040490,1103161,1108805,1162486,925330,947173,897617,931471,1155532,1056231,931597,496596,1102889,718613,1100359,1058752,979115,474620,981166,1066878,1042907,1037855,649585,951311,1055996,1040261,1083407,1136510,1059008,897542,201185,1168755,1066566,1085861,218333,1121030,1139710,688759,858701,901103,576410,1136625,1133576,878607,519944,1065547,1103214,1149961,421631,617297,1169027,642324,1136369,548691,957642,943280,1053448,532141,887144,1097080,1048227,1124045,1175911,1049515,679420,1182372,1072045,873559,618641,1124209,1130436,1069471,1175798
804169,973773,637320,1157569,860914,748473,1081109,898113,1057384,1092075,561669,1160796,988791,968680,1164470,775478,1083742,574772,993848,1005272,1140791,754312,754228,472911,1079435,591135,1101172,1041430,729661,1126142,1021585,513954,862905,569462,956443,872816,997697,920572,756684,738741,711577,785419,739587,344481,514342,1124872,991536,803010,470089,1093323,890915,911166,810006,945901,555878,1049012,846995,1184490,918905,905869,1188014,857371,1153525,1191579,956678,1002103,638715,435735,1126141,1028941,986140,924642,995995,739608,736395,1073629,910925,1141605,965306,1049057,754389,1170429,864046,577160,1068255,887876,670916,1170928,218105,551551,679067,720034,979731,1068342,1116228,735016,1014763,842424,506419,665305
384441,642127,827813,979038,1066738,1106254,1123861,1069471,935332,1172443,1072132,1185975,1121829,964097,624598,979123,947077,1136625,1064100,1112080,862000,1111891,1186103,1105974,1182506,758786,957509,1133501,1193153,577319,972599,1050843,1108847,1023150,1106193,901307,1035478,996923,923465,849199,1010791,1105936,932542,867562,1163583,968339,1001587,970306,755246,1136723,1130254,372280,1183457,1094580,1178768,1001486,1073911,1146528,876940,969867,1175380,965999,1175457,1018055,1045398,1124590,1172139,778350,1162375,1165474,1062835,1081424,946136,1143070,1066611,1153319,1139641,1075485,1029416,1132293,981166,1098980,1172161,1063108,992343,1128270,1001428,1164369,1110002,1151350,1077589,1001475,1084764,826391,1057802,923288,1040803,1073048,898799,906680
898474,935332,1146137,804849,923465,1113631,1192852,1182458,1172139,945212,1091717,1066738,1115008,1146528,1165832,1074965,659078,1185911,923288,1010791,1165820,538305,1058665,1023150,873542,732543,1162554,392451,1124590,979171,303188,786211,1099962,1172161,901307,1164369,1063108,1057802,1132293,1098980,1151350,1081424,1192878,446237,439307,1110002,1105936,644778,1001428,429357,1018058,933322,426897,1073048,1029416,1097586,1146136,1084764,1059045,786210,1075485,989355,451790,437185,923252,455700,445211,1067469,453239,1143070,438187,1153633,439310,876916,1017144,1010121,454329,855355,1136625,444516,1183457,1045398,436679,453135,1108795,1186124,992343,843333,972599,1030285,432181,1133500,913898,970351,908379,625320,814787,1165572,1106193,435637
153443,1136728,1074898,875225,1162341,1051054,1146157,1108729,892208,1118134,1064093,1100126,1136625,829384,1158798,1162554,1010859,1139922,935332,1143008,1045452,972472,915923,987954,1175380,1124066,659078,1100278,1163583,1099962,1186048,1094441,900086,898799,1046839,624598,618641,1139687,441205,1182458,858730,949282,895714,549586,1059008,1030285,1172139,910317,994703,1097804,1136476,930544,795425,959680,979054,906757,1105974,733564,1103131,1183457,1050926,1127249,981272,1025447,1106069,1023150,1112003,1162375,1120892,1130230,697526,580571,786210,1152479,237782,949215,1040536,1108795,987841,1115098,1124386,1010791,497485,807655,1111757,756385,1193131,937106,1108895,894189,1117827,1105936,1066905,849199,1165608,1067975,897655,989355,1072051,1057802
962203,503648,278716,1015599,855355,897928,272050,818262,485463,1032812,1149420,1136625,1185677,1015568,1121530,314414,968169,441205,899337,830700,615887,1153319,660637,1030285,1069552,658093,499265,979123,921333,1113631,409279,517067,1149264,1179236,333039,955504,340081,654558,595996,1108655,1071935,1146307,1095317,811000,277534,259662,1159092,337848,649781,1146528,935132,121077,346755,1133501,1069478,349040,820667,254761,339902,398517,268056,1043069,275448,783920,961899,1124045,1167057,273426,240298,827813,946136,364196,1066738,972614,1181249,1106254,920522,549664,209938,897542,1059225,441516,1043022,325988,237261,363762,259016,386789,1189493,1040536,1163583,904756,624598,892344,888713,972599,1077554,1179046,1108729,1007771
430954,855355,979123,1030285,541462,1015599,1066738,1136625,1106254,1108729,1045469,1162341,921333,1032812,1149420,441205,624598,826391,1124045,904756,914103,384924,1069552,515421,981396,1064093,1113631,1163583,1133501,946136,1010791,1124590,897542,1130383,1185975,786210,972599,1172199,906680,1069445,1081424,1151350,519944,613499,786211,1132293,1187426,989355,618641,1057802,1110002,1098980,1164369,1017144,1029416,1084764,504373,1075485,1063108,1073048,968169,453135,1185911,892344,930544,1175380,959847,1153633,1010876,437185,1158781,1183457,1045398,1153319,1023150,1146528,1010121,435637,444188,1094580,436679,461591,428426,451790,968339,429357,551801,1179236,932542,1008666,432181,915526,453239,415296,1136369,1043022,1105936,446237,444516,827813
998159,980401,1015599,1136625,1077414,933262,1032812,1153319,1092854,1163583,979123,1146157,906680,849199,1178768,654414,855355,855414,969867,1066738,1105936,1106193,1123861,932542,1183457,1094580,1106254,1152653,867562,1172443,1045398,1128995,974396,1175380,1175457,996923,953395,1141620,992343,467526,901307,1106054,441205,1066611,827813,1158781,946136,1168882,1172139,1192852,999828,1051054,1072132,1146305,525663,1185975,657219,1143070,1136723,1039056,1124590,778295,1139687,880200,972599,1086019,1164369,1121004,820135,1151350,1075485,1081424,1132293,1153633,1057802,1030285,1191981,951312,1098980,1084764,1040536,989355,935332,697568,239203,1069404,1067469,1110002,1121035,774624,1017144,1091701,613499,1094441,1029416,1094438,1073048,1064093,817687,1063108
259656,110590,126578,207041,342056,561341,94313,407293,757955,75768,1121138,257940,47800,649945,243387,300010,960503,1094444,626046,227785,1189275,807057,1153758,1136723,1175520,1153319,281509,394815,773318,897687,1192802,1169027,460933,1163583,1025481,1142754,1119449,1085937,868845,1077589,896992,1185790,1179003,1165771,379155,927280,589078,509403,945286,643103,733512,953395,923401,283160,1136625,911142,1043069,974396,1056164,169221,1185975,1048242,855378,836782,153221,1192852,1094438,1149420,404064,1105974,1008603,1162375,586410,959755,915885,710429,1114749,383461,1077414,1189358,994786,830131,1040803,471661,855355,1179236,596837,697568,1139773,979123,624598,849202,1040536,638205,1162218,992343,634815,679033,1124045,1133332
470404,487563,830123,1003857,624558,688037,1080310,807672,1146528,794072,626438,1136625,879350,446237,517849,1124590,820135,1184253,892344,1021933,1136617,453135,1094580,436679,786211,497063,867562,437185,430501,564260,1132293,439307,454329,1192934,972599,1164369,1075485,989355,1139641,172245,438187,434083,455700,1081424,444516,1063108,1106193,432181,1029416,444188,429357,1098980,1073048,1057802,439310,1189637,1084764,435637,1151350,451790,1110002,1155490,461591,863668,453239,863664,1001428,1157453,1121030,1035392,445211,1094624,1175587,1017144,1155773,1153633,426897,1105936,1091521,1010121,1136726,996934,1067469,1189545,968339,953581,1165572,923288,1100309,914005,937236,527622,756288,748491,559954,1124045,782373,1193059,895693,1015872
167015,86233,109375,996982,1175501,383419,807655,945073,1119468,613517,1162418,270979,1189613,995764,1159173,1189192,996740,1136728,1155757,352828,1027947,1168823,1189452,1031594,1035363,844494,840022,920624,839874,1159108,782184,1192710,643103,344928,561502,682229,1162182,1036596,734703,1074674,252105,732532,1175828,840045,850797,1162471,1179635,1170444,585834,894007,352840,1117862,870136,999282,646387,460319,1066642,937068,783524,644754,1192750,1168799,342748,275515,937167,1192876,1025389,1193202,1130230,788764,1139670,1165507,1192813,997046,868495,590348,1080440,895963,868466,333654,694636,765908,846552,914058,557480,887048,987877,972575,1015633,738148,793822,894333,1050926,876916,1124043,1136470,564430,166260,1152461,1125645
464522,471927,464555,452615,440443,450532,464560,461471,466517,475851,483112,468808,465346,484419,461450,455212,462595,449570,466139,472284,462217,473855,468814,444740,473039,452994,470730,467656,488984,451570,481092,470752,476257,440423,480680,454800,469547,476260,454487,468079,468448,472694,453032,475859,452298,466898,459530,460665,482312,478260,451578,462246,462613,472679,470764,465352,472687,461455,454450,449889,466131,472290,473854,447833,486903,460326,445779,454486,489762,458457,455228,466516,483984,467662,494894,462247,498783,450550,451242,437432,478218,445775,461089,466506,481098,475472,473428,454824,472693,478627,469186,468436,474240,475489,470365,490611,469599,479897,450222,479494
132827,350770,169536,12837,250663,240627,181923,232257,447628,314191,54773,45283,175016,115606,226059,88449,234943,192340,35523,132069,160646,111451,479265,37228,275763,170471,154913,34513,272773,119926,327313,569406,113815,135143,773947,161648,120564,193282,164883,479683,162176,239242,52626,203208,119296,137739,436607,514244,409521,73514,134103,58464,115952,180711,127471,87484,80424,105834,384606,339902,265983,261321,240826,131069,307274,174900,348003,311421,74060,239548,583300,84847,68904,250184,161325,279178,494651,76483,257170,390044,432758,84330,130234,163126,56661,142247,141863,357987,134175,165529,49758,57484,189654,81582,220181,403013,117702,47965,246826,324865
311364,1077781,985698,720763,1084535,887048,384988,1155794,1122555,933297,1100184,594331,902895,976977,1023015,970385,706459,640399,937068,620035,1100171,1149158,1130083,887162,1162167,838321,1150759,1100305,732543,935270,1045407,446467,1149409,630685,410577,410336,824977,1023210,274743,1159108,813284,1040490,852249,876729,1025224,876724,1111948,765875,1168865,436453,910361,843098,915903,307628,875135,641917,1091608,642324,440769,594332,972343,308221,790067,1142735,1115026,1133520,400827,1169130,1031499,1083077,838339,1026608,835284,1020614,1114790,941075,920477,1076168,887211,513632,994630,1163962,843027,876832,1048146,859460,1114916,584904,1106153,1192947,1159173,1050926,1048359,790146,797414,999339,1091703,809748,931189,665033
90750,470970,158201,294196,871713,921333,647175,1084764,289713,1132293,84330,1029416,786211,1110002,1098980,1075485,1073048,1153633,1081424,1164369,1067469,1063108,972599,1017144,1151350,1010121,454329,989355,937236,455700,426897,1057802,453239,439310,763955,748491,429357,438187,435637,444516,1192852,895693,559954,923433,439307,1143070,930544,446237,444188,892344,880190,436679,155131,445211,451790,437185,48339,1105936,1045469,1094624,430501,1165572,855355,1155773,979171,953581,428426,1124590,873542,863668,914005,1100185,99053,858636,863664,1136726,434083,1045398,226309,1100309,453135,1091521,1015872,1176513,452759,1040536,122117,124446,1179046,359170,461591,1155490,1106081,777170,1018058,1133501,996934,1189637,434342,1099962
769170,1076289,855355,441205,579139,1030285,786210,1136625,1153319,1108909,1189487,1091717,1051985,992343,1077791,643103,979123,1063900,1066738,541490,1064093,904756,1142988,943181,1048148,1167057,1032812,743575,1182507,1168882,1153758,1152319,1034780,1015599,428668,928106,799451,1069552,605654,1136723,1103123,1001332,471117,1023018,853998,970306,1133830,1127234,1192852,1106069,921333,1163583,923254,1043118,932542,935332,1163858,1115098,1130322,897542,767204,1146153,522826,652991,904879,990130,937294,876916,969867,923217,1172443,1091427,855346,1114829,906680,660713,1039056,1185975,731461,1162554,1146307,1094580,1159092,1169027,915923,644754,1152411,1136489,710429,1162273,1113631,1179013,888790,1175678,993567,1165231,735883,740224,1040536,652115
948735,605654,972614,839971,879729,873490,981326,957638,540973,514575,568541,1069445,471117,1175678,855346,983570,342021,1146305,1185885,1064193,568001,602114,1050836,657219,871801,844550,830778,1119370,568563,904936,1001500,1182663,737035,1145787,1152653,1077598,652115,1130436,1130235,1030183,979221,657497,838284,1159655,871703,987841,823570,613488,1108867,764733,767383,956932,894591,564421,890689,620771,846206,937106,245515,1117827,237920,684990,990235,1009669,389925,928776,778354,867562,1086047,1053450,241566,1117986,425522,1023018,492758,506809,493166,754010,239203,871743,817687,823490,1178960,1025324,773411,397699,1158747,613487,1186503,1060415,334008,1056174,1141229,1136434,287177,1094441,1113631,1106069,945173,714446
101644,137416,102012,108978,209775,164029,566363,120285,293002,425551,235308,214041,333222,75559,148932,311987,93321,140095,81507,420975,184160,166364,130267,152472,286255,147545,19466,64193,504774,172980,194453,288595,488636,119175,482098,182718,126312,157728,136206,192263,1043003,324055,176328,433916,1152398,191262,113135,688976,64903,50340,146010,496856,243402,351110,255123,348838,489904,172240,290473,669657,362501,47773,644698,594235,1086084,685536,501965,30046,276904,843333,1124045,1152528,1108729,815729,826391,439310,340145,446237,764788,786211,1001428,1191198,1029416,1075485,355155,1084764,1081424,461614,622432,1103131,1063108,1098980,989355,630723,504681,1110002,429357,435637,314441,1073048
725021,1136625,1103123,1105974,769674,1007771,1034780,1106254,861879,855355,1153319,979123,564260,1149420,1080412,1163583,1106193,1108729,820135,624598,897542,1066738,777916,441205,684141,968339,993567,972599,1175808,1185975,1183457,1124045,898799,1084764,1081424,1162453,1110002,1073048,1098980,1075485,1015599,1132293,1029416,1124590,1063108,1151350,1164369,794072,786211,989355,1169027,1057802,1155985,1153633,453135,898486,1119449,453239,979038,1121030,932542,1017144,1091717,439307,1045398,1152479,1067469,1010121,931597,1038065,437185,461591,444188,849244,435637,892344,429357,444516,548691,901307,1124352,451790,1105936,782373,647137,1037855,430501,434083,1155773,432181,1094580,455700,1158781,807672,438187,1175457,439310,1163858,827813,1165572
1147006,567516,1162345,1141620,1162352,1023150,1149420,981396,1069478,897542,1010791,1136625,1108729,1012204,1139773,1179252,820667,1025406,1115098,1152319,834666,830700,923465,1108795,597479,441205,647137,813376,979123,1045469,718737,1094397,1040536,1146528,1051010,1162273,612074,989977,624598,935332,538305,867562,1097494,855355,556538,1149031,1189557,1136431,607772,410298,688606,976995,1050836,1030481,609893,1037855,964372,548691,1186042,1046839,293948,1136424,935132,1045452,858590,1169027,810573,1040493,1136728,955504,1189734,761101,1165474,1162453,1179046,767204,1177682,1149264,1155610,968169,1185677,1100126,1103123,1160097,1127096,1094290,444279,390951,992624,1136470,985501,1191153,908381,1066738,1192852,1142667,1149105,1187232,1130235,988686
1009371,867562,1024961,1152411,969867,707186,855426,549583,1158850,1152716,1069577,1141620,1014468,1040803,1069471,1083387,1178768,827813,974296,979123,1121829,823541,441205,1114795,1094580,1179046,1192802,947077,1123861,1185660,1106193,767204,1072132,1069404,1112339,1106080,898799,1182464,979038,1193153,1136625,651177,1136723,790157,855355,1159092,1172736,1113631,1100358,1192852,968169,1091427,1035134,1139641,972599,927205,981396,790107,1189275,1035357,1094290,1127096,1163583,1130230,389925,1111891,1152569,992343,1106254,1023150,1192597,1010791,1032886,932542,945215,1185749,1108729,1013459,927219,933234,652991,1032890,824892,1131956,1183457,755246,1173741,983417,1152453,1108909,876916,446729,1136369,1081424,1164369,1185975,1172443,1132293,1063108,674898
612832,870260,890603,586181,1013227,422280,1019660,769674,1108729,1136476,846104,1178834,899527,1139710,1169045,1139922,1182702,643103,612060,564421,1106069,855346,1083267,1091717,1048242,979221,1185956,1186148,1059008,652115,1191154,441205,956932,1152479,1130383,927304,506809,1156149,826432,1172199,1121829,1175380,1066727,949215,1100126,1180290,1097534,990294,895714,795425,833837,1130436,786210,767383,806340,799451,862000,1155985,1175678,972472,1185783,1066711,1133530,624598,494870,690842,1045469,906757,1091366,467700,1091614,1007067,970306,645564,1136454,1039056,1146305,996863,466508,898799,1189206,1158798,714446,866893,1025324,959680,1183457,871801,568001,774624,923254,915923,883713,849199,941087,1139773,983570,1163583,1162345,945214
486663,1094956,797996,807273,1026244,875214,778295,1037891,999828,1085746,1136237,1085997,1033775,467526,530623,1043745,536555,1037780,931158,1175387,1188777,1001518,1167571,961316,304013,1175355,1170730,1097249,734958,654414,1025178,1168882,353710,1175810,1182506,545496,891856,844605,1076526,1162524,1134480,419577,665921,902033,853843,1145777,347564,1155440,902882,981657,790179,773584,1003880,1168643,1001873,1003861,1148903,1148658,790085,876139,1189118,887684,1183469,617093,678534,758770,1037873,846027,527139,823454,985626,1003654,581202,1088557,1069202,1128995,568001,1128091,1182205,931160,1028871,1169107,1040254,1076119,902931,878464,1058665,1097347,1083266,1091717,783909,1064100,1081697,1168676,697600,1103193,1136517,718634,1023699,803562
253134,498984,37472,227243,306708,460469,266674,135025,401278,205952,156279,465852,91683,378879,180266,512452,240702,198058,494949,392450,294196,777170,653998,234706,794072,1102030,167063,336820,202030,404788,983417,182022,409723,502022,295040,424940,84093,53423,826524,770809,952290,243068,530218,945248,586452,1124045,205387,333987,241280,311168,1077554,180713,48339,496217,405082,765897,968312,824945,1146528,894021,705657,1025447,152788,155478,646511,165680,397291,668561,475605,713030,119319,146438,429357,345409,1108795,357130,798283,604842,930544,232046,1094580,430501,435637,278332,374159,438187,1100309,781187,226539,439310,454329,439307,580042,1081424,154515,297368,446237,1029416,1155490,1133501
446221,490343,454212,871399,923888,757081,849580,790563,883057,1021105,561669,775152,1152595,889200,696993,1030285,924642,1033710,946136,855355,879598,326324,997693,534082,1170851,981751,891189,825498,639466,932542,1072943,1165888,878562,785256,522616,995616,1015599,1091608,1125881,1014468,1185911,966729,1190588,1057395,1165820,979123,934574,1039056,1064093,1073147,855426,684027,819930,1074669,969867,1081582,847053,786746,502977,1164470,491676,1172736,938329,1028941,824892,807871,771574,808116,867562,821051,819240,764289,864074,1032812,620771,464290,392451,1091427,843837,1167643,813818,817701,923217,875200,1152679,420666,856144,1133501,1176513,912726,1041450,1130230,1066738,923288,1172161,1049308,1096262,1143986,712700,818190
108976,1162418,730868,580571,762954,1086068,888824,677669,592704,445753,868466,783458,761828,1173921,438092,915916,972620,196500,796259,1192936,888730,649647,914058,813453,704505,895700,620733,777067,624548,1172302,1130233,1162299,1183017,1119468,1133223,398494,943211,887195,931293,868495,884117,611375,1058689,1146312,976849,1175808,630723,1020758,1091614,1189565,620748,937167,706958,873542,770888,1064093,637121,1190008,1162471,897563,422576,1026608,1145918,874534,1165505,751707,671223,270979,794662,963115,1124044,870136,799419,1043129,826351,1185930,902072,324980,154895,906630,1175648,687911,996982,592634,1165231,794071,850797,923370,942122,1130083,1193202,1006192,1142827,897655,446467,996794,652117,817701,1149409,719733
665869,1010812,1182372,983390,1088591,961768,288185,887162,1139809,1185675,1115005,1193202,983522,1148963,1008482,829223,1088968,1109021,1024534,1091603,1149068,1048146,592704,1035212,943117,549583,1189387,935263,1165421,1013145,1142730,1100042,1060415,1170517,1136369,1055996,1175848,1014468,880200,870219,1152595,1020758,1152487,981150,829266,976764,1172066,1152461,1120903,1025406,1149058,1155841,830737,1142667,1064093,308221,957505,983439,839991,981229,1111676,1133830,1025199,1061302,1100258,1111876,1193058,1155757,970385,1072222,979044,1100166,875200,1015922,972555,844458,871720,1185676,1103128,1027722,1189237,794072,867562,1145918,1088581,876916,765875,1114790,961736,979115,947262,1113631,640399,1069445,1165346,855426,1128672,1142681,1158785,953504
1059962,826391,1124045,1106254,1123861,613499,867562,1133501,1185975,1136625,1066738,647149,996923,827813,981396,1030285,577319,1108795,794072,1193137,1008505,1152653,931597,901307,946136,409723,849199,777170,1105936,1045398,979123,885139,1094438,1182535,1014468,759954,1163583,765897,945248,778350,441205,1183457,904954,1127894,1098980,239203,1073048,1084764,1063108,1124590,1029416,1110002,882033,972420,1081424,972599,1133295,1077554,439307,1069471,826524,1164369,1132293,392450,404788,438187,972620,1136723,1075485,1139710,867421,1001428,1007771,1146528,455700,964097,1057802,1017144,1151350,1153633,548691,1102030,923288,1175380,1066727,1175457,1010121,876762,1067469,237920,766387,1168786,786211,430501,915885,923465,453239,1149961,989355,454329
389814,775703,899048,683137,758411,684098,1108655,873208,913683,1094547,807513,739072,1091677,515996,1152411,724728,1185998,983417,1063466,387438,1000925,1165231,832119,1091592,931472,906672,720499,953402,590717,852149,1001486,937203,1159236,975654,1108667,1136313,875006,1074558,829150,660232,398494,742436,904515,977898,1034780,1083212,1047535,814525,380264,1008635,1192802,838051,1179307,814805,1030253,1186157,885476,473773,788554,1118231,1081795,1077761,1158850,1037910,799215,875003,866517,766897,892433,1066611,875287,1152569,890577,810506,949986,1114795,1023131,870202,912083,995813,838908,1035395,943309,1115146,975106,1089914,1006315,801038,886638,831483,1175449,1003936,1193153,1013459,465964,387678,924512,1020706,928826,1003919
104353,243206,371308,346248,178653,248068,246567,84460,100540,83175,191491,517587,61258,235219,104242,89753,883373,351674,292100,923252,72253,22166,621756,279064,198510,165950,108773,59318,234691,196138,182591,855414,972599,195926,906680,122737,160952,236081,570266,1163583,1098980,108313,223044,1063108,1164369,1110002,1073048,1081424,1045398,1132293,613499,968339,1084764,439307,1057802,1075485,901307,1151350,229786,786211,455700,1067469,1172139,1029416,426897,445211,436679,1183457,438187,1153633,1010121,1094580,782373,430501,429357,989355,454329,1146528,923288,1017144,444516,1124590,439310,453239,435637,101643,1001428,446237,1175457,453135,755959,850076,451790,960330,444188,1105936,1136625,819530,972420,1097586
985922,694614,895888,1189687,939175,867421,908372,1112044,1013447,1159177,1182518,1185702,999352,1186148,1133489,999237,868436,617297,878005,938164,957638,652115,1106069,928106,1083267,1074969,586181,943522,1071976,915885,1059008,632974,1039056,1185783,1030327,892350,1015708,1053596,750523,943181,895700,1020498,478219,836884,564421,249283,1130383,1172433,915923,1091644,968290,938167,843788,1139687,1063992,1159124,978949,1019660,688819,890567,1133530,1015852,466508,1179252,1030285,1149378,802099,942122,906757,987834,1158984,1008428,727030,1169045,1180290,1182702,1025324,1121069,1086194,855346,523797,767383,711440,964656,853768,671249,1066622,774624,799451,1048242,914103,992343,822065,1170517,620771,1162554,904879,1172182,981196,923407
135607,62910,237555,207671,164426,199337,73528,363745,92768,20055,196550,50887,262024,177656,502827,95545,576615,228579,124594,218860,85804,309540,72218,321377,123733,518773,173491,227580,179466,473951,250990,369822,95792,169509,80113,144449,194289,275763,92506,374398,173375,268891,175934,152786,1074762,74510,47828,820135,561694,172443,80137,979054,347332,855355,1018058,346953,158054,217918,52721,155321,1136625,133599,223046,736332,564260,89445,1127178,253500,1045398,1146157,972599,285821,1105936,175292,863668,109703,863664,428031,1164369,968339,979123,86425,173751,1081424,786211,1029416,1151350,1098980,1084764,245146,1073048,1063108,445211,1132293,240826,233585,1057802,99872,312445,1193059
696423,655295,678437,622958,1091320,1116400,1126893,1113312,983484,1156149,441205,1153319,914103,1094441,865535,935643,994723,1091512,979123,968169,1155683,985618,786210,1136434,1159092,1182338,703498,924263,1152319,1175446,1100278,1078759,1189275,778414,1066611,943181,981396,1066738,1117897,956932,1039056,991129,1129256,401612,524350,1097739,1007067,887955,1043069,653433,1037865,331297,1175323,1159009,1018250,1102885,1141620,1189335,1106019,1136723,830778,1025310,987954,1001508,1076289,1097494,1163583,717623,1172182,605654,1159111,1035430,1182692,1111673,933262,1069177,1145777,1032812,1085937,493240,1163953,992358,1130235,1168882,1189311,819556,1052421,777102,855355,1155838,964132,1182663,1077414,1178960,822174,767383,1146157,1118629,1135489,652115
568553,1130333,568533,835361,1139834,685914,1152603,931184,1097265,983390,1165544,1037931,1114742,1103128,1182372,832215,937095,819220,1088591,1091393,1165759,830843,1130307,1008551,949129,1023015,1020673,830857,1112113,1139506,1097234,627592,1127239,1069589,1003712,1114855,1077629,1192701,994705,1130465,1142667,899388,951217,802084,1028023,1100171,1182512,1172318,691607,871905,842994,1139841,1182237,805014,994585,929461,1066566,981366,1020625,1006154,987701,1139785,715488,987968,1162320,1165619,1040265,897565,1003689,1172473,890588,1030380,1162509,1111698,1192754,1103312,583619,593378,791416,1136369,912012,705540,1146290,1148940,832343,972578,773388,764835,1048359,852249,1008641,908364,640399,751699,661484,1094631,1189632,1015849,1003673,1172527
1023737,441205,1136625,897542,362735,968169,399622,1040536,1108795,1027722,981396,1141620,770026,750694,927304,1099985,1040803,979123,1100126,994717,1136723,855355,459291,965999,1108729,846104,1149264,858550,908381,1139773,1162341,1159092,835333,238627,1001508,1030285,1093423,1127096,823570,1152479,1094290,923350,1149961,1153758,1162453,1120892,1045469,1172182,993567,1003802,1184010,1127530,737368,767383,1010791,981326,1066662,1152653,1113631,1040493,436818,1142730,785411,1149420,1179046,681934,504113,928106,1163583,929440,1056164,703498,794072,1192852,1152642,756394,1178960,1128352,1179252,1084166,549583,624598,1074819,581982,611538,1146305,784833,1186148,1189275,1086152,1148472,807602,345380,1032812,1169027,870159,1179163,1146664,316831,700497
97146,1175380,1030285,1183457,901307,888790,1105936,906680,923288,972420,1175457,894108,849199,1045398,925437,1143070,1172139,303188,1067469,1130230,960330,1164369,930544,1146136,1081424,1150170,1110002,1063108,1151350,1124590,1098980,177324,1153633,1106254,1132293,1057802,1143008,1171969,1099962,1073048,1029416,338681,1075485,882033,989355,1017144,932542,1100303,1162375,1084764,1001428,1010121,239203,434342,452759,824945,1146157,441959,1189637,1124352,786211,1176513,1182535,1163583,625320,1172161,782373,423925,1100185,437185,1015872,1020583,455700,488554,454329,444516,1091521,445211,541967,1097586,644778,1193059,446237,438187,979171,731489,1165572,1101762,636145,1094368,1155773,1106048,798068,432181,444188,1106193,439307,453239,436679,435637
1122290,1030285,1021105,1039056,904936,1118096,858696,932542,867562,855355,441205,1064093,1146028,1146305,1025265,1023131,1055043,1139687,979123,1149152,969867,1153319,1032812,1056174,1163583,946136,1045469,1121530,681934,1051000,1111839,1179046,1001500,929355,794072,1136625,1056164,849199,657219,1010876,1080289,937106,1106069,1183457,1133501,1182507,1115098,1159655,768334,1185885,1152653,1121829,389925,1124590,830880,1015599,1057802,647137,1006175,1073048,1029416,1105936,869192,987841,901307,1164369,955504,1132293,1149116,895714,1081424,1151350,1182464,549583,935263,1075485,1110002,972599,1084764,989355,923465,846206,802099,1063108,1010859,813303,1180290,627241,1149264,1098980,823490,786210,1094580,1146528,1152507,1069404,927359,613488,1185677,1001508
859321,739858,524884,1179252,1152479,1077454,897542,549583,723853,1159092,1136625,556045,1037855,520098,763964,968169,1136369,908381,981396,1071935,748122,1158798,939303,1088829,261049,935332,1162341,1018055,548691,986515,993567,1024534,1105045,807672,983522,1168717,966242,965999,1189734,1185677,1192852,976764,1141620,1103134,1099985,981371,1066738,1148963,1172443,1185712,822174,1108729,424135,970306,1010791,1159111,981166,1030285,1023150,980401,624598,981144,612074,855355,901103,1084166,992343,875200,987722,1128672,899358,992383,749493,1102908,1139710,935132,1069471,1074819,961711,609893,830700,1172460,1186042,912168,928106,1097494,927304,441205,1045469,981272,1080520,981229,1192754,1059008,250111,1113631,923252,1069404,1040536,1097536
471565,324435,968524,405198,632469,868778,373349,268635,831036,372364,422330,955940,591607,746414,837074,616151,299318,362776,511251,474066,252660,797001,790899,1055157,853206,124384,197244,319986,797420,482149,382348,858904,550841,515640,507333,91107,508514,389472,662009,382803,326371,1177519,1121829,234714,367597,1139525,631603,822327,365819,604544,460519,399105,392503,342429,352937,767430,1192852,1030285,923433,446954,169831,1040536,876916,691849,923217,1179252,766730,1115098,321454,1089707,535679,1108729,939629,772594,247720,201397,1165723,992343,861173,1008666,235467,349855,993273,434571,549583,476864,1124098,1136489,1121148,1193100,193728,344594,204047,415099,979123,855355,1115479,478692,498950,918240
979723,875633,586956,989113,954254,725279,1040803,604695,963546,1171971,757878,1043968,859000,1189453,979123,957252,962218,1141620,206830,811424,1159221,1136617,882444,253683,837173,789954,1169027,768928,1136625,876903,660713,1110616,1109969,981396,926376,1162162,994659,1096274,441205,706164,1056941,1065547,1094290,584012,815110,1042459,987722,890577,612074,975976,733868,1162287,1104699,1021956,1010791,680542,1100004,1094438,1139773,765468,649083,1165474,1060794,995367,1043069,1131210,536238,1000839,1166714,481196,1042748,1050813,1120987,1124650,923465,605974,1106019,981166,867562,765073,1001507,1162345,968169,1192852,632503,1076544,807057,1023150,1029778,1179046,1066738,1116419,1069177,1018250,1078671,827991,855242,1146012,1040300,894380
293760,224127,302595,212053,573032,229081,827813,740663,1153319,1153758,315854,1121035,319086,1150599,1185975,1133501,1136723,721712,1106254,1165474,319564,867562,1015599,277097,1078759,168182,546596,959494,417355,1133332,855385,1136625,1010791,1064100,1152411,1017352,1072045,1124045,1023150,800397,897733,923465,995764,1169027,945248,1178768,758786,1163583,1172443,1193153,1162524,898799,927280,1035134,1108729,764289,694761,624558,795636,1061522,1125645,927205,701593,1069471,441205,823026,1146157,1094444,858701,1072132,1094580,775612,1111891,1189734,1066611,855355,996923,726206,1066738,710429,1105936,739709,855414,879828,1017046,737035,330425,973864,1175105,1123861,635650,1086019,1127178,1083729,1045398,1040254,972599,947077,1102220,957509
213922,112024,251062,206111,332379,1045469,1030285,981396,423191,897542,1040255,979123,612074,1152479,1185911,923288,268543,446237,951312,1165820,1040536,1179252,1099962,1124045,445211,430501,1010791,1179046,1172139,910361,1081424,1029416,923465,1164369,892344,1132293,1124590,426897,992343,1151350,786211,439310,1003802,1063108,1057802,960330,1152487,1110002,1182464,824977,436679,1073048,536238,429357,451790,1075485,1084764,435637,989355,804849,1017144,1098980,1010121,979171,1105936,935332,444516,444188,1066668,906680,453239,1163583,455700,1153633,624598,901307,1045398,921333,437185,1183457,718613,438187,439307,1067469,1008666,618641,1109051,972599,855355,1146528,454329,461591,428426,453135,1143008,1192852,1023150,957747,1121276,1155773
136067,155592,117486,1142828,211720,981161,384737,816217,1123971,868436,942122,1091394,1152550,617100,947267,937097,863588,853835,1180290,885405,1124044,880328,1114817,1152522,676740,735871,540973,1130446,1064146,481913,943181,1035347,1172302,282600,714446,630723,684990,1121132,1035478,568001,1109857,1013392,1125573,850978,1165723,488546,1100258,1121052,1175678,244562,903068,669506,1152509,943522,1112119,652991,974396,735796,1058663,1020758,1003934,1145918,915923,835360,1165845,1175486,449556,1133489,1008584,644754,497890,795425,642324,1022940,580571,707457,589407,1139687,1147542,1159124,985593,968290,794004,768363,897776,1124352,943076,1159177,1189387,1162554,796259,937294,1175580,620771,1087320,819147,981336,355127,1100303,734703
15436,13023,300581,489688,788554,820227,717119,483221,831942,14124,159128,770704,45567,786943,174190,152313,883204,821839,907933,910768,1045064,120745,919683,457176,876680,249266,1096754,650209,454594,1174861,730255,957177,635412,823319,1158922,861565,893902,1149051,677055,988127,160121,1140430,897776,1133406,904390,722725,758771,1094089,849001,1008349,853552,1103554,1094580,1171817,737835,588256,876569,923365,755246,687696,463118,1109326,1023210,773573,433004,253649,1127894,766873,936858,499850,1126438,319381,808727,705178,1109543,494235,239203,281938,193798,749166,1055745,1122597,817301,800633,297851,1185975,852250,531190,925437,972420,1017352,1143070,883373,774250,867562,1001428,901307,326592,488501,859886
916620,1066611,1051985,1066727,1091592,745175,234485,623133,331297,714446,788811,1156149,804660,1121779,949282,956932,1025536,973799,879828,1103127,894591,532178,786210,954784,1063466,1193111,979221,650530,1144509,223422,864554,908372,666447,807567,642355,730255,744424,823026,1192966,579729,680298,899527,1185783,1123861,601398,1064202,739709,946136,902931,830863,1182702,850155,613488,1006175,826366,1025310,1074904,1163858,1192976,387678,740228,1094547,1136417,510488,990369,183587,1182663,1130235,955146,1053416,921502,419364,421246,881946,863588,498354,760985,915763,817301,907794,950927,1152653,835333,1039056,533668,841128,374574,1124105,605654,1149359,740450,1114913,924512,761111,839971,471117,1042026,830501,1136723,972614
557881,738493,206040,333919,822360,1139773,979123,166633,1040536,1100126,1136625,441205,1136617,246403,1059008,1189275,271679,635811,855355,1002902,1192802,364408,1178960,179835,1108729,916512,352318,1032812,612074,1149420,774624,1146157,1142988,1163583,1100278,1035395,444538,930544,328047,943181,871801,964132,1158781,1106069,1162341,1149264,1192852,522478,472994,1128633,1136434,493822,1175491,484264,556459,827800,519498,767204,1030285,981326,892039,935332,1120892,1182494,1185975,1179236,1086152,1133387,1043022,521032,812213,1146305,897687,473227,767383,1127234,928106,1182302,1141132,1048242,1094441,1106054,968169,1106193,1189311,1094580,1152653,1149116,564570,1179070,1008666,1127249,786210,644778,1141620,996727,820135,1136723,1035396,849199
1132575,968169,855355,935332,1159092,993567,1045469,1185705,612074,1105045,1040536,1113631,1141620,865124,981396,786210,624598,1167057,1066738,1056164,935132,1069478,1010791,1126893,1172139,1192852,982827,987722,1030285,467700,979123,1050836,549583,923465,855506,595906,981166,1094441,1023150,1047978,1189420,899358,992343,767204,1185677,1015599,1130326,647137,1136625,1077791,1136369,1097494,494870,660713,1189484,964372,807057,1115098,1108729,761101,897542,979171,1059008,855426,1010876,1149420,1179046,855346,1152595,466508,810573,609893,1136434,1071935,1152319,1064093,1158781,535679,1108795,908381,923217,1182458,1015568,985502,996923,935263,1155610,1103255,967863,1019279,1121530,994717,1008584,1001508,867562,871801,1020491,778350,1035241,1025265
763577,763535,964059,921512,740291,740275,1074917,739202,763602,1015770,853998,1040444,833837,964070,915953,1109105,1077627,964017,568563,943076,871818,740302,1149228,1061470,1083347,1037937,734722,928106,1182663,921508,633753,915810,1149137,841577,763579,1066908,1015619,943181,1045763,871743,445597,927470,1018010,684990,1123962,1110332,471117,1112005,1179146,986654,472662,540973,1064216,904984,1072193,849996,1038102,995813,778418,1035395,1142910,1048153,711440,1030486,1061535,921311,1035237,1030500,839971,1094460,1015873,1050796,794684,885476,568001,943522,792728,1062738,368961,1080456,1003895,961986,1083267,853784,959624,750587,1083070,917721,1155863,762315,673973,1032712,1064239,749301,1149032,1061558,775967,1175796,568541,735796
768299,582728,1016303,1074497,583412,816647,753263,531954,494295,1173888,591855,549255,662016,673644,975649,1157788,842163,929029,411347,830611,787730,844354,1030476,804028,1052747,1127749,432726,799024,358622,81184,589260,357791,220148,845402,1035430,306708,498423,927124,304108,279213,1126408,1132137,718472,932084,504729,1189357,1098791,1122949,1163843,866426,381077,289357,1172993,334770,1087184,819530,498115,458062,862895,1142458,390941,563666,692724,120409,1031339,1078616,322124,969867,365880,1162341,961772,1184010,1077617,909025,637169,786967,978015,897542,1021452,870233,440037,379147,796791,1146028,406015,467853,1002003,441205,534965,1146137,484196,586181,888473,376107,227243,1074762,197065,1106261,671634,485493
127241,45330,131796,94853,166008,307104,168236,88643,73497,127598,249052,239999,178301,326651,461613,305832,428101,239848,96577,156148,189413,273818,58969,150718,149913,283076,163285,24953,72553,240287,258886,350916,38632,200743,334032,196524,467848,177427,168239,348372,305161,175366,345591,81885,237474,131064,310987,199151,512834,360010,116988,145803,407581,178324,351571,327943,306287,527931,364798,183819,49168,215625,468209,780312,305368,553020,261396,76212,137090,105148,231533,325859,186764,69395,267169,92885,70100,132768,743861,316453,281737,236480,424731,215106,52699,58808,402771,65960,301467,285195,176997,284437,549139,148958,120666,208593,86843,128809,308671,24324
729079,1069552,1136723,555671,380194,1032812,467997,381814,1105361,1183903,747285,1151768,607729,855355,1094377,506518,1033294,955684,1154929,1099985,1181093,1104445,1136939,1047613,746791,545951,1129575,869548,324947,946789,1015884,914103,1151621,456564,1057067,1013459,576092,871798,1100140,1083658,1047294,1030285,759104,560811,498354,1165888,1156702,1019260,969867,1190308,1145954,709200,1108729,1004569,1088953,1106590,1192802,658435,887700,734582,862895,981396,469875,1135752,1136434,987722,1185965,1074770,983484,1146006,1100126,973220,817318,1046565,1015599,1153525,839971,435284,1126836,1125470,541241,692354,1155363,1189275,1074450,1032227,1021105,905983,689155,478418,1020766,1030280,605654,503801,1175491,938979,1127096,1012170,465527,983417
379791,746942,570831,862016,431346,858719,1168035,604217,578620,871836,882074,947263,855409,769591,1066602,1032863,1186076,1114796,1139876,959649,1182692,1022987,1106019,850796,1042895,514094,448813,908452,803457,1069408,1066927,939306,1136438,979937,811920,763498,1114917,1097469,1061379,1172188,914030,1149269,1109077,1121073,844625,927260,970233,1038024,773318,905510,1064118,1121288,1097435,1032850,1083179,894174,893965,945253,915897,957770,985460,1001568,1152642,742555,1189662,955430,1168904,489809,670359,1035268,1006219,878580,773386,955554,1091519,1003744,1035185,1030375,1172241,1145784,743632,762320,1158963,1005981,1142840,1111673,885382,605640,820608,1074970,1159111,1086140,1017974,755239,780929,1189482,849116,1038021,1025291,1010794
284592,138731,1133501,867562,855426,1121035,1124044,991204,1162375,1125645,1163583,538217,927359,945212,1165474,1098879,898799,1045398,929335,1118134,1106254,1120892,838300,968339,1124045,1124590,930544,1115098,1105936,1078305,901307,1165742,710429,1094580,1108729,1183457,441205,972599,1172161,1113631,1175457,1110002,1186042,1073048,1098980,1164369,1023150,1063108,618641,932542,1084764,849199,624598,1132293,1081424,1010791,1075485,1121829,1001428,915977,1106054,1029416,1151350,1153633,1143070,1057802,1173921,1067469,989355,915923,1030285,1192852,1069471,1024961,1017144,1010121,1139641,979038,1094444,892344,897563,1045452,786211,1003936,1094438,1136625,1134839,1172443,945214,1117827,392451,1191198,1015599,1133332,953395,873542,1139687,1193059,1169027,1130230
290926,503245,170077,181950,224119,160908,245852,408179,208158,228819,370699,278653,192835,216159,407622,216490,159485,369020,246748,259571,272562,241928,123246,406183,215082,155740,214466,480787,238188,303573,103177,545989,135143,169161,250833,205334,165024,102039,420366,231685,279665,102593,367140,412375,518084,163126,305450,192180,193420,189359,1136625,181826,443922,518682,687267,186234,965999,211285,930544,289358,192308,157883,346367,196570,266215,146854,94791,444158,131559,1152479,146944,144412,364892,349814,1139710,149450,195873,346226,410916,378738,330574,159446,1106193,215255,312026,196248,103652,1185975,144511,310585,201924,189654,364208,256520,198610,198508,105586,445211,460084,377331
1040421,1040430,1037886,1186149,488135,1185763,1186001,475026,826416,1056106,826410,849325,1175719,1165849,974767,1084550,848315,806301,547935,1178883,1152954,1185783,368961,1162472,1186144,1127162,849155,857119,990290,1172268,1182265,612090,1030160,799298,1083385,510488,775967,553503,1177735,623133,1145880,1182663,568563,1155851,1064206,540978,1152273,652968,716032,949282,652091,1189261,446458,987834,1030486,959624,1085994,334008,921512,819219,544661,964017,1133572,1085975,1124056,699519,921451,1119911,1103354,724911,1040283,839971,1085865,1061583,456672,1094437,1182611,1027944,803541,1094270,467661,1064205,1021771,1018100,1035237,1121782,1069545,609907,963866,1039056,904916,782106,1182309,1113385,800836,1182509,959767,890638,407399,1179704
353147,331576,1192916,1072132,1121829,979038,827813,1172443,656397,1123861,1069471,932542,1111891,947077,1193153,934909,1106254,654414,353710,1158850,919287,1073911,1139641,1069404,1121195,1185975,1015607,898799,959847,1020997,927205,1023131,1124352,1128270,855089,867562,1094580,1159236,323694,811790,724728,903048,832119,1103134,1047535,1066611,974964,964097,1118017,1097536,1136625,996923,879828,841513,849199,1106193,1101762,1054721,758411,620558,785329,873208,1163858,1139936,1127306,823563,1149400,968339,1050843,1115146,704192,1066738,1185749,1004345,1183457,972599,824656,1175373,1163583,937357,749399,755246,901307,1146305,979123,491768,1105936,1136723,1165742,239203,946136,657219,1178768,908706,1124590,237920,855426,410248,1145777,1192802
86026,97240,35476,873325,991991,852149,869983,552846,1179154,957648,853552,883204,817431,646259,713300,438055,906672,711325,737835,741288,957177,759822,775765,508633,708301,665921,902774,768191,865259,503539,723831,826254,804849,792674,873319,1077007,904390,766959,800633,992394,883854,804638,1040254,1165355,1100118,904564,885135,820227,901102,1172488,959755,831942,897431,846103,800749,1136517,658102,1088829,743658,776996,861565,1155838,1038065,264772,904893,1037351,859886,1034780,830501,739072,919571,870208,721568,1000891,876470,950756,1072624,906646,1066738,875006,743414,860015,1048122,781881,1158984,897559,823319,1056164,1023163,722725,934909,823575,1008303,440521,861709,823454,772084,133336,829150,925318
16467,359416,15959,74602,268076,59019,286718,516244,39700,356420,701698,115624,71655,319020,143563,111959,61703,44928,3676,4560,82367,186093,10932,121890,27361,96012,129113,266560,11162,20153,71424,751299,15213,3827,36574,64347,111986,17485,248620,194212,80363,41050,21081,72572,385774,2179,1026716,83447,161252,59181,12257,121734,249233,78366,8563,229770,107878,9876,5528,72753,121068,255577,206404,123417,39583,229200,1172868,72521,28463,90640,275230,44044,484264,43686,12307,565273,71659,39511,61845,552705,1187220,461692,65842,362364,16373,12643,59678,855414,227066,26288,10539,105897,147954,201368,554005,801493,102371,904892,1025997,23809
859524,1001508,1016383,467700,548691,1136431,947674,955529,887911,1019660,466508,1187301,1050836,846206,823490,1097536,1159655,873490,1130235,982827,987841,1172139,1099963,937106,1172275,929449,1069411,988854,647137,1146305,310427,855355,1029778,990235,1019279,1049097,1058782,1117986,778350,1026535,1185885,1001332,1066662,1083267,1045394,894591,287177,979171,1001500,927304,470371,1043118,1158798,1186048,1168792,620771,1172161,1180290,1185708,1121306,608178,1030285,1165231,1064193,525663,1139687,1035189,830778,1099962,1040536,906680,905941,1118268,1163583,858446,633213,638849,935332,635471,1155610,931455,1069445,1069404,1124590,657219,1056174,953395,786210,1178768,1035241,901103,871801,897563,1094441,1106069,992343,974396,932542,1117969,1010859
18938,14721,6179,22616,45185,11965,10128,19373,11518,15481,72360,4309,2193,18657,9754,27935,21892,46201,15292,15687,27993,48998,91952,9623,16219,16840,1467,30537,15668,247533,27690,61052,6938,37879,6652,44760,124390,6016,12152,115828,16997,56860,35560,51668,13028,2321,129664,19402,1535,49268,27692,7119,13394,26497,28570,11159,16516,22829,5967,26489,322256,54348,81622,146425,26778,158506,139294,32218,44711,90324,1177183,17908,41501,89682,290474,58212,389018,71510,14204,112174,85487,70993,68268,80672,70608,52640,57621,164054,522049,3333,18901,43294,887195,402634,880190,838386,425090,61611,904892,21597
1036665,990235,1159092,1069478,1158798,929355,1136431,1152479,1130383,897542,1141620,968169,767204,1130436,441205,750694,756385,1050836,564421,1094290,1162273,1045469,979123,1048242,1149420,1178768,1185885,927304,624598,549583,928106,1115098,1117969,1064093,881946,505827,981396,510057,987841,1136625,993567,1163583,937106,1037855,612074,1139687,1172275,1146305,1179046,899527,1001508,1030285,855355,1149152,1106069,1189275,1051000,917298,908381,1100126,1010859,1018055,846206,657285,981166,1069404,1159655,492758,796791,1130235,906757,1091717,643103,871801,858696,983570,979171,1097080,987722,1108729,1040803,1094397,846104,1094441,1121829,1136434,1035189,1117986,855346,1025406,1139710,1055971,494870,1053490,813376,1099962,817711,1172443,1153319,1185975
302944,84385,1185975,409723,777170,765897,1106254,826524,1146528,1077554,1099962,392450,1081424,849199,901307,1132293,1029416,1124590,1105936,1151350,1164369,1075485,404788,1017144,1192852,1010121,1110002,1163583,1084764,1183457,1063108,1098980,1153633,972599,175665,1057802,1073048,989355,786211,1067469,446237,424940,1175380,1172161,1045469,1045398,921333,429357,972420,1133501,992343,1030285,755246,923288,1136625,437185,435637,778350,647175,451790,996923,426897,444188,453239,461591,439310,338681,782373,445211,1152653,428426,1178768,430501,620771,1001500,143902,444516,1165572,454329,1175457,432181,894108,436679,1133498,968158,1182464,1146305,1001428,438187,453135,434083,930544,1143144,979171,1180290,1193059,932542,455700,1155773,1108729
