326,16129,20858,12685,22578,18176,2038,16347,10497,19437,6843,17512,7269,8641,14518,673,7303,11187,17451,21208,18485,7707,20617,10968,21244,24083,22676,8382,623,14064,10134,1180,5594,2871,14369,7696,11451,16900,9673,2807,24510,10656,5338,500,5008,6884,6565,14910,12092,273,11996,20566,18594,7585,1437,24326,1497,18199,4824,22114,17958,15451,24074,22694,16288,21734,9849,6732,7834,22790,14133,5657,7640,14984,15152,6520,22128,1121,756,5564,23013,19664,19825,15727,15382,10534,437,9343,773,3160,24049,23837,19787,15532,5676,1042,20946,22990,14930,23737
5609,5714,6354,14447,10633,6717,6775,3843,17420,3642,22247,9966,196,7651,14595,9137,5468,12760,12462,908,11420,2971,1907,16055,8741,20019,3085,23723,18908,12213,8249,8871,17381,22022,17696,18336,19962,20380,20302,16390,24584,10322,10281,20886,11020,3608,11059,15359,786,19943,603,7242,22408,8031,21706,18224,24880,10421,8312,16940,4771,13963,16935,3478,4191,14358,24236,598,20959,1015,17706,6784,2371,5740,10620,5636,19300,10295,9201,2533,10910,6282,12808,8458,11030,15068,21353,8940,2422,5620,13622,10064,3268,18246,306,2700,19007,21692,8846,7112
23139,22490,17162,12326,20314,1846,6143,14364,1952,14009,5484,23176,22026,3276,7099,8715,16455,20506,6600,24180,17740,1523,6377,13552,8268,4190,18257,11949,4497,22076,5114,4899,22969,6543,11933,1461,10180,161,11308,14363,3841,13024,8256,4673,9910,15062,21681,5436,2839,4640,13583,24483,17135,10370,9831,2630,22956,13349,1776,642,13697,5349,23692,7404,2215,4514,3224,22617,2332,14049,2675,13691,16944,604,9978,6290,1521,16417,5844,14958,6950,3380,2966,9947,9926,18168,13470,22908,21511,12936,19687,10948,7002,4893,19612,6706,11565,20467,23474,19694
14281,24465,8565,14614,23091,16186,9107,9391,863,17620,18028,3278,14752,11013,5830,3577,16864,20371,886,23475,1173,13525,13833,5634,7266,4315,10171,1750,21213,14200,15871,7135,24039,13612,8608,5038,14787,7573,6171,365,927,21476,17321,10581,8710,1372,3055,1935,15000,5223,13110,13111,13334,10948,18274,22375,11422,21702,24022,20326,18331,23539,2623,4234,4392,23151,1519,89,16666,24373,4031,12763,12465,943,15687,24963,12424,23070,22069,21275,18910,9947,1822,17077,16793,19382,20028,16957,17330,20923,22798,24464,14613,22670,18638,10035,8286,4583,13725,11564
12703,21709,18682,24387,20181,10247,15102,38,11317,17191,13602,19841,13388,24883,20162,19579,1100,10740,1207,718,13494,10769,21248,23333,18217,13901,21362,8415,9135,18994,8083,22638,11917,16769,14134,10513,14476,19161,7862,4751,20965,14256,3083,16506,6434,5532,7469,10959,7104,16098,11412,13812,10536,8937,15824,1241,4638,3810,5260,14737,16821,18257,8116,20824,2636,3355,6620,10182,8256,15095,18132,23946,168,8142,19167,23743,15120,10422,2500,17052,4669,17997,2477,13813,4532,12067,16212,6055,16198,12936,21511,1983,20938,13461,4328,4731,3945,23769,13897,15246
12005,122,23306,3798,9738,11081,13959,13459,4687,10765,19776,608,10975,13956,5823,20972,15700,23893,7795,14740,23727,17352,19280,19948,20275,10655,6851,12654,24204,3756,24652,10420,7219,13,4260,8788,16443,21576,24397,21003,14569,18184,24194,5363,17604,16958,2965,1795,5533,22378,8352,8823,11884,12435,11167,20158,662,15477,11049,15110,17459,20922,21033,4080,10236,5494,311,1229,8460,24308,1735,6720,7810,9297,23709,15829,20612,17365,20479,7847,19198,5721,9632,3982,15950,10285,2118,8977,18095,14430,7435,1589,905,11367,10604,24147,12469,12433,9371,20958
12307,413,2827,11278,1235,22152,586,9588,12227,20206,22096,8539,5722,24781,1505,11470,12566,13767,20415,19585,18775,8101,15236,17300,3348,15234,22589,5496,20714,18515,21795,1631,1299,2742,20235,12345,10426,17784,13762,10318,8223,13862,7283,21851,19470,23196,2256,13287,133,5121,6154,5275,176,23248,10703,3078,11762,16499,21624,24930,7522,9992,10507,15162,4594,2105,10095,3499,6621,20905,842,12477,10273,11777,6935,20288,22329,5835,11368,9000,8119,14580,15545,19004,9983,23380,18141,6661,13241,20354,16178,24522,1470,9397,6271,21655,19913,24821,10933,19843
24358,12203,14209,4418,8763,8210,18752,10952,23521,8686,9318,23966,23315,481,6631,10011,7674,9219,12080,13502,5101,23918,9194,8859,2257,5460,2078,2192,14739,8537,23396,13555,23052,16031,23076,20936,2707,14035,2881,11614,7588,6448,20382,11862,23522,8186,20053,31,4614,20466,7001,19897,10688,8174,21997,19153,6664,9790,11281,10539,4147,17436,2898,12576,14002,12817,19954,12035,26,12845,19090,20777,438,21774,21122,6745,11599,20022,223,23463,16844,22308,2857,14882,11967,15342,13001,18245,16010,4962,3846,16287,15727,4698,13827,7935,8465,19032,8720,24993
391,8186,1425,13827,7674,2898,7935,12035,16207,21305,8537,17672,17075,23567,16669,8720,4794,5810,8630,12264,24098,8693,4791,1973,4461,21577,5593,6680,9491,22387,16554,3341,18764,17622,21508,2881,19332,11628,22070,4698,74,6078,1636,680,19090,23637,8763,19186,13426,1711,3942,4029,7351,20591,23076,24159,13759,307,10054,8612,22495,466,4987,5773,23052,17395,21287,17610,20113,26,9893,15727,2707,16411,22437,17376,8805,1847,8300,4571,2849,638,13932,9807,21814,1367,14035,14103,15429,19153,12056,18438,2928,22846,18978,10011,11357,17067,10685,1717
10576,20079,13530,11869,22051,13077,126,9462,8853,8561,13175,19345,5309,21214,19476,11298,10715,1075,12188,16320,21139,22281,7166,10373,884,19399,10353,1729,15136,17480,11231,20429,14683,6341,8002,21765,969,17326,13570,8979,15965,24456,20933,15674,23386,19173,18005,9989,8651,22374,4443,2931,21963,13740,19925,2544,12740,10072,10226,22025,13917,8930,19697,22460,10749,23613,6372,23360,8358,17188,20318,21340,651,6150,16487,8683,18464,18884,8471,4344,11146,23939,12869,20077,15859,5444,16760,10883,5108,21326,5886,14213,4781,8218,23058,16028,13538,18273,19487,21889
3312,1134,1378,21274,5927,6111,16578,13433,17918,17296,6732,11483,13400,14255,15158,21906,24694,5423,14196,4470,24450,2637,7644,5501,8576,17735,19388,19307,3474,22228,361,9527,10001,15488,13385,9720,3441,4048,14534,15129,6831,23857,21448,17513,11374,20756,11888,18218,10500,18138,11536,19746,370,6245,11849,17554,24854,24169,18236,20426,14715,20053,7422,24584,12943,18845,21722,18597,14327,23694,554,15725,12868,8246,15100,8342,18356,9416,3846,500,7277,18986,7460,8665,24929,17469,22874,1178,18050,4167,24101,11664,21758,5456,24983,14889,1409,17729,19743,5188
4602,17832,4328,3945,9242,21495,18662,1207,15672,13602,15467,17878,23931,21528,10294,11412,12164,19616,14737,20600,20962,6329,16901,9349,12047,3224,19034,17997,962,12867,18389,15868,12299,22207,8064,21511,21490,8143,584,6476,9951,23699,11317,24187,23333,18082,674,14704,2477,12395,13202,1998,3048,22892,11396,13947,18847,4532,15095,19770,3870,10740,2665,13901,22890,15482,13560,17439,12703,4731,12067,1624,12054,22504,22674,11853,16560,15808,24293,15606,16417,13128,3599,4244,19469,3355,15361,16775,8126,11488,2636,17357,4269,8462,9221,21175,12936,20613,2332,12624
19115,6424,24816,2400,3935,14221,15885,15682,11229,13970,24708,4520,21934,14214,21019,21395,11780,1382,23253,18649,24930,7972,5304,4382,15052,21856,12085,16203,7522,21960,1299,15093,18279,18276,8655,4785,6068,4596,587,4399,20681,4876,23451,7954,23355,8570,9332,11762,2827,13012,17070,1516,775,15733,15510,14541,4813,1172,8112,20235,16364,14022,12828,14656,1318,17807,17169,176,10478,23195,9007,8175,7375,7283,9642,18242,18899,4438,10209,22887,6695,5835,11981,12487,5157,6154,13867,3912,12641,1505,14300,22097,11470,576,23642,2418,23222,22434,24077,22981
14917,1148,2139,9725,10842,15266,2867,18921,24968,17446,18100,4631,14504,20750,10610,24129,3902,17994,5966,24437,14973,6659,12759,17332,2582,11006,17596,16433,15858,18457,2549,20734,20961,4553,5120,8525,23469,698,11434,21646,18581,18324,1614,4250,8534,15338,21904,1583,18432,24550,19740,15038,837,22669,22888,24748,7343,9629,4441,6909,19407,5445,14495,7980,7130,2784,8617,7524,14113,12796,925,10532,22500,2781,15899,14177,12768,5817,12,19849,16296,6587,12784,19077,5463,23078,9741,10711,4242,24662,23929,4192,19540,22011,13574,2120,18891,13672,22734,22900
3138,11429,22384,12439,6980,20720,1759,3227,6986,14271,19439,15127,703,3740,19638,5049,19923,11086,19165,6900,20575,12568,11621,18008,23409,17345,19220,14669,3958,16144,15389,10803,6580,21876,21135,13772,7468,16330,18060,3009,6965,8626,11034,23441,24487,3547,20218,5217,6352,5892,6002,17591,86,10113,14018,20237,2859,18462,2972,16725,2516,9959,11055,22454,13039,19412,22553,6041,22357,19006,17913,17005,8772,6946,4639,13493,1640,12931,17453,1407,11857,11750,10387,9996,21893,19322,19981,3434,21249,8301,9921,10013,11416,3561,18867,19275,14375,23588,22065,3766
20513,4313,24215,13718,15990,16833,21073,7007,14554,22841,24869,23358,23377,9474,8923,9357,7354,13603,12299,2636,4580,16901,23103,19770,17829,17878,17793,10517,16524,2333,2374,7661,3421,12553,621,11644,22892,415,951,10698,22108,13518,13489,21175,10727,7469,22572,22109,1624,3055,7453,16876,2404,337,16468,35,20503,57,6514,11317,11212,12336,22394,24373,17847,13813,12356,20875,22475,11877,18237,21495,962,4151,22508,12030,271,17771,23122,19978,21159,11564,11624,16062,9299,18992,19517,148,4918,24293,9579,24060,2314,19034,17121,6019,6694,5252,12888,9695
2640,13246,11781,13523,20554,21533,8269,7719,6740,29,7095,20307,3088,22309,14783,18452,15746,15231,2093,24654,15325,1925,8648,24676,13026,16232,13527,13984,16164,24833,3950,5952,7914,2702,1204,19305,11821,10042,7386,11844,23145,11867,1221,5602,22101,11431,17549,15903,18380,15520,4353,10819,1328,22431,4983,1511,8286,6008,4959,727,11153,12617,14560,13044,20448,8103,22907,18278,12186,4153,209,12767,23098,13834,24041,9492,17688,13338,11040,23075,19506,1749,4103,21308,21506,4821,11554,14140,3104,24609,179,11807,23024,15470,22599,5541,24051,24963,23995,24301
5212,16887,6053,13389,18804,22277,9351,13630,19045,17295,3833,12244,15823,2682,15014,17663,117,2597,16376,19281,17969,15594,14593,1069,1799,10239,8981,3849,22910,14803,318,22683,8404,11691,12179,12733,1854,15319,2261,2166,8524,13915,14350,797,21424,5305,5989,18605,15636,3288,21625,2679,11650,20589,15523,11114,14908,17151,13444,8739,12788,18198,16656,6010,23332,23080,10188,6559,10564,9465,24659,12831,1220,21285,21850,9389,5361,3437,1374,16224,11832,13684,4265,6670,12752,12036,3069,23129,23802,14118,14314,19562,12993,10152,14036,24700,11496,15459,24592,11573
22103,18835,12088,1246,904,20327,23571,13048,2801,12251,16501,21176,1462,13651,6049,11820,19584,11373,21400,13874,2388,8271,12674,12830,22047,4432,11416,23482,19534,21993,11193,7498,14299,12737,19176,13814,23787,11689,17682,20032,13517,15626,7010,5604,12590,20675,15818,2079,21049,21921,11304,22792,19235,17023,10728,21801,17103,3821,22215,15013,12038,14037,2787,9267,4146,12128,10425,18043,19853,16651,10376,12564,19395,24731,5649,13822,12457,20476,10065,5217,10978,23900,3678,2656,550,12108,12797,13738,23945,18905,12680,9157,12523,11857,19490,16413,6795,2325,8705,8090
12651,5146,8230,14407,17388,23892,20423,12168,14164,15242,21833,18580,4404,13076,466,23014,9901,11382,22382,4987,994,11380,17422,14103,10088,17792,4535,22048,12205,5755,7351,15463,19801,10486,21025,24612,15038,22130,17654,21619,22516,17335,15642,6862,1726,16241,7326,15321,9335,11256,3393,16679,3942,23835,3566,9741,13621,19027,10532,23528,2050,24350,6818,17468,5817,15524,9837,9182,14264,18214,18766,20716,22425,7394,16922,11628,6783,19818,16076,19745,21646,11434,5277,16956,8290,23378,10634,17042,16301,1234,18776,17599,20113,975,8805,7561,384,2582,9159,1148
1368,24329,16860,16124,11031,9837,9855,24710,21554,7882,6035,19313,22707,9177,13328,15704,23892,5162,5197,20184,15008,17792,5294,8231,15365,975,8845,8418,18776,12868,9294,23996,3566,7350,7561,10587,22740,15524,20423,1171,19257,15775,14984,12092,1990,23254,2282,8700,3349,19860,22990,8382,21633,15488,7422,24512,14742,19138,5817,19640,9720,14015,19872,5593,5594,15046,10461,5298,7807,1847,2605,7918,8364,23751,19941,10586,10974,22336,14547,9893,3774,9165,1465,6311,20641,13775,3716,20697,15083,19840,19745,17335,15493,22373,16956,12875,14045,4524,6611,10500
21901,6368,13227,16298,19634,17932,3881,3358,22635,12270,20556,15226,4815,8750,14807,17585,14952,24201,17097,8181,18420,12921,19398,23889,6277,17008,1690,20893,14083,445,717,20418,3705,24497,18283,3679,2659,3233,6817,10905,8523,17828,5227,22754,5439,2740,2446,12814,23899,7407,17178,6349,10893,2116,22568,7077,16946,19164,3031,15726,10743,3221,17068,17881,6641,2882,7629,16091,23641,18238,15072,19548,23020,18590,18397,2589,21209,15145,13512,20425,16447,6169,270,5904,4492,23404,13896,7873,5523,9659,10890,20942,6429,6077,19163,2347,1620,24174,1909,13438
16391,22818,8151,2538,12318,19383,6882,22007,14992,17343,11338,2501,10176,6954,19701,6758,20440,20462,15900,1785,20985,11485,18768,24832,8495,20712,8387,14646,18734,4531,7017,12442,10523,10131,9714,18059,10253,12105,8984,12310,5613,10550,4106,5633,4077,15715,11540,9089,11386,22125,19317,4205,24935,10718,13676,10691,2452,16392,4589,18810,11810,22446,8585,6879,5303,10809,7058,19884,23675,5061,9260,16898,647,12430,1478,19678,6396,409,5991,14211,5206,17406,185,19448,18953,5913,12285,13236,18446,16658,772,24893,8493,18632,8066,17797,15324,19828,16552,2138
15854,3870,21834,3778,8937,13812,20181,22956,9831,7049,21511,4731,13086,8083,11564,13388,19579,21416,13602,7469,1902,2374,24883,14704,11578,14554,23057,15246,23748,4514,22617,10959,20600,6600,15576,12299,7453,14320,2574,9135,962,20965,24939,5087,648,5260,11308,2332,22076,12486,12944,1461,17192,12368,3947,13494,20875,4598,415,3810,9299,19552,9677,14760,4604,20107,2276,21928,11412,24802,13897,12316,4157,11545,17620,1207,942,1917,18226,14970,3355,14737,24373,5484,163,17878,2806,18257,7204,13278,12336,6290,19095,19576,21709,9109,1846,7055,3421,4893
1731,820,9040,14940,15508,193,15635,1718,12711,5583,20708,15968,16955,12596,8558,10135,11002,11912,18227,8738,11975,6508,21726,12349,15911,6490,4601,3150,9892,7335,18962,8731,17013,12335,78,19384,10178,8888,19026,5042,404,18575,19983,5345,23478,13152,3785,9360,22870,3142,13412,19485,14183,7779,22167,5492,22419,14405,770,23979,12501,11788,14151,15710,3017,14275,18774,12441,14021,17134,5213,7096,2173,12948,19189,23657,8862,21143,3640,13574,9581,22017,3566,12668,9298,14315,349,11001,2156,23662,10680,23597,15314,14403,24134,24278,17446,13748,23466,1742
2173,12818,7092,17803,22167,1622,23979,11001,5583,5381,24348,16022,23478,15487,15911,16492,10996,22857,7335,3142,9011,5821,15314,22512,8738,3640,8483,19485,21472,19026,18575,14405,22580,12616,20791,1245,5350,6490,4020,12668,3334,2137,17013,2769,24600,2930,10044,6182,11619,6199,7008,20890,11878,12020,20626,12596,17227,17346,15740,324,5476,14275,8329,16536,17032,5221,7327,14940,14709,14192,14609,6508,216,16877,4974,12042,18316,23077,20809,6703,3017,5732,4933,22149,15268,9892,8569,21054,22419,12537,770,12335,24278,15806,2900,21303,8548,16822,21726,5763
3787,7534,1560,19614,4781,24456,5530,9252,21189,21426,12070,19399,7742,15965,8651,4819,18186,4588,1214,16487,3350,18005,19315,23613,21493,23872,5944,17440,1598,16047,18330,20434,16013,15489,20077,15601,24225,6109,6039,8218,13077,23058,18090,172,16217,19173,8017,210,14213,11941,3217,17591,13917,17231,990,19345,274,21500,20688,22788,14751,20935,6544,663,6152,11231,7121,7610,6542,646,11172,8325,5811,16304,7401,8274,7832,15951,16343,3549,6819,3908,19263,1075,15313,16090,4443,10583,21786,17867,2318,1438,23360,9615,17913,18425,6372,21319,19699,17487
10158,3984,22475,11633,12076,2764,22638,1743,11746,18017,2806,24883,11852,2865,16737,15824,11893,19064,10684,2023,5535,1160,11926,2428,3290,16715,21925,1801,13278,621,16524,1100,19579,24276,13388,441,20028,15687,23848,23612,15238,18994,20670,12541,20352,3340,15311,7671,21988,24297,3771,22907,23333,18817,10607,6445,16098,12132,16232,1222,5045,271,3355,24833,13812,1983,7930,22793,3421,10700,13461,20924,17847,6578,14476,7469,3580,11466,10991,7879,5252,3688,1857,10819,22504,11274,601,3810,12888,13451,7007,13494,2503,13533,9357,4897,5331,989,24676,21476
16299,17775,2185,10847,20097,8732,6685,22262,7830,12331,23774,19677,7974,5745,7904,17975,4550,22509,211,23971,12229,1997,11235,858,8293,8736,18792,22074,17128,24171,21751,2819,20620,20339,20865,7857,19358,12634,10768,16604,19019,1380,24621,23823,894,18025,1962,16961,5269,17105,8879,11156,17036,8178,5678,16548,5028,10314,6059,1007,6469,20819,17190,1991,8716,20803,9152,7693,17943,21068,13373,22033,3167,23456,12233,20759,1509,16497,23019,23564,16523,20527,2566,1000,1112,793,2306,3328,6498,246,22170,8791,250,3486,13870,3964,9785,1662,2223,2912
14635,4793,15566,9856,9345,20749,5868,18504,18713,5866,8007,22452,22492,21919,11353,10305,17509,20673,19631,6644,52,7694,21896,9442,15229,12977,1199,10357,5872,22702,19359,18421,13027,23798,14254,14964,18972,6289,15653,19087,14470,17115,11019,24687,2084,15707,10419,13742,1918,7149,22052,6018,2603,2233,9900,16491,12363,23584,8724,2607,16065,4967,6355,7490,5515,3169,2121,7195,18066,21204,22236,16768,9487,7503,14559,1111,12261,23187,4248,14780,5948,11200,10124,13457,22256,19217,20034,13581,23430,15225,18382,814,1518,10686,1129,1197,13693,12757,5164,24481
5746,18507,10062,15082,22376,22722,5553,22107,24033,5807,2908,2266,7653,7636,11083,3786,10661,16914,9169,2566,15212,24744,22170,883,24047,4241,507,14248,12117,8128,17762,1069,1845,8394,2590,20589,19848,11919,23971,11920,22119,23564,406,147,7586,8404,20058,10077,17128,19019,6235,7349,14122,4361,24141,23823,23802,13357,11300,10314,17126,2469,3430,2684,24588,4187,3328,23786,9185,8178,6059,9822,11103,2287,19106,10505,7086,5076,23669,23895,16885,4193,6001,15005,17363,3775,6871,13913,1453,3827,3260,10900,15190,16043,16724,18025,4966,2398,3098,12849
18027,14297,20139,22698,21606,13640,14459,20369,20891,19660,6587,19260,21162,9035,18264,19052,11647,19496,12865,486,20750,12783,15338,4314,14504,6549,24442,2867,20398,10999,14177,10352,6433,21390,2598,16709,12171,24662,12535,4911,5650,8617,3515,6278,10722,11241,14608,9004,5966,11348,20874,19940,15970,5426,1583,12404,1500,17359,16917,16384,17332,4202,2686,24550,1950,15348,10080,10610,14495,12759,6400,1092,21760,13376,1746,13140,19454,3090,4219,3235,23768,65,7625,4408,2345,23833,12800,21677,18581,5120,21155,15055,2604,128,13848,19077,4405,837,6601,13473
12206,6393,2276,4157,12236,7209,15494,17053,807,2886,12671,14883,9677,7194,674,22929,16308,14320,20605,1088,20945,23510,7775,12492,17523,8590,20107,20824,5433,22225,21253,1697,2486,5455,577,227,16470,17832,16807,5695,394,7206,22016,3963,2747,17357,21248,12187,9349,20059,23450,11917,10938,6588,3509,2175,22617,3870,14120,9961,9028,18038,17091,9221,16680,382,9709,8699,14348,19194,9746,8142,11949,19082,11332,19167,18901,14997,8706,3929,8937,22207,20747,21615,10075,10073,721,20616,19574,2973,10777,4468,20773,19095,12250,5796,16187,20217,23057,14354
18480,19744,22034,19373,10063,3609,19947,3676,23113,5878,8296,6726,1345,13139,6017,23336,17291,6386,19880,453,21479,12435,21780,11082,17079,2708,10626,1019,5276,9771,10155,21563,13545,10522,17443,24067,9543,13107,11162,18610,11505,7030,14537,8597,8550,18451,18864,3361,22618,10464,21888,7046,20275,1617,9980,22637,4389,22964,19063,21446,13017,6858,3697,15401,8698,14944,16054,19795,13098,14569,16824,21991,3146,18665,22494,8506,1897,21318,7634,15998,17838,5778,17983,21515,24084,22032,16483,21487,7000,12474,2586,15705,6583,18235,4425,11311,13735,13522,14396,14740
19160,21617,23550,12639,23802,15327,448,6625,4051,24588,19503,15080,15664,24031,8343,11243,204,16844,23396,10248,4279,18303,6664,8389,17822,16226,7458,7349,19560,16346,7273,6496,15966,4906,2849,15720,2481,3390,15901,3210,9198,16366,5170,18852,9396,2922,22308,1977,9403,9311,12515,10952,10188,24141,13357,11520,3770,20540,177,3868,7588,7811,8430,2898,14568,6360,4655,755,3584,18752,5894,13555,1803,10150,16714,22063,11555,11599,16494,9479,19954,15641,7849,10152,21967,4147,13394,19510,15920,9078,15010,20981,2192,14748,21945,813,5421,3212,11365,22118
20681,7283,1299,11470,7522,24522,23957,13015,10324,20235,3569,17807,7570,16108,13347,21118,16976,13862,23451,6916,14656,19585,8842,9575,6154,2719,176,7375,22097,22434,12974,576,22329,4798,17784,6155,20384,23222,4189,1021,13000,21655,2697,12256,13213,13767,2434,8813,1505,13241,21863,10507,14050,13163,10140,4068,769,22589,18742,13970,12756,5835,18649,1172,18276,15870,12260,5750,4813,19322,18981,16569,9988,3590,20354,18899,8481,22160,2413,3561,1087,11232,5121,21407,22989,7973,9665,12487,2827,7475,3348,3912,2336,22737,20514,5892,2516,4438,7462,12135
14811,8330,22748,14336,18015,21326,19348,18953,14076,12913,21841,14384,3871,22885,9908,8036,5886,11249,1911,3730,22728,4864,1427,5538,16817,2817,11409,16898,2004,19617,7746,20771,4344,21139,17337,22582,19725,8853,24140,3309,10715,20843,19697,5278,20318,12301,7090,4562,22278,4188,23278,11133,13676,22343,15432,4141,768,14966,16103,8783,2546,6237,15631,14525,20349,24093,15084,20823,13007,14446,11097,12430,17489,17204,21963,20967,21765,14965,11372,20948,21840,4700,11298,13072,24196,23670,20408,5384,24871,22051,10691,10857,17034,6756,13825,19554,4370,3992,16754,17160
9695,10531,11644,13396,15983,22841,11826,14618,13482,10517,8923,18354,6690,20198,3621,16833,3761,14830,1774,7456,171,19722,15531,11594,22394,4313,22109,2273,10698,4124,23048,16468,22451,23377,9434,17780,2333,5723,13609,24197,18756,19038,18376,18340,24770,21516,2026,15721,18268,10845,23973,9579,17315,24231,11550,17621,22257,11273,12047,21612,13474,5486,17829,13718,6895,5822,13935,9217,21073,24746,1587,23722,19978,23543,19099,4580,17793,5285,1777,7231,12037,18935,11624,16949,767,21803,18529,9591,11951,21304,22108,8033,20513,18549,7354,6115,12356,6514,2751,23856
18398,11874,5951,17021,18134,6110,3389,16579,11925,9227,8810,16314,9234,8545,14452,13546,23148,12957,18741,23807,3324,10406,15654,7910,6418,22188,13637,19903,15459,10275,19067,18530,23480,23307,2180,12912,8519,5612,11182,8714,22620,10897,19899,9485,20969,19175,16694,24596,24163,11066,19858,24249,18173,5072,18119,14087,2403,6489,3437,15399,12571,10654,19207,3930,1000,19318,3376,14269,24668,841,15512,9513,1413,9787,15479,20805,16567,20887,15186,8123,4623,24774,18963,6498,3701,21203,5554,3060,12219,12598,2103,8456,7043,24599,7965,16109,13596,11672,18875,24401
5743,5296,13273,17052,18340,2493,12624,17671,7876,14249,24285,23856,14970,6265,16248,6331,13516,3424,12791,8064,24653,19034,20939,22890,19435,22892,12420,5184,21241,424,18662,1577,17481,4313,13455,10659,9867,20069,9577,5280,18371,1063,4098,13666,19060,19822,4235,15366,1624,10888,13086,11488,15116,9026,2828,23624,12054,21697,8988,1902,20251,12047,16219,17141,17766,9788,21806,3427,18460,6055,9678,16169,10493,24404,4532,18935,337,5757,2147,12395,17202,18216,3724,8268,20818,22108,8541,24205,3380,9841,3503,11763,17771,20562,19366,7985,8270,1329,20181,21234
9892,3142,17013,9040,2126,1731,22419,5350,19485,8738,15635,6508,22167,4020,12668,23979,820,10178,15508,24969,20147,12512,19026,19983,14405,5294,20708,24600,5323,24134,23597,12335,19189,12818,5763,1205,15314,13748,2156,8548,11726,8888,19155,2173,4601,4195,11002,15968,18774,14609,5213,22383,5583,1508,14940,324,5476,3393,10730,12349,16822,11975,23662,23478,2642,20489,23617,17134,895,15911,14403,4974,5481,11619,21633,5821,20716,5021,15487,20844,11001,18575,17920,22768,5221,10135,24211,2854,1234,6703,19911,6299,8491,5381,1611,1964,314,10908,9723,22017
3843,4862,10620,21353,13963,24030,419,5757,22247,15820,15660,8172,16385,16408,6750,2293,8299,4191,273,24184,24584,1280,15068,11747,7651,16361,1577,18034,2499,11020,3585,9421,9343,13622,7242,6998,9117,23790,14348,6824,5338,6111,6775,2454,22395,2916,7210,11211,7450,22881,2280,22022,3046,21758,18378,11260,3764,14930,6139,8913,4235,9021,12200,21156,3312,1836,6043,11710,16061,4276,15151,8654,5889,17941,24236,6354,24074,18479,16531,5468,2971,23857,4019,11774,1258,6599,20903,20471,11420,12414,9779,6784,10298,2725,16778,2371,14276,16129,14460,19007
19494,17691,11663,20645,476,24709,14840,20516,14501,16261,1550,5548,10555,3542,19956,10048,4111,15420,15900,20244,16375,8387,19627,19530,22140,19884,15661,2711,13690,16655,17343,1051,7924,20462,7123,18661,15324,14066,22927,12575,2429,18019,10319,10301,24707,10802,17280,18680,19017,1785,14029,1089,12614,9550,6897,14589,9729,9448,12304,3596,3021,13236,11029,22748,1384,2927,2489,7376,12370,16345,5613,11176,17464,16818,14298,10038,11277,17846,7032,5251,14260,4066,3895,18248,6122,10523,5931,18117,8226,10253,24250,15877,21384,15048,22162,1257,23093,14992,15273,21800
21135,19439,17591,20359,5049,19275,7610,22025,703,18060,17913,1615,7217,24124,22297,8559,6737,18655,9252,16289,19923,15741,20434,11101,3138,14375,10803,7866,9103,3646,16304,3958,12070,11178,12929,10929,6623,10978,4639,18811,21126,1686,11429,9832,17005,19137,3768,20237,4424,6986,1640,15389,3547,10244,11750,3158,18744,22454,2618,24487,13772,13478,14271,23467,266,19006,7245,16330,14018,9431,14736,274,9192,20928,24899,21893,20575,6580,1723,11172,6946,15666,8687,14620,19165,2283,23872,13900,23118,17405,22553,20490,4724,11609,10113,12231,23588,13039,7066,8454
7937,10757,6236,18530,10351,14959,841,8786,620,19938,1872,16930,17363,8571,7635,130,8081,18954,20620,7219,14206,13114,13870,16567,5823,10092,17857,19814,16119,11440,16314,13447,23480,2266,20553,24132,13956,22613,214,7910,18403,22344,3389,10505,23561,9485,24047,12634,16295,10285,5094,7043,23883,5571,7435,16299,17776,5028,2106,11491,14455,7662,9122,9810,10030,15829,16049,15347,2316,23580,7857,3470,22564,15778,14454,11884,6001,22107,3351,20187,8936,22170,24163,24280,19704,6161,17354,2566,15888,4361,20527,13913,13166,11156,23893,18398,9822,649,21033,570
15160,1866,5721,1804,11556,611,7596,11208,24274,22470,21273,4429,5494,24053,5729,7810,11855,5120,12681,18112,21865,7902,8503,12023,17211,12204,22734,17459,9222,8977,9045,5467,23423,13956,7831,5282,21246,9738,7575,2120,23884,20351,23893,11414,15499,2168,4874,7157,14386,22949,8650,20612,13826,3623,23883,11071,6720,18328,24355,6659,22146,2005,9063,23768,24147,11025,5489,22368,6099,19766,4383,8617,4361,8933,21558,12234,6923,14973,16742,24139,5823,4080,20232,24417,2948,23469,12759,4553,12273,2686,23709,9761,6601,284,14623,20760,5774,15802,10192,16443
2607,22236,11200,18504,15566,23584,21896,13581,4168,16491,21919,7694,12394,22849,5491,1199,15213,14606,14158,1003,6589,17789,1070,8007,19518,14635,10124,23262,7195,14186,12977,1111,12161,13644,10336,5948,16065,4237,12967,14530,19359,5626,1518,5372,23484,5515,21892,16625,8521,22933,18972,20256,24404,6644,22673,5526,12757,7797,4248,21020,5567,1757,22684,6461,10357,6020,11596,14780,8563,14985,11490,21812,14349,2084,22052,11353,2201,6579,15058,23124,15653,20222,24580,22742,14254,9128,14542,21694,8434,18071,16178,23187,7490,3354,18421,814,6018,7149,9487,17267
6600,1846,367,5605,5484,7992,2839,12944,4190,3985,15534,10948,6956,13349,14049,24282,12700,6950,14363,7099,5735,14958,3643,2752,18910,5087,9963,138,20664,10410,3007,5677,10400,21909,19552,20326,15296,1776,23176,7576,3734,24542,24607,17162,1523,4604,851,11158,16417,23692,22110,11807,17740,12896,8257,5114,22490,19772,17620,3677,17135,156,1562,20191,19369,11308,163,23748,22101,7891,11906,15202,13697,6294,10171,22824,24802,10029,10180,5830,22076,13288,23616,1935,10118,4640,7363,2630,22755,11933,7645,24696,8925,5634,24613,11564,11351,16957,24137,13338
10288,20707,13585,3453,23144,5434,1672,24527,19241,24477,9030,3518,16170,12693,3641,17491,23729,21209,14764,24519,689,23934,22844,18540,21954,18783,11306,7440,18309,13065,6532,24395,15619,4070,4895,4547,4149,18289,9548,18215,12877,6436,20257,8836,22482,6799,641,1881,10399,4771,11293,23073,8949,17147,9499,18153,13532,4661,12579,20002,7321,11582,10275,19210,14937,7419,3629,17347,7039,13920,4382,21538,13042,8395,7387,19226,17286,13981,12510,16003,20853,23631,1957,6181,7258,4758,16035,7360,20238,12697,15205,16568,23647,9899,18145,9305,4462,5697,17277,4082
9872,4387,18740,753,8933,13441,1953,22535,3970,20808,15651,12733,21424,9794,7736,10152,12327,20378,8266,11720,18303,17891,5774,20540,5361,12789,14510,9396,24469,3210,8770,4997,5386,22856,14540,1866,15928,3465,22227,21865,15547,20927,8221,20488,13394,22470,14113,8650,12849,15082,7418,6530,24744,8667,2795,7794,11025,9078,12204,4109,11475,12033,1353,10950,20930,21492,17478,24907,24105,17647,23000,21791,15010,12681,11036,2287,7086,8729,23547,14003,7902,24608,16729,18852,21196,24363,10188,8534,10687,23895,6659,2014,4786,13803,12279,19160,12769,19681,21558,3813
19052,23437,20182,18175,24354,18027,2598,14922,15270,21940,7751,13058,9862,24417,1555,2616,20891,21155,11739,20378,4429,12694,19982,3465,17377,23545,8870,20142,4351,11025,7838,22945,7436,24659,12759,3448,18825,22179,12404,1485,22302,12831,2686,9015,378,4451,16301,8034,24677,1558,5993,11828,2316,22447,2823,15899,10228,7831,11115,23379,6925,7818,14297,10213,2408,9444,19849,5774,20540,2981,9259,17110,4657,22986,24469,18140,352,5477,16682,17611,1746,8739,20173,2875,635,24260,7308,17062,2153,10773,13186,4080,4511,8729,6161,4911,128,6034,4553,24400
21603,15420,10809,22906,14992,11540,6663,14513,1472,14983,3567,20462,17464,16391,3895,7180,10253,2569,17343,6954,20329,10301,1785,6092,8151,4077,5613,18509,6122,1708,1550,8387,9099,7122,6194,9448,18239,11742,18048,20619,14298,19838,10555,5303,13236,5190,19701,2383,20921,22467,19530,9641,11142,2123,12575,6470,134,5877,19107,19884,19549,8495,6801,20645,18108,7059,4900,17220,11222,6622,439,10280,3493,1450,348,18248,2429,2068,4972,9050,14095,2392,24489,24416,11409,14380,10215,19297,5548,12131,12430,4069,9602,1097,1572,22276,13141,16168,265,7246
12172,2364,7880,18195,20949,3281,10964,413,13241,4208,3003,7397,7987,19450,7633,1842,8223,14666,3392,9566,13305,15360,18307,16510,10703,8900,10318,8125,22324,20476,18551,20124,17774,5403,14441,10603,12910,16015,19251,20538,12081,23905,16236,17952,11034,23591,7973,2643,20415,20907,21066,20678,14245,17722,24142,15677,19953,15698,17866,19446,19631,15605,5193,24507,22416,19682,14561,1918,24723,15574,22611,21893,14050,1858,11055,17626,3169,23189,11051,10876,5504,21381,15831,22080,1122,12965,20905,17243,13503,22989,21795,17782,11190,18785,22916,14964,17453,23646,23911,2330
1583,4994,6587,23547,14495,9154,6659,2867,15338,19260,8617,19454,23469,17606,878,14650,19077,925,7524,5772,5398,18891,7436,6857,13445,6433,15215,19522,22734,13085,18010,20750,2686,18324,12759,11414,11671,3902,16433,16428,21155,5120,11088,18945,12908,24662,1913,5497,2922,10150,19940,22500,4250,2784,23545,5463,20734,14113,8704,2139,24355,18355,22146,1866,6530,22900,19740,1614,15970,21138,9125,18971,14973,10842,5391,20057,12404,8534,7496,1020,10687,16123,336,22483,7241,15928,15266,12796,2598,16199,4535,3728,3023,20351,24469,7343,22368,12520,4192,5993
18073,53,19302,18488,1241,13513,12872,23579,1354,105,2263,5852,23946,6096,4385,10247,19457,24299,24377,3424,16212,10240,17198,19517,22508,24387,18712,168,11363,4603,20069,4001,19841,11610,12382,13494,12723,1110,24653,14628,24970,3147,17686,8142,22791,549,6251,1446,20818,16769,6694,20804,9220,2493,13936,20494,10145,10493,24598,19366,12938,3454,7036,9669,19134,18682,8540,5331,12627,14476,7453,6514,8116,19612,4918,12336,19580,3910,19167,19920,11224,2404,11174,16524,4303,14654,23099,718,5385,11898,747,15393,5184,3276,18136,19579,22579,23885,13086,9092
7463,19965,13570,14992,141,6003,18953,4531,10691,22906,20876,910,13943,18477,16391,5696,17034,7983,5061,5588,4919,12649,11105,16034,12707,1255,20491,18397,17612,12803,5405,19124,19831,11810,16812,2204,23111,22902,12105,5613,23675,3218,24805,8427,12850,20119,8955,21903,1208,12731,19328,21229,19701,7734,14835,14298,10328,17176,831,24275,3346,6977,13990,4319,3689,6361,9908,22818,7497,6201,21340,3702,10176,12895,1585,23393,10809,3838,5682,18209,5640,201,13547,22281,697,23690,11307,21555,6194,24801,18059,7464,15603,7865,7558,11388,24730,13989,10057,924
23403,6464,1070,9788,21972,23856,21612,24580,18529,15213,18371,6338,23556,9472,10336,14877,1832,15813,11462,13558,11200,4505,8126,17495,16065,2499,5567,23708,8429,15744,3079,22881,5872,3124,9624,4537,5053,7546,18925,2169,1329,7501,7788,6095,20463,21892,23693,18190,17047,7354,23215,11406,745,10561,830,6056,6461,21919,19193,23714,8563,17027,23526,4168,17166,23676,15905,9936,13649,22236,7505,1600,2121,14985,16545,17562,21832,9282,6043,20251,2233,17563,7876,18972,4028,13562,11644,22242,16042,4613,21199,17532,21438,7656,20811,24421,9114,23048,12047,13935
14453,720,1303,17984,5608,15668,5431,15632,13285,3049,18645,18184,8729,22157,8650,9969,15802,17815,17652,14623,6877,685,23667,6807,10762,19909,10569,18722,13437,15212,16849,4950,21029,2005,6530,6339,8221,24595,14419,5536,8691,3782,23104,3970,8942,16559,14895,21560,8977,23332,12273,11962,16409,9045,22456,20926,3648,1735,15434,16682,11125,8681,10067,15473,13889,21337,12849,9063,20182,17211,13,459,10655,6148,8098,4429,11015,2875,13779,1004,11716,12385,11809,7979,9872,24147,3982,4790,5386,24053,16019,16601,5226,24466,11155,14510,7859,10928,21215,11021
3476,1876,6616,554,13565,23282,7357,23014,22516,11520,20994,13376,11382,10125,17554,500,5501,7704,1397,14227,2038,16834,19893,1820,14264,21906,24678,10755,6818,16346,7961,13317,24634,1803,14475,24510,11187,3356,9901,14785,9535,23312,11888,7185,15395,11483,17599,13385,488,10486,1601,21870,17408,13172,21315,12738,20500,16301,24218,6252,23835,19102,10293,5579,12122,24083,9525,7918,14607,4306,19405,4408,563,9846,1726,2637,24638,17341,10217,4451,774,7508,384,4810,7182,7577,7867,7277,21132,9736,8364,6961,17792,18050,19533,14748,8230,4906,15981,10223
585,10435,8030,856,24149,17391,14170,16181,13145,8765,15199,22759,10770,14042,17602,20417,8070,9484,18983,22731,9387,9570,13655,15686,12091,20453,24886,18123,19247,20821,22667,20080,17338,14834,22623,8020,1647,13356,19529,7699,789,9766,24854,8800,8317,21920,3490,20881,17216,3467,22479,19040,10924,20966,1873,14796,22514,23422,24972,4421,9894,2304,14856,15940,16863,1853,23344,13454,5967,19806,10549,7347,9583,20739,1897,24270,22066,12190,7108,16802,13327,9640,23897,13223,9344,7261,3755,7822,8901,11923,4685,9527,4341,14006,15890,1500,15169,14185,20103,2753
4934,15825,11790,19821,14543,7004,3727,15469,5791,9631,11024,9151,24412,20284,18767,12659,10020,22797,20300,21370,13753,15001,1969,22372,1959,21973,11047,303,8397,7226,5443,8916,3368,14775,24803,13364,24865,1459,3791,11819,7073,11352,11503,14642,248,17582,4003,11458,15615,14208,7395,3994,1059,12134,14088,8472,16925,4477,20201,4773,9437,17450,11534,1324,20000,11288,20121,2040,7733,244,7526,23800,17961,23696,23075,13355,4525,1118,206,14552,15171,684,23688,18829,5389,18471,21517,13792,1001,9096,20592,9674,1452,5549,6070,4034,16149,24430,4910,23209
202,10833,19498,3434,3815,3153,873,8826,10056,2112,14570,24374,6788,15358,7410,22029,10728,18659,12568,24023,23,5399,16555,3766,1400,14921,3594,15411,9151,15041,9606,2141,10013,16280,7871,15446,8159,22002,21491,11621,22955,12400,23910,19715,4432,8301,7960,13197,21876,16321,7703,21801,8579,20048,8208,12674,17733,7388,16319,20740,13606,20031,16993,1663,1087,12830,7498,14899,226,12766,11689,1262,14868,2213,20438,9599,22305,15257,23429,8905,9674,19933,5649,16624,3238,19545,4848,10966,17345,12626,4011,20710,12548,244,17985,9272,1175,12193,1215,6507
20804,9669,9852,21822,8068,9490,21416,11805,21925,13278,22943,4353,12284,18,11633,11355,12927,10513,15903,19810,17114,5385,20336,1160,21350,4681,11210,18513,8083,12076,11400,10027,21988,24276,21488,20352,7719,21026,8116,15172,21147,3984,22101,14955,18160,10819,2428,24833,1062,1011,1328,19497,22638,163,12944,3007,4482,7576,7095,20965,4897,20670,4160,14979,13388,18132,14789,14725,3682,1562,23145,24192,10370,7720,8648,23848,20900,24676,24301,24715,23946,24022,1100,20319,1867,2865,12098,13026,7206,13470,15418,22218,5957,6963,5535,4153,2764,11610,718,1230
8738,22167,19026,24551,5221,3640,1053,3142,11001,23979,4974,8652,23478,18575,5476,16825,9892,15635,2173,6508,2769,14275,16399,5381,12818,15800,155,8888,17013,23662,15314,21054,14405,8807,393,23832,1611,15968,7335,7092,23077,9040,21472,324,8499,12596,14940,23499,16776,12335,2722,17946,11265,12537,6275,11148,11878,5821,21481,6269,5583,21860,16810,22557,24134,15508,7560,6738,427,19983,10540,16492,24348,8569,1622,15549,9294,5350,2854,19773,6198,1731,13025,4277,21633,14938,22932,4020,15911,19873,15740,19042,261,17803,12024,17032,8423,18227,4805,11528
4771,10985,11059,16992,24005,5620,7213,14145,8657,21610,5066,2786,12213,12808,1863,17520,14905,15189,13668,13497,16390,7152,19255,13301,5555,3085,20019,12793,18098,2367,8312,556,3558,19477,10859,11530,18466,7243,20555,16177,11144,426,13490,7249,7604,9966,19403,23504,4149,4928,19751,8989,3608,12726,2422,8487,19943,5636,18310,4656,21706,17696,5074,17399,9342,13414,20586,19419,18634,101,13950,19844,18336,17372,4888,10433,3050,18908,13922,10342,12836,8940,4758,11649,3675,11567,15286,17557,16756,1182,21736,9402,20703,6064,4612,3412,8185,24336,7461,11665
8299,273,9117,10620,16778,10298,22946,11747,19437,2916,6750,16073,8057,22128,4945,6533,16581,20617,23940,9380,997,18378,22114,1542,16465,22676,16129,1437,2584,24949,13674,17269,24584,14133,24074,22247,7450,16214,9343,5564,7487,18199,3764,19007,17747,9367,2293,14064,16408,2280,16347,15532,4963,326,24983,1180,17958,11710,14,7471,19604,5338,14930,11508,10716,840,4235,12685,8871,22336,4558,437,7707,7834,12516,16111,16835,6732,18176,7303,4276,1835,21746,4862,18228,22594,4736,6016,23857,9867,17749,6310,9421,13598,6467,14910,1206,19119,24966,19357
7960,15360,23,3006,1087,20384,23239,9774,7791,3802,11354,20074,8579,15257,18384,18750,10324,20713,21491,13938,11239,16108,2141,17774,20253,7703,23948,16976,7475,15358,16544,10833,4690,13696,2336,1172,13213,14800,2719,8125,7107,13000,10056,11621,20031,12931,19181,23957,769,23451,18008,10603,2434,15446,9599,22989,9575,12965,451,5819,16280,3534,6302,17547,6602,5892,14050,19693,22434,14899,7747,16871,2859,4629,10424,11395,16569,4668,14921,8481,8301,17089,7989,3732,7410,4664,12974,24374,19322,8668,15611,13302,1212,12815,20929,2516,6618,4068,8842,480
15970,24469,23547,11828,18126,23545,878,21155,20378,5993,6587,16709,1746,10150,9145,22179,2867,16904,19077,1760,13445,1583,23437,24608,16433,22900,12249,14113,18891,4451,17606,15215,12327,20891,11753,20179,128,23716,18027,19940,16301,16919,4535,7436,12245,1092,13142,15338,9078,22011,23705,7443,837,24269,22227,4250,3465,12759,19262,14297,1652,7026,7241,19522,18355,16589,9846,16340,20182,8704,15547,2686,24105,8476,24354,14510,18971,23067,19260,23469,22945,8264,18956,19102,11765,4994,23349,8215,15556,18051,6530,22146,2922,13087,7185,1614,17994,24748,7273,19052
17774,14441,7987,5819,11954,3997,5330,12135,2364,9575,24522,10703,3003,15605,12363,3561,21491,630,7300,2336,15646,593,22416,17453,18066,14559,20253,480,4692,22497,14050,22329,8727,20667,6,14964,2209,24109,9598,10563,11657,22989,7989,7462,14780,1918,16569,13526,9427,11371,9392,24738,6041,2648,12357,17952,22224,4088,22934,12974,10419,23189,11353,4839,24842,10375,12665,11226,9128,20036,3078,18696,2859,23905,8125,7960,3442,4248,23441,11034,3711,7919,21503,7149,15127,14186,11971,13738,19181,9599,12101,4298,6403,20949,995,3006,16624,12965,12172,24298
10985,101,24623,2885,2622,6525,19477,20586,9655,8875,16923,5555,24362,2367,14145,4771,20011,1039,7213,9018,16177,13254,1984,8314,1659,14905,15277,13228,3213,23661,13214,2554,16992,19255,12726,13414,16337,8312,11041,7748,1283,24005,18839,1802,15696,19636,5182,11665,22481,19403,17730,11059,24538,7243,5111,376,709,13719,6955,10942,24153,10859,12044,1269,5074,8378,16257,19419,19751,8657,8834,520,18596,9751,14855,19775,4210,12809,15189,12793,23101,17520,17372,5066,20953,7461,9548,10433,9402,7039,6064,4149,3725,11053,5209,12808,11214,3593,2525,8838
2209,17453,3678,1197,11226,24375,18191,9427,6980,16330,13436,22497,6340,19220,20017,3821,11034,7149,6,5241,15646,14559,7701,20231,5819,7010,11429,2364,22416,14299,6494,11373,19217,16555,11954,18270,20636,5330,14271,9392,13738,12363,22934,15592,20949,11437,20690,2656,14441,11304,3227,1181,16718,23141,21801,24852,23413,8649,15229,12413,13305,24529,4648,15579,11312,6041,3442,22792,11086,1290,23571,22065,13517,3711,21935,19301,3003,8271,2079,19251,13294,5399,2648,11353,3205,9328,10387,5649,17952,19490,11371,5866,21893,2325,1842,16114,11425,5176,8007,24687
12782,2494,18556,19362,19338,687,16836,473,19229,5838,1144,15020,11159,20571,5695,7067,9783,18308,941,18957,10039,4939,3877,24180,3039,16542,1157,2990,4544,4566,18346,16689,8344,9813,7338,8035,21250,3830,16115,11953,4830,7964,17874,19917,21509,11541,9519,14473,6021,19256,812,4673,24065,20014,17247,16677,9497,24172,13102,17717,13790,15494,14867,2562,21975,14285,15048,11394,4458,7002,7762,3571,6519,20396,382,9546,11949,23947,5419,1238,5406,12822,16348,6543,19988,18429,12898,14781,5281,1817,9275,6586,23573,9926,13299,24996,16842,5756,1490,13249
16565,15710,19384,7096,23736,22884,9360,19983,10135,17550,1647,17496,14132,193,22835,24773,3785,298,20453,24278,524,1718,14926,24130,13454,5345,3150,11087,7843,23941,18686,19189,15968,21376,18155,19059,11181,5492,22920,15911,18227,12114,24087,10465,22870,349,14021,21357,13574,21296,5042,18595,12711,16811,22474,23758,15940,5213,4601,14938,2281,5976,12349,16488,20762,18962,4277,14405,16225,7,6913,8898,22768,8558,427,21174,5201,20716,14786,21168,1853,22974,5583,16955,12437,14183,7803,9011,12441,23648,11912,12091,3303,14101,2070,114,10648,3166,16278,11489
19267,19863,13548,13728,12440,3649,6718,15622,17589,3049,17972,22963,12732,7029,15423,20910,22935,22593,12041,3327,6173,5474,11160,18621,788,6273,9620,13180,17460,20414,19689,9563,15797,17175,19777,7897,23619,24063,14526,11809,24556,17278,19414,18942,12951,18345,22154,7370,8260,6902,5194,17864,15883,12244,822,13392,21263,24549,14484,5287,6705,4163,3536,18617,15009,11691,11302,24499,15873,21766,21560,17537,10189,8224,11737,17690,2653,3241,16349,17465,22729,17936,2848,22586,23060,11333,22059,6545,18601,16193,2689,17232,4446,19569,14371,13252,23596,20262,629,14490
3389,11182,11925,24668,6418,4170,378,24596,23480,9787,16314,11566,15647,17218,8390,11672,15522,15170,1034,17021,3376,24132,17352,12598,24163,23807,21885,7937,21561,10984,8607,15044,10285,24194,8714,22613,24246,7662,7043,19067,21504,8936,11716,15829,98,14959,1413,20608,24774,14206,20158,130,16122,24677,1349,10762,841,15347,8594,8571,6651,11884,14730,6110,626,3082,20187,17819,10897,1106,24047,8061,9521,23018,23307,2266,9450,7635,18175,22537,13546,20479,16579,9501,17906,5124,8810,16567,4199,6785,20603,7205,17385,7910,7751,2316,620,20830,18398,20209
13280,24549,24932,13016,8790,6545,12518,12787,14714,23275,21283,18450,7466,4925,567,20414,12041,6718,22729,20313,2406,7029,1537,1467,24003,13728,11204,8289,1520,17175,21720,19944,5300,3143,5858,1009,24622,18617,15925,13466,11188,18177,18678,15644,3235,24379,10126,22586,4530,16256,11072,8224,14274,19807,16828,24350,11998,19367,18258,20159,8260,12500,17278,8059,19414,1321,21411,22757,10350,24772,14799,24556,15149,10989,5959,7897,2653,12742,862,22425,1517,22168,12464,12479,22930,24420,1232,2153,1186,14371,23829,9444,7790,17566,2888,15860,23597,18778,19356,5034
4798,5204,3651,14050,13241,2516,12487,24723,3078,20415,1087,10603,3561,16725,2238,9575,4057,11055,23756,12439,19322,13590,2697,7468,21249,23011,23441,8956,18110,13255,22351,6002,7522,20514,176,13772,13000,19953,12756,6209,12974,14105,9000,15870,6154,3065,20235,18867,19913,8496,10507,22384,18008,19845,10318,19220,23084,22416,2211,19894,21960,18307,3138,12665,587,6602,23189,10737,7283,11470,24674,4937,19115,5892,21583,15389,83,10961,19165,10703,10173,23376,20720,21856,7107,13379,6661,4397,10520,16144,20537,16934,3323,2859,9945,3326,20067,21824,3281,21293
21876,1663,10833,7703,12931,16280,3434,8301,6093,22659,17985,7410,13774,6946,10966,17820,3766,3534,7960,12766,9166,1400,24374,8668,16555,11371,4011,14899,6980,10056,480,6788,19500,4567,562,14921,21491,14999,11193,19412,21653,8507,19693,14020,995,3547,14271,3227,6580,23,9427,3958,17547,24524,19866,19923,20253,14299,1712,9184,12193,18384,12568,5892,16544,11621,2141,13738,2859,13197,4432,23118,6965,23413,8826,18300,22357,17345,20720,18750,2260,10603,10728,5649,9599,24090,9272,993,6640,7989,11437,4677,22454,15358,5819,21503,13760,6041,5140,18008
9215,23731,6673,24547,23837,15738,21208,19468,450,13090,10678,17469,3240,10081,11664,17155,9006,14064,23607,10838,23737,18152,17329,9365,11655,24929,6111,5564,6562,326,21499,24949,803,16088,15129,7644,18199,9201,3396,19007,2916,21722,490,10272,8709,10217,17133,12027,7480,16465,7288,19179,3497,6245,8053,4393,10621,17745,9085,1121,725,10861,10001,18050,24610,11211,1650,12573,16347,12904,1582,5770,10815,17125,5215,23481,8522,16945,533,8342,5366,4367,17360,3074,24584,2871,21746,3543,7450,1006,3069,5546,12741,16753,8782,10755,14327,24106,24665,24983
795,11939,2327,15759,8515,4263,17295,10731,2223,347,2166,11701,10949,9488,188,22683,16497,21166,12750,5554,22509,175,1440,3195,24664,23137,10484,15594,20644,1668,21307,19325,11680,17307,5466,19376,890,5215,6829,407,1289,8178,22693,15636,1326,19677,6322,2564,24981,8854,15026,15823,7974,19949,3437,1040,2432,11832,10934,15872,12218,6469,14482,2185,5365,24012,10233,12807,5305,17943,5367,7723,13078,23456,17762,22248,23823,20010,8152,11602,9185,3020,9638,8903,14946,7516,4962,4917,10923,15557,6685,17210,7252,23108,23904,8293,24701,19310,10930,19714
18264,8213,6133,20139,605,16193,4510,11990,9014,14988,20542,3259,1105,13672,19260,18027,21561,15044,3201,3954,15522,13653,15197,11448,6816,3086,21312,18825,18909,22586,19582,9521,8061,14297,12404,17801,9004,19543,13140,378,9444,19660,1558,471,1828,20874,1545,16865,6710,10773,10080,20891,255,4663,9383,10927,5592,9710,21027,4802,12694,5110,12783,23766,15970,21701,10350,14738,22254,23437,20179,10352,18971,18374,4192,1555,14495,12535,128,13422,4170,1950,11414,2345,5426,1421,21155,20270,18091,1760,4351,3909,4868,1291,15075,23924,23535,20630,9035,5214
21576,7540,19418,21858,22776,15452,13472,311,18894,8788,10903,16238,5363,3318,21982,8823,8525,15223,5718,7805,21616,5483,14801,12983,21018,78,12235,13459,23308,13370,16032,2433,20989,8593,1044,6099,16136,10711,23306,16443,23150,21630,16438,1201,22645,18328,20606,736,15618,23727,10694,9251,10522,24553,22439,9819,3697,24259,8217,24954,22669,11794,16967,6319,20972,8346,7568,22474,18906,2651,13927,20420,9690,5328,4242,21378,10274,19776,4650,20958,1589,728,10604,22092,7059,10975,228,11560,11548,22448,19948,7048,21959,17072,15290,17459,15362,5628,15505,18454
8594,2202,7904,24040,20388,16523,4555,7589,15600,23695,7971,3024,3964,11035,12385,18691,11258,215,8929,1662,19214,4865,24496,11220,8879,17151,6685,682,2185,20209,2517,7094,15960,12229,17775,23245,15649,8360,10229,4060,9670,15073,22300,20865,11925,16155,211,17137,1106,20608,15695,1799,2223,21751,24751,1751,11447,3808,8893,2996,8390,250,17304,15479,6418,5359,21081,3463,12178,8426,24701,6498,11822,9212,15276,16444,4957,2051,626,987,7979,23335,12640,23019,2247,1000,3243,23823,18658,8714,2089,13992,10345,11125,24679,17943,6725,10897,24171,8098
1820,6616,554,17392,23014,14684,774,14264,15395,5648,23282,20500,488,5579,9535,11520,11802,16346,1803,4708,16301,7961,12853,17554,1397,14607,23550,61,13317,7975,14294,19027,23835,5080,500,1876,20113,16834,10755,10248,19405,19032,15659,19798,13376,22516,11909,7185,20920,10974,878,4451,3181,1601,20994,4810,17599,17408,22382,6130,11828,9525,5391,4987,7345,16147,11243,21617,7458,14748,16494,10088,12651,24083,5501,994,11187,23713,22790,7357,448,13385,10634,3432,2898,8364,9901,2637,19102,21870,7918,3476,3995,11632,2050,24493,4906,21315,6252,12449
20402,15568,80,19116,3574,19845,15275,17644,21395,10858,21848,17517,20738,23348,18242,20764,21507,9750,22767,3077,22511,14310,7951,4016,14365,17835,6209,8479,21249,23419,17309,6431,9229,15885,21172,13925,842,9696,18210,7293,18275,8392,23756,18122,2418,4154,11801,4266,4159,16410,23407,8119,1142,4590,14034,11039,16815,13255,10544,23700,13658,19004,416,3535,23380,16499,12138,24095,20123,18858,13592,13049,9772,6606,19049,15328,13068,1790,3080,20238,17852,19170,23620,24145,22351,14102,20428,11780,5606,775,21880,10841,17805,11758,8857,5977,5243,23642,20413,18023
17944,14701,18135,5359,23850,1408,20703,9693,21313,24336,3089,22518,8307,11469,1281,3020,22814,21526,11701,3040,13373,15205,18375,22544,4201,24915,3857,23389,5790,2223,12985,11939,21978,3061,2367,1210,17814,6062,9023,5464,6178,16218,23779,10875,16344,14486,11324,19963,20800,22938,4263,3132,4218,456,19207,9805,6826,16180,1326,18840,21349,1668,858,21541,23370,7974,15583,21053,20015,6628,2296,16604,5730,24962,5209,4002,24664,3808,82,6117,21178,22624,19175,12238,15384,2051,20522,9016,971,12632,15840,16052,9488,19973,23516,19461,18089,4288,22006,19886
15641,21772,19307,11112,9059,2802,24757,13403,13008,22874,15623,23204,11538,12086,16048,15901,14785,14273,11536,9416,15981,17609,17658,22401,23937,6141,3720,18965,20981,635,1601,5973,11520,23759,14951,6961,4906,2847,15165,16857,370,10223,12520,6360,8161,23033,4105,8964,20997,13221,5191,14697,19743,7458,10098,15920,11888,16346,17554,19102,4286,15993,11243,1741,3913,13376,7357,24936,4048,24342,18648,16366,4306,5809,13215,15327,1496,7961,22922,22112,7308,11988,5073,16942,24260,719,13427,5149,5477,21941,9795,11586,6100,5012,17513,9611,23032,6438,14534,21548
22084,11514,2820,20405,11035,2103,18607,13089,7094,590,24194,18658,1034,620,8390,4555,13709,2453,17857,4898,3964,13209,7589,3939,20668,11014,845,1610,22758,20209,626,20908,8695,2901,13870,5094,8714,23807,22917,4957,24978,23695,8929,5766,19839,7682,24171,3024,23019,20388,1000,3581,19733,250,9467,6418,14291,1532,6969,11925,3324,11408,9010,11484,16155,4049,21082,10897,19895,3082,20860,332,13071,18403,9670,11667,2519,8810,17742,1106,11931,17731,13546,24989,4199,12715,7635,12550,3045,7938,21754,15680,8594,10263,20865,22306,15293,8786,22120,19318
15841,22936,5862,532,3342,11918,1551,746,20169,18883,3456,10517,19927,6435,22175,18331,4671,1357,13833,10169,21939,14925,20003,8192,4315,24060,752,16703,20503,18028,4990,23553,601,7713,10035,11635,3638,24956,19812,14242,7007,17315,15116,3985,15529,4890,10012,3677,24716,20371,8806,415,5015,10254,11564,12529,6579,22316,10639,23431,8440,5482,18638,15000,22122,5038,1775,9841,18096,2290,6407,9516,11545,1187,8710,22824,737,9309,24743,16666,19904,6572,23151,9243,22127,8280,18431,12648,24312,5677,18968,22573,15763,13725,20664,7055,18350,22569,10545,921
15445,16775,4411,12281,3387,14836,23891,2145,9910,23760,23621,2177,10740,15196,14058,5939,13345,17066,16560,15662,20195,5238,23021,136,12898,2342,24718,11276,5796,23931,18082,5568,23319,11729,8143,21129,2381,10870,8474,15607,12187,8911,11880,15361,24964,3840,24991,14354,15120,24863,14777,8993,7735,14256,21811,3321,4753,10294,14199,9076,8677,1473,10283,9926,20162,16472,8728,18024,10781,22407,20006,2877,24187,17681,10271,16506,12057,3707,3036,8562,10777,14818,8622,15467,23834,14533,6032,8595,20181,555,19791,7877,16462,1233,7862,16540,20685,15447,21005,13901
7531,18842,10929,22795,24435,6244,4300,17524,2954,15108,3660,17160,12447,17093,7124,23467,358,8001,22866,13667,4871,422,17231,24558,14047,8362,24124,20124,9898,23341,9068,23324,15007,16850,4175,3245,4938,10185,18744,3053,18097,16090,15244,18655,2546,16040,9048,15185,3828,22530,13884,2363,7133,5990,22133,23512,11609,14638,1054,1242,17689,18913,597,16094,5046,11178,10697,6619,14057,22297,59,17617,6987,21942,5886,3959,10308,9832,7605,21331,15154,9381,15106,643,11576,954,3202,12002,3304,8801,11889,24011,4724,23606,22460,18326,14075,2396,8589,8350
5527,13663,14252,125,16481,6582,12329,8778,23136,14613,8663,12980,5357,16966,14596,9449,17510,8735,19355,6094,12381,11534,5064,20000,17414,3577,12763,7395,1081,11180,17788,23070,927,14775,684,12658,20005,18286,1511,19857,16412,10583,4773,181,11410,7526,20193,10020,10960,12465,24515,5751,13467,3145,13297,24958,3803,19305,22113,10670,9850,20279,816,8397,5710,16036,12832,4103,14187,1324,5698,1452,10791,15673,17508,17403,14321,22069,2308,17961,11734,23091,22375,957,6687,12645,10006,17556,3431,19928,12426,11907,7236,10581,16188,19646,4221,6213,8608,19547
6784,9367,8080,4736,2762,18865,10793,13061,18485,10786,13400,12685,16129,18416,14667,2971,132,4649,7487,6467,21106,5343,21637,20021,18218,4167,20078,11420,1378,2280,17360,16088,5423,19437,273,12151,1013,12806,840,11376,1180,12325,3846,17956,6787,4824,17749,7525,5765,5816,1442,15540,17512,7210,18758,22013,23108,20617,15100,24049,1835,16607,7999,2995,16997,490,23052,2846,18647,1179,11536,18975,24326,21024,15775,8871,24949,13705,13193,18479,8889,4019,12728,2371,17958,8719,20068,24826,438,19097,6766,16408,6843,10620,22228,13495,786,17873,2916,20858
17549,21533,7095,15470,3797,11040,20664,15418,5602,13246,1357,2093,11807,8133,3638,21506,13523,18452,3088,179,19657,11821,21308,9492,24802,6740,20900,23054,16618,15231,2702,1204,16770,10792,7733,7216,20307,8269,2640,21085,17161,5232,5007,5352,18380,4153,24648,18973,15520,6294,2258,5952,1775,22687,19467,16442,3896,2752,20448,13834,11050,2984,23427,24963,19382,18386,24743,367,2887,19702,17688,6786,11431,3950,16650,21866,1050,12109,13984,15030,1654,18910,11781,5677,4102,5735,23024,13257,12825,11803,8243,818,13527,19928,8648,12966,14783,29,4595,9088
17030,8373,17679,14707,8631,5682,19398,23398,17858,4815,8322,8181,10057,24604,1702,10822,8737,20431,112,6977,32,14502,2452,3346,23675,20556,4320,18590,21076,1808,5934,7301,5354,15455,12850,7752,6361,5588,20226,17881,9269,13227,1255,23330,19901,23889,7232,1365,1435,16843,16350,15602,21074,21229,141,7873,18124,9984,15726,6101,1581,8026,24889,23172,23404,1620,4156,2138,17932,6351,20942,10550,21936,12649,18238,18887,18093,16913,15603,6762,4919,6876,14564,18397,647,13440,301,7629,24076,631,15932,6855,15226,4319,10972,4050,19331,6612,20639,7734
22980,17634,18186,9381,16012,2561,17682,19646,13667,18425,9288,17715,11410,4936,20935,2096,17753,23320,3262,3145,27,3803,14596,23872,5357,11527,22133,665,15478,2388,3828,13651,2066,23613,13416,6676,7485,21189,7359,15261,4533,18253,13822,10617,13127,23787,9890,6544,10956,231,902,7236,5990,22913,1928,14878,1244,21786,16304,5710,17961,5527,6684,16985,13663,20366,22796,22608,10425,3372,637,11914,6566,21993,7331,6241,21707,1399,9832,13995,13297,6039,14674,15124,18990,4871,172,7957,4968,23610,11178,18351,5561,14432,18243,23482,18625,24264,14710,16269
23061,16345,4609,24707,1037,3346,9550,15455,24730,6954,13300,15633,11977,11659,9394,6210,4740,23449,1362,10726,6976,11789,19197,21109,24872,13927,18543,8882,12355,12351,8088,15265,260,3185,19635,20098,5289,11307,8495,15709,19748,14502,9520,6977,6160,12850,8322,19901,22681,19548,14767,24889,2277,19142,6981,14347,1390,16763,781,3847,265,14992,18397,12055,9308,2370,2028,23158,19163,22195,15731,17068,2501,12589,7639,6047,8373,3310,9124,20460,19028,8114,24953,1848,9322,8574,20867,7407,18413,24174,1010,22039,1255,13415,8914,17808,23398,6003,4803,17049
8136,20719,5144,7476,15255,6199,195,7885,12749,3057,9543,3017,5732,6313,8051,14436,5887,15312,14174,11046,8577,5048,3093,11311,11638,8329,21232,18227,24,11087,16643,20809,889,22303,4005,23445,10044,16225,12488,6332,13152,19020,14191,949,3507,15503,22953,5641,18915,15181,4686,21310,16085,7803,17946,10613,5627,7500,1126,20901,9568,18265,9653,5870,23701,20450,3182,7555,12530,24644,5692,17739,23582,22523,22440,23247,19025,6490,17929,24806,16190,12903,155,1332,8605,2137,3622,16951,2988,12024,14171,22526,21607,6913,24188,3772,4444,6594,18037,11384
3287,5731,21267,2043,11423,1154,20328,22742,18968,15895,12977,16936,24625,10525,21621,1823,12508,23484,5526,1518,1082,2201,15060,2344,13455,1111,16450,7405,6589,499,1003,4793,2323,15813,4168,10725,619,19359,11706,19462,7195,4922,9936,21812,1078,10128,11044,6579,13762,12953,19610,13707,2763,18504,23584,21961,6403,5515,5372,16547,7917,5567,1199,7490,724,6767,11827,1757,17671,22849,21896,20621,2084,15130,15213,23030,6970,14712,7346,6840,17601,9873,9678,16878,18096,15736,15225,20590,4870,20222,24404,5055,3736,2121,16072,5741,21020,9026,4742,13432
11759,18030,20390,16316,11513,6198,155,2198,11262,23077,19057,18863,12004,14842,17661,11885,21562,11430,5449,24382,19931,13769,7888,3746,6827,10127,3707,22782,10144,16205,22440,4209,15549,24894,24829,6499,4501,14771,10367,10227,8728,2527,13330,7675,3036,10954,20441,4454,1023,247,24644,12255,11528,5010,20775,21860,1524,5216,13705,13679,15607,19020,4440,16472,24735,15734,14235,21481,5783,21474,24551,14777,18611,1053,1330,5388,10938,16057,16635,6712,11310,12897,16117,10651,7560,15800,17977,11544,14562,5244,22557,1245,6275,13656,24540,12530,23499,20916,23178,4593
