4289401,4240915,49907236,9071791,72354991,83097879,83726847,67296532,83069319,19023186,18889931,93079518,4143943,81409795,18996535,81381466,83040759,84156601,9816260,81438124,49431338,9789591,81466453,81494782,81579769,82983639,96021600,18943233,18969884,83012199,18863280,81551440,19049837,71352906,81523111,8329971,9709584,71274701,52252825,8357129,9656246,8302813,9736253,9842929,81353137,7945282,57305047,57215011,57245023,57335059,57395083,53241891,53478075,53802275,54039571,57275035,57184999,21389084,52105450,56092707,12798452,83126439,99642614,18916582,52193875,12826356,10064554,9762922,9742261,58561077,58591043,9629577,51552604,9688923,12742644,32265709,9682915,58531111,53288132,9715592,9768930,8275655,12854260,51613028,52311775,91069159,58501145,4192429,32295154,63238332,52282300,87943584,51733876,12882164,52164400,12714740,51582816,49653173,9662254,51492180
317409,470853,291835,342983,368557,266261,394131,419705,445279,2486994,2537384,2688554,2512189,2562579,2587774,2612969,2638164,2663359,79517254,79492637,79541871,79689573,79566488,79591105,79615722,79640339,79664956,54585296,54562038,82465162,82391188,82563794,82489820,55022380,82514478,82415846,82539136,55063774,54980986,84003081,55146562,82366530,82440504,80822793,84027637,99883039,99815776,84052193,99838197,84076749,54748102,99950302,99770934,55001683,80903169,84468824,84517928,84101305,80929961,99793355,84493376,99860618,81037129,54608554,80956753,83953969,28447678,75428860,83929413,64733186,55043077,84542480,25731693,80849585,81622231,54631812,84567032,99927881,22056324,5647682,83978525,54655070,75455615,55084471,5669983,14563074,99905460,84395168,19741226,26730024,5759187,88092058,5736886,84419720,5714585,75616145,25796259,88069600,75402105,25645605
317409,470853,291835,342983,368557,266261,394131,419705,445279,2486994,2537384,2688554,2512189,2562579,2587774,2612969,2638164,2663359,79517254,79492637,79541871,79689573,79566488,79591105,79615722,79640339,79664956,54585296,82465162,54562038,82391188,82563794,82489820,55022380,82514478,82415846,82539136,55063774,54980986,84003081,82366530,55146562,82440504,80822793,84027637,99883039,84052193,99815776,84076749,99838197,54748102,99950302,99770934,55001683,80903169,84468824,84517928,84101305,99793355,80929961,84493376,99860618,81037129,54608554,83953969,80956753,75428860,28447678,83929413,64733186,55043077,84542480,25731693,80849585,81622231,54631812,84567032,99927881,75455615,22056324,83978525,5647682,54655070,55084471,5669983,14563074,99905460,26730024,84395168,19741226,5759187,84419720,5736886,88092058,75616145,5714585,75402105,25796259,19425625,88069600
317409,470853,291835,342983,368557,266261,394131,419705,445279,2486994,2537384,2688554,2512189,2562579,2587774,2612969,2638164,2663359,79517254,79492637,79541871,79689573,79566488,79591105,79615722,79640339,79664956,54585296,82465162,54562038,82391188,82563794,82489820,82514478,55022380,82415846,82539136,55063774,54980986,84003081,82366530,55146562,82440504,80822793,84027637,99883039,84052193,99815776,84076749,99838197,54748102,99950302,99770934,55001683,84517928,84468824,80903169,84101305,99793355,80929961,84493376,99860618,81037129,54608554,83953969,80956753,75428860,83929413,64733186,28447678,55043077,84542480,25731693,80849585,84567032,81622231,54631812,75455615,99927881,22056324,83978525,5647682,54655070,55084471,5669983,26730024,99905460,14563074,84395168,19741226,84419720,5759187,5736886,75616145,88092058,5714585,75402105,19425625,25796259,88069600
317409,470853,291835,342983,368557,266261,394131,419705,445279,2486994,2537384,2688554,2512189,2562579,2587774,2612969,2638164,2663359,79517254,79492637,79541871,79689573,79566488,79591105,79615722,79640339,79664956,54585296,82465162,54562038,82391188,82563794,82489820,82514478,55022380,82415846,82539136,55063774,84003081,54980986,82366530,82440504,55146562,80822793,84027637,84052193,99883039,84076749,99815776,99838197,54748102,99950302,99770934,55001683,84517928,84468824,80903169,84101305,84493376,99793355,80929961,99860618,81037129,83953969,54608554,75428860,80956753,64733186,83929413,84542480,55043077,28447678,80849585,84567032,81622231,54631812,25731693,75455615,22056324,83978525,99927881,5647682,55084471,54655070,26730024,5669983,99905460,84395168,19741226,14563074,84419720,75616145,5759187,5736886,75402105,19425625,88092058,5714585,75509125,75482370
317409,470853,291835,342983,368557,266261,394131,419705,445279,2486994,2537384,2688554,2512189,2562579,2587774,2612969,2638164,2663359,79517254,79492637,79541871,79689573,79566488,79591105,79615722,79640339,79664956,54585296,82465162,54562038,82391188,82563794,82489820,82514478,55022380,82415846,82539136,55063774,84003081,54980986,82366530,82440504,55146562,84027637,80822793,84052193,99883039,84076749,99815776,99838197,54748102,99770934,99950302,55001683,84517928,84468824,80903169,84101305,84493376,99793355,80929961,99860618,81037129,75428860,83953969,54608554,80956753,64733186,83929413,84542480,55043077,28447678,84567032,80849585,81622231,54631812,25731693,75455615,22056324,83978525,99927881,5647682,55084471,54655070,26730024,5669983,84395168,99905460,19741226,84419720,75616145,14563074,5759187,5736886,19425625,75402105,5714585,88092058,75509125,75482370
317409,470853,291835,342983,368557,266261,394131,419705,445279,2486994,2537384,2688554,2512189,2562579,2587774,2612969,2638164,2663359,79517254,79492637,79541871,79689573,79566488,79591105,79615722,79640339,79664956,54585296,82465162,54562038,82391188,82563794,82489820,82514478,55022380,82415846,82539136,84003081,55063774,82366530,54980986,82440504,55146562,84027637,80822793,84052193,84076749,99883039,99815776,99838197,54748102,99770934,99950302,84517928,84468824,55001683,80903169,84101305,84493376,99793355,80929961,99860618,81037129,75428860,83953969,54608554,80956753,64733186,83929413,84542480,55043077,28447678,84567032,80849585,81622231,54631812,75455615,25731693,22056324,26730024,83978525,55084471,5647682,99927881,54655070,5669983,84395168,19741226,99905460,75616145,84419720,19425625,14563074,5759187,75402105,5736886,5714585,75509125,75482370,88092058
317409,470853,291835,342983,368557,266261,394131,419705,445279,2486994,2537384,2688554,2512189,2562579,2587774,2612969,2638164,2663359,79517254,79492637,79541871,79689573,79566488,79591105,79615722,79640339,79664956,54585296,82465162,54562038,82391188,82563794,82489820,82514478,55022380,82539136,82415846,84003081,55063774,82366530,54980986,82440504,55146562,84027637,80822793,84052193,84076749,99883039,99815776,99838197,54748102,99770934,99950302,84517928,84468824,55001683,80903169,84101305,84493376,99793355,80929961,99860618,75428860,81037129,83953969,54608554,64733186,80956753,83929413,84542480,55043077,28447678,84567032,75455615,80849585,81622231,54631812,26730024,25731693,22056324,83978525,55084471,5647682,99927881,54655070,5669983,84395168,75616145,19741226,99905460,19425625,84419720,75402105,5759187,5736886,14563074,75509125,75482370,5714585,88092058
317409,470853,291835,342983,368557,266261,394131,419705,445279,2486994,2537384,2688554,2512189,2562579,2587774,2612969,2638164,2663359,79517254,79492637,79541871,79689573,79566488,79591105,79615722,79640339,79664956,54585296,82465162,54562038,82391188,82563794,82489820,82514478,55022380,82539136,82415846,84003081,55063774,82366530,54980986,82440504,55146562,84027637,84052193,80822793,84076749,99883039,99815776,99838197,54748102,84517928,99770934,99950302,84468824,55001683,80903169,84101305,84493376,99793355,80929961,99860618,75428860,81037129,83953969,64733186,54608554,80956753,83929413,84542480,55043077,84567032,75455615,28447678,80849585,81622231,54631812,26730024,22056324,83978525,55084471,25731693,5647682,54655070,99927881,5669983,84395168,75616145,19425625,19741226,99905460,84419720,75402105,5759187,5736886,14563074,75509125,75482370,5714585,83904857
317409,470853,291835,342983,368557,266261,394131,419705,445279,2486994,2537384,2688554,2512189,2562579,2587774,2612969,2638164,2663359,79517254,79492637,79541871,79689573,79566488,79591105,79615722,79640339,79664956,54585296,82465162,54562038,82391188,82563794,82489820,82514478,55022380,82539136,82415846,84003081,82366530,55063774,82440504,54980986,55146562,84027637,84052193,84076749,80822793,99883039,99815776,99838197,84517928,54748102,99770934,84468824,99950302,55001683,80903169,84101305,84493376,99793355,80929961,99860618,75428860,81037129,83953969,64733186,54608554,80956753,84542480,83929413,55043077,84567032,75455615,26730024,28447678,81622231,80849585,54631812,22056324,83978525,55084471,5647682,54655070,99927881,25731693,75616145,19425625,5669983,84395168,19741226,99905460,84419720,75402105,5759187,5736886,75509125,75482370,14563074,5714585,26800992
317409,470853,291835,342983,368557,266261,394131,419705,445279,2486994,2537384,2688554,2512189,2562579,2587774,2612969,2638164,2663359,79517254,79492637,79541871,79689573,79566488,79591105,79615722,79640339,79664956,54585296,82465162,54562038,82391188,82563794,82489820,82514478,55022380,82539136,82415846,84003081,82366530,55063774,82440504,54980986,55146562,84027637,84052193,84076749,80822793,99883039,99815776,99838197,84517928,54748102,84468824,99770934,99950302,55001683,80903169,84493376,84101305,99793355,80929961,99860618,75428860,83953969,81037129,64733186,84542480,54608554,83929413,80956753,55043077,75455615,84567032,26730024,81622231,54631812,80849585,28447678,22056324,83978525,55084471,5647682,54655070,99927881,19425625,25731693,75616145,5669983,84395168,19741226,75402105,84419720,99905460,75509125,75482370,5736886,5759187,14563074,5714585,26800992
317409,470853,291835,342983,368557,266261,394131,419705,445279,2486994,2537384,2688554,2512189,2562579,2587774,2612969,2638164,2663359,79517254,79492637,79541871,79689573,79566488,79591105,79615722,79640339,79664956,54585296,82465162,54562038,82391188,82563794,82489820,82514478,55022380,82539136,82415846,84003081,82366530,55063774,82440504,54980986,55146562,84027637,84052193,84076749,80822793,99883039,99815776,99838197,84517928,84468824,54748102,99770934,99950302,55001683,84493376,84101305,80903169,99793355,80929961,99860618,75428860,83953969,64733186,81037129,84542480,83929413,54608554,80956753,55043077,75455615,26730024,84567032,81622231,54631812,80849585,28447678,22056324,83978525,55084471,5647682,19425625,54655070,99927881,75616145,25731693,84395168,5669983,75402105,19741226,84419720,99905460,75509125,75482370,5736886,5759187,26800992,5714585,14563074
317409,470853,291835,342983,368557,266261,394131,419705,445279,2486994,2537384,2688554,2512189,2562579,2587774,2612969,2638164,2663359,79517254,79492637,79541871,79689573,79566488,79591105,79615722,79640339,79664956,54585296,82465162,54562038,82391188,82563794,82489820,82514478,82539136,55022380,82415846,84003081,82366530,82440504,55063774,54980986,55146562,84027637,84076749,84052193,80822793,99883039,99815776,84517928,99838197,84468824,54748102,99770934,99950302,55001683,84493376,84101305,80903169,99793355,80929961,75428860,99860618,83953969,64733186,81037129,84542480,83929413,54608554,80956753,55043077,75455615,26730024,84567032,81622231,54631812,80849585,22056324,28447678,83978525,19425625,55084471,5647682,75616145,54655070,99927881,84395168,75402105,5669983,19741226,25731693,84419720,99905460,75509125,75482370,5736886,26800992,5759187,26635400,5714585
317409,470853,291835,342983,368557,266261,394131,419705,445279,2486994,2537384,2688554,2512189,2562579,2587774,2612969,2638164,2663359,79517254,79492637,79541871,79689573,79566488,79591105,79615722,79640339,79664956,54585296,82465162,54562038,82391188,82563794,82489820,82514478,82539136,82415846,55022380,84003081,82366530,82440504,55063774,54980986,84027637,55146562,84076749,84052193,80822793,99883039,99815776,84517928,99838197,84468824,54748102,99770934,99950302,84493376,55001683,84101305,80903169,99793355,80929961,75428860,99860618,83953969,64733186,84542480,81037129,83929413,54608554,80956753,55043077,26730024,75455615,84567032,54631812,81622231,80849585,19425625,22056324,83978525,55084471,28447678,75616145,5647682,54655070,99927881,75402105,84395168,5669983,19741226,84419720,25731693,75509125,75482370,99905460,26800992,5736886,26635400,5759187,26611744
317409,470853,291835,342983,368557,266261,394131,419705,445279,2486994,2537384,2688554,2512189,2562579,2587774,2612969,2638164,2663359,79517254,79492637,79541871,79689573,79566488,79591105,79615722,79640339,79664956,54585296,82465162,54562038,82391188,82563794,82489820,82514478,82539136,82415846,55022380,84003081,82366530,82440504,55063774,54980986,84027637,55146562,84076749,84052193,99883039,80822793,99815776,84517928,84468824,99838197,99770934,54748102,99950302,84493376,84101305,55001683,80903169,99793355,75428860,80929961,99860618,64733186,83953969,84542480,81037129,83929413,54608554,80956753,26730024,75455615,55043077,84567032,19425625,54631812,81622231,80849585,22056324,83978525,55084471,75616145,28447678,5647682,54655070,75402105,99927881,84395168,19741226,5669983,84419720,75509125,75482370,99905460,25731693,26800992,26635400,26611744,5736886,5759187
317409,470853,291835,342983,368557,266261,394131,419705,445279,2486994,2537384,2688554,2512189,2562579,2587774,2612969,2638164,2663359,79517254,79492637,79541871,79689573,79566488,79591105,79615722,79640339,79664956,54585296,82465162,54562038,82391188,82563794,82489820,82514478,82539136,82415846,55022380,84003081,82366530,82440504,55063774,54980986,84027637,55146562,84076749,84052193,99883039,80822793,99815776,84517928,84468824,99838197,99770934,54748102,99950302,84493376,84101305,55001683,80903169,99793355,75428860,80929961,99860618,64733186,83953969,84542480,83929413,81037129,26730024,54608554,80956753,75455615,55043077,84567032,19425625,54631812,81622231,80849585,22056324,83978525,75616145,55084471,5647682,75402105,54655070,28447678,99927881,84395168,19741226,75509125,5669983,75482370,84419720,26800992,99905460,25731693,26635400,26611744,5736886,5759187
317409,470853,291835,342983,368557,266261,394131,419705,445279,2486994,2537384,2688554,2512189,2562579,2587774,2612969,2638164,2663359,79517254,79492637,79541871,79689573,79566488,79591105,79615722,79640339,79664956,54585296,82465162,54562038,82391188,82563794,82489820,82514478,82539136,82415846,55022380,84003081,82366530,82440504,55063774,84027637,54980986,55146562,84076749,84052193,99883039,99815776,84517928,80822793,84468824,99838197,99770934,54748102,99950302,84493376,84101305,55001683,80903169,99793355,75428860,80929961,99860618,64733186,83953969,84542480,26730024,83929413,81037129,75455615,54608554,80956753,55043077,84567032,19425625,54631812,81622231,75616145,80849585,22056324,83978525,55084471,75402105,5647682,54655070,28447678,84395168,99927881,75509125,75482370,19741226,84419720,26800992,5669983,26635400,99905460,26611744,25731693,19382877,5736886
317409,470853,291835,342983,368557,266261,394131,419705,445279,2486994,2537384,2688554,2512189,2562579,2587774,2612969,2638164,2663359,79517254,79492637,79541871,79689573,79566488,79591105,79615722,79640339,79664956,54585296,82465162,54562038,82391188,82563794,82489820,82514478,82539136,82415846,55022380,84003081,82366530,82440504,55063774,84027637,54980986,84076749,55146562,84052193,99883039,84517928,99815776,80822793,84468824,99838197,84493376,99770934,54748102,99950302,84101305,55001683,80903169,75428860,99793355,80929961,99860618,64733186,83953969,84542480,26730024,83929413,75455615,81037129,54608554,80956753,55043077,84567032,19425625,75616145,54631812,81622231,22056324,83978525,80849585,55084471,75402105,5647682,54655070,84395168,99927881,75509125,75482370,28447678,26800992,19741226,84419720,26635400,5669983,26611744,99905460,19382877,25731693,26706368
317409,470853,291835,342983,368557,266261,394131,419705,445279,2486994,2537384,2688554,2512189,2562579,2587774,2612969,2638164,2663359,79517254,79492637,79541871,79689573,79566488,79591105,79615722,79640339,79664956,54585296,82465162,54562038,82391188,82563794,82489820,82514478,82539136,82415846,55022380,84003081,82366530,82440504,55063774,84027637,54980986,84076749,84052193,55146562,84517928,99883039,99815776,80822793,84468824,99838197,84493376,99770934,54748102,99950302,84101305,55001683,75428860,80903169,99793355,80929961,99860618,64733186,26730024,84542480,83953969,75455615,83929413,81037129,80956753,54608554,55043077,19425625,84567032,75616145,54631812,81622231,22056324,83978525,80849585,55084471,75402105,5647682,54655070,26800992,75509125,84395168,75482370,99927881,26635400,19741226,28447678,84419720,26611744,5669983,99905460,19382877,26706368,25731693
317409,470853,291835,342983,368557,266261,394131,419705,445279,2486994,2537384,2688554,2512189,2562579,2587774,2612969,2638164,2663359,79517254,79541871,79492637,79689573,79566488,79591105,79615722,79640339,79664956,54585296,82465162,54562038,82391188,82563794,82489820,82514478,82539136,82415846,55022380,84003081,82366530,82440504,55063774,84027637,84076749,54980986,84052193,55146562,84517928,99883039,99815776,84468824,80822793,84493376,99838197,99770934,54748102,99950302,84101305,55001683,75428860,80903169,99793355,80929961,99860618,26730024,64733186,84542480,83953969,75455615,83929413,81037129,80956753,54608554,55043077,19425625,84567032,75616145,54631812,81622231,22056324,83978525,75402105,55084471,80849585,26800992,5647682,75509125,75482370,54655070,84395168,26635400,26611744,99927881,19741226,84419720,28447678,5669983,19382877,99905460,26706368,26682712
317409,470853,291835,342983,368557,266261,394131,419705,445279,2486994,2688554,2537384,2512189,2562579,2587774,2612969,2638164,2663359,79517254,79541871,79492637,79689573,79566488,79591105,79615722,79640339,79664956,54585296,82465162,54562038,82391188,82563794,82489820,82514478,82539136,82415846,55022380,84003081,82366530,82440504,84027637,55063774,84076749,54980986,84052193,55146562,84517928,99883039,99815776,84468824,80822793,84493376,99838197,99770934,84101305,99950302,54748102,75428860,55001683,80903169,99793355,26730024,80929961,99860618,64733186,84542480,83953969,75455615,83929413,81037129,19425625,80956753,54608554,55043077,84567032,75616145,75402105,22056324,83978525,54631812,81622231,55084471,80849585,26800992,75509125,75482370,26635400,5647682,54655070,26611744,84395168,99927881,19741226,84419720,19382877,5669983,28447678,26706368,99905460,26682712
317409,470853,291835,342983,368557,266261,394131,419705,445279,2486994,2688554,2537384,2512189,2562579,2587774,2612969,2638164,2663359,79517254,79541871,79492637,79689573,79566488,79591105,79615722,79640339,79664956,54585296,82465162,54562038,82391188,82563794,82489820,82514478,82539136,82415846,55022380,84003081,82366530,82440504,84027637,55063774,84076749,84052193,54980986,55146562,84517928,99883039,84468824,99815776,80822793,84493376,99838197,84101305,99770934,99950302,54748102,75428860,55001683,80903169,99793355,26730024,80929961,64733186,99860618,84542480,83953969,75455615,83929413,19425625,81037129,80956753,54608554,55043077,84567032,75616145,75402105,22056324,83978525,54631812,26800992,81622231,55084471,26635400,80849585,75509125,75482370,26611744,5647682,84395168,54655070,19741226,99927881,19382877,84419720,5669983,26706368,28447678,26682712,67624782
317409,470853,291835,342983,368557,266261,394131,419705,445279,2486994,2688554,2537384,2512189,2562579,2587774,2612969,2638164,2663359,79517254,79541871,79492637,79689573,79566488,79591105,79615722,79640339,79664956,54585296,82465162,54562038,82391188,82563794,82489820,82514478,82539136,82415846,55022380,84003081,82366530,82440504,84027637,55063774,84076749,84052193,54980986,55146562,84517928,84468824,99883039,99815776,84493376,80822793,84101305,99838197,99770934,75428860,99950302,54748102,55001683,80903169,99793355,26730024,64733186,80929961,84542480,99860618,75455615,83953969,83929413,19425625,81037129,80956753,54608554,55043077,84567032,75616145,75402105,26800992,83978525,22056324,26635400,54631812,55084471,81622231,26611744,75509125,75482370,80849585,5647682,84395168,54655070,19382877,19741226,84419720,99927881,26706368,26682712,5669983,67624782,26659056
317409,470853,291835,342983,368557,266261,394131,419705,445279,2486994,2688554,2537384,2512189,2562579,2587774,2612969,2638164,2663359,79517254,79541871,79492637,79689573,79566488,79591105,79615722,79640339,79664956,54585296,82465162,54562038,82391188,82563794,82489820,82514478,82539136,82415846,55022380,84003081,82366530,82440504,84027637,55063774,84076749,84052193,54980986,55146562,84517928,84468824,99883039,99815776,84493376,80822793,84101305,75428860,99838197,99770934,99950302,54748102,55001683,26730024,99793355,80903169,64733186,84542480,80929961,75455615,99860618,83953969,19425625,83929413,81037129,80956753,54608554,55043077,84567032,75616145,75402105,26800992,26635400,83978525,22056324,26611744,55084471,54631812,75482370,75509125,81622231,80849585,19382877,5647682,84395168,54655070,19741226,26706368,84419720,99927881,26682712,67624782,26659056,5669983
317409,470853,291835,342983,368557,266261,394131,419705,445279,2486994,2688554,2537384,2512189,2562579,2587774,2612969,2638164,2663359,79517254,79541871,79492637,79689573,79566488,79591105,79615722,79640339,79664956,82465162,54585296,82391188,54562038,82563794,82489820,82514478,82539136,82415846,84003081,55022380,82366530,82440504,84027637,84076749,55063774,84052193,54980986,55146562,84517928,84468824,99883039,99815776,84493376,75428860,80822793,84101305,99838197,99770934,99950302,54748102,26730024,55001683,99793355,80903169,64733186,75455615,84542480,80929961,83953969,99860618,19425625,83929413,81037129,80956753,54608554,55043077,84567032,75616145,26800992,75402105,26635400,26611744,83978525,22056324,75482370,75509125,55084471,54631812,81622231,19382877,80849585,84395168,5647682,54655070,26706368,26682712,19741226,84419720,67624782,99927881,26659056,5669983
317409,470853,291835,342983,368557,266261,394131,419705,445279,2486994,2688554,2537384,2512189,2562579,2587774,2612969,2638164,2663359,79517254,79541871,79492637,79689573,79566488,79591105,79615722,79640339,79664956,82465162,54585296,82391188,54562038,82563794,82489820,82514478,82539136,82415846,84003081,82366530,55022380,82440504,84027637,84076749,55063774,84052193,54980986,55146562,84517928,84468824,99883039,99815776,84493376,75428860,84101305,80822793,99838197,99770934,99950302,54748102,26730024,55001683,99793355,80903169,75455615,64733186,84542480,19425625,80929961,83953969,99860618,83929413,81037129,80956753,54608554,55043077,84567032,75616145,26800992,75402105,26635400,26611744,75482370,75509125,83978525,22056324,55084471,19382877,54631812,81622231,80849585,84395168,26706368,5647682,26682712,54655070,67624782,19741226,26659056,84419720,99927881,5669983
317409,470853,291835,342983,368557,266261,394131,419705,445279,2486994,2688554,2537384,2512189,2562579,2587774,2612969,2638164,2663359,79517254,79541871,79492637,79689573,79566488,79591105,79615722,79640339,79664956,82465162,54585296,82391188,54562038,82563794,82489820,82514478,82539136,82415846,82366530,84003081,55022380,82440504,84027637,84076749,55063774,84052193,54980986,55146562,84517928,84468824,84493376,99883039,99815776,75428860,84101305,26730024,80822793,99770934,99838197,99950302,54748102,55001683,99793355,80903169,75455615,64733186,19425625,84542480,80929961,83953969,99860618,83929413,81037129,80956753,55043077,54608554,84567032,75616145,26800992,26635400,75402105,26611744,75482370,75509125,19382877,83978525,22056324,55084471,54631812,81622231,26706368,26682712,84395168,80849585,67624782,5647682,26659056,54655070,19741226,84419720,99927881,19361503
317409,470853,291835,368557,342983,266261,394131,419705,445279,2486994,2688554,2537384,2512189,2562579,2587774,2612969,2638164,2663359,79517254,79541871,79492637,79689573,79566488,79591105,79615722,79640339,79664956,82465162,54585296,82391188,54562038,82563794,82489820,82514478,82539136,82415846,82366530,84003081,82440504,55022380,84027637,84076749,55063774,84052193,54980986,55146562,84517928,84468824,84493376,99883039,75428860,99815776,26730024,84101305,80822793,99770934,99838197,99950302,54748102,55001683,99793355,80903169,75455615,19425625,64733186,84542480,83953969,80929961,99860618,83929413,75616145,26800992,80956753,81037129,55043077,84567032,54608554,26635400,26611744,75402105,75482370,19382877,75509125,83978525,22056324,55084471,26682712,26706368,54631812,81622231,67624782,26659056,84395168,80849585,5647682,54655070,19741226,84419720,19361503,99927881
317409,470853,291835,368557,342983,266261,394131,419705,445279,2486994,2688554,2512189,2537384,2562579,2587774,2612969,2638164,2663359,79517254,79541871,79492637,79689573,79566488,79591105,79615722,79640339,79664956,82465162,54585296,82391188,82489820,82563794,54562038,82514478,82539136,82415846,82366530,84003081,82440504,55022380,84027637,84076749,84052193,55063774,54980986,55146562,84517928,84468824,84493376,75428860,99883039,99815776,26730024,84101305,99770934,80822793,99838197,99950302,54748102,55001683,19425625,99793355,75455615,80903169,64733186,84542480,83953969,80929961,99860618,83929413,26800992,75616145,26635400,55043077,84567032,80956753,81037129,54608554,26611744,75402105,19382877,75482370,75509125,83978525,22056324,26682712,26706368,55084471,67624782,54631812,26659056,81622231,84395168,80849585,5647682,54655070,19361503,19741226,84419720,66878008
317409,470853,291835,368557,342983,266261,394131,419705,445279,2486994,2688554,2512189,2537384,2562579,2587774,2612969,2638164,2663359,79517254,79541871,79492637,79689573,79566488,79591105,79615722,79640339,79664956,82465162,54585296,82391188,82489820,82563794,54562038,82514478,82539136,82415846,82366530,84003081,82440504,55022380,84027637,84076749,84052193,55063774,54980986,55146562,84517928,84468824,84493376,75428860,26730024,99883039,99815776,84101305,99770934,99838197,80822793,99950302,54748102,19425625,75455615,55001683,99793355,80903169,64733186,84542480,83953969,80929961,99860618,83929413,26800992,26635400,75616145,26611744,84567032,55043077,80956753,81037129,75402105,54608554,19382877,75482370,75509125,26682712,26706368,83978525,22056324,55084471,67624782,26659056,54631812,81622231,84395168,19361503,5647682,80849585,54655070,19741226,84419720,66878008
317409,470853,291835,368557,342983,266261,394131,419705,445279,2486994,2688554,2512189,2537384,2562579,2587774,2612969,2638164,2663359,79517254,79541871,79492637,79689573,79566488,79591105,79615722,79640339,79664956,82465162,54585296,82391188,82489820,82563794,54562038,82514478,82539136,82415846,82366530,84003081,82440504,55022380,84027637,84076749,84052193,55063774,54980986,55146562,84517928,84468824,75428860,26730024,84493376,99883039,99815776,84101305,99770934,99838197,19425625,99950302,80822793,54748102,75455615,99793355,55001683,64733186,84542480,80903169,83953969,80929961,99860618,83929413,26800992,26635400,75616145,26611744,84567032,75402105,55043077,80956753,81037129,54608554,19382877,75482370,75509125,26682712,26706368,67624782,26659056,83978525,22056324,55084471,54631812,19361503,81622231,84395168,5647682,80849585,54655070,19741226,84419720,66878008
317409,470853,291835,368557,342983,266261,394131,419705,445279,2486994,2688554,2512189,2537384,2562579,2587774,2612969,2638164,2663359,79517254,79541871,79492637,79689573,79566488,79591105,79615722,79640339,79664956,82465162,54585296,82391188,82489820,82563794,54562038,82514478,82539136,82415846,82366530,84003081,82440504,55022380,84027637,84076749,84052193,55063774,54980986,84517928,55146562,26730024,84468824,75428860,84493376,99883039,99815776,84101305,19425625,99770934,99838197,99950302,80822793,75455615,54748102,99793355,55001683,64733186,84542480,80903169,83953969,80929961,99860618,26800992,83929413,26635400,26611744,75616145,75402105,84567032,19382877,55043077,80956753,54608554,81037129,75482370,75509125,26682712,26706368,67624782,26659056,83978525,22056324,55084471,19361503,54631812,81622231,84395168,5647682,80849585,84419720,19741226,54655070,66878008
317409,470853,291835,368557,342983,266261,394131,419705,445279,2486994,2688554,2512189,2537384,2562579,2587774,2612969,2638164,2663359,79517254,79541871,79492637,79689573,79566488,79591105,79615722,79640339,79664956,82465162,54585296,82391188,82489820,82563794,54562038,82514478,82539136,82415846,82366530,84003081,82440504,84027637,55022380,84076749,84052193,55063774,84517928,54980986,55146562,26730024,75428860,84468824,84493376,99883039,99815776,84101305,19425625,99770934,75455615,99838197,99950302,80822793,54748102,99793355,64733186,55001683,84542480,80903169,83953969,26800992,26635400,80929961,99860618,83929413,26611744,75616145,19382877,75402105,84567032,55043077,80956753,54608554,81037129,75482370,75509125,26682712,26706368,67624782,26659056,83978525,22056324,19361503,55084471,54631812,84395168,81622231,5647682,66878008,75535880,84419720,19741226,80849585
317409,470853,291835,368557,342983,266261,394131,419705,445279,2486994,2688554,2512189,2537384,2562579,2587774,2612969,2638164,2663359,79517254,79541871,79492637,79689573,79566488,79591105,79615722,79640339,79664956,82465162,54585296,82391188,82489820,82563794,54562038,82514478,82539136,82415846,82366530,84003081,82440504,84027637,84076749,55022380,84052193,55063774,84517928,26730024,54980986,55146562,75428860,84468824,84493376,19425625,99815776,99883039,84101305,75455615,99770934,99838197,99950302,54748102,80822793,64733186,99793355,84542480,55001683,80903169,26800992,83953969,26635400,26611744,80929961,83929413,99860618,75616145,19382877,75402105,84567032,55043077,26682712,75482370,80956753,75509125,54608554,81037129,26706368,67624782,26659056,19361503,83978525,22056324,55084471,84395168,54631812,81622231,66878008,75535880,5647682,19404251,84419720,19741226
317409,470853,291835,368557,342983,266261,394131,419705,445279,2486994,2688554,2512189,2537384,2562579,2587774,2612969,2638164,2663359,79517254,79541871,79492637,79689573,79566488,79591105,79615722,79640339,79664956,82465162,54585296,82391188,82489820,82563794,54562038,82514478,82539136,82415846,82366530,84003081,82440504,84027637,84076749,55022380,84052193,55063774,26730024,84517928,54980986,55146562,75428860,84468824,84493376,19425625,84101305,99815776,99883039,75455615,99770934,99950302,99838197,54748102,80822793,64733186,84542480,99793355,55001683,80903169,26800992,26635400,83953969,26611744,83929413,80929961,75616145,99860618,19382877,75402105,26682712,84567032,75482370,75509125,55043077,26706368,80956753,26659056,67624782,54608554,81037129,19361503,83978525,22056324,55084471,84395168,54631812,66878008,81622231,19404251,75535880,5647682,26753680,84419720
317409,470853,291835,368557,342983,266261,394131,419705,445279,2486994,2688554,2512189,2537384,2562579,2587774,2612969,2638164,2663359,79517254,79541871,79492637,79689573,79566488,79591105,79615722,79640339,79664956,82465162,54585296,82391188,82489820,82563794,54562038,82514478,82539136,82415846,82366530,84003081,82440504,84027637,84076749,55022380,84052193,55063774,26730024,84517928,75428860,54980986,55146562,84468824,84493376,19425625,84101305,99815776,99883039,75455615,99770934,99950302,99838197,54748102,64733186,80822793,84542480,99793355,26800992,55001683,26635400,80903169,26611744,83953969,19382877,75616145,83929413,80929961,99860618,75402105,26682712,84567032,75482370,26706368,75509125,26659056,67624782,55043077,80956753,54608554,81037129,19361503,83978525,22056324,55084471,19404251,84395168,66878008,75535880,54631812,81622231,26753680,27917912,5647682
317409,470853,291835,368557,342983,266261,394131,419705,445279,2486994,2688554,2512189,2537384,2562579,2587774,2612969,2638164,2663359,79517254,79541871,79492637,79689573,79566488,79591105,79615722,79640339,79664956,82465162,54585296,82391188,82489820,82563794,54562038,82514478,82539136,82415846,82366530,84003081,82440504,84027637,84076749,55022380,84052193,26730024,55063774,84517928,75428860,54980986,55146562,84468824,84493376,19425625,84101305,99815776,99883039,75455615,99770934,99950302,99838197,54748102,84542480,64733186,26800992,80822793,26635400,99793355,26611744,55001683,80903169,83953969,19382877,75616145,83929413,80929961,99860618,75402105,26682712,26706368,75482370,75509125,26659056,84567032,67624782,55043077,19361503,80956753,54608554,81037129,83978525,22056324,55084471,19404251,66878008,84395168,75535880,26753680,54631812,27917912,81622231,84419720
317409,470853,291835,368557,342983,266261,394131,419705,445279,2486994,2688554,2512189,2537384,2562579,2587774,2612969,2638164,2663359,79517254,79541871,79492637,79689573,79566488,79591105,79615722,79640339,79664956,82465162,54585296,82391188,82489820,82563794,54562038,82514478,82539136,82415846,82366530,84003081,82440504,84027637,84076749,55022380,84052193,26730024,55063774,84517928,75428860,19425625,54980986,55146562,84468824,84493376,84101305,75455615,99815776,99883039,99770934,26800992,99950302,99838197,84542480,26635400,64733186,54748102,26611744,80822793,99793355,55001683,80903169,19382877,83953969,75616145,83929413,75402105,26682712,80929961,99860618,26706368,26659056,67624782,75482370,75509125,84567032,19361503,55043077,80956753,54608554,81037129,83978525,22056324,19404251,55084471,66878008,75535880,26753680,84395168,27917912,54631812,81622231,84419720
317409,470853,291835,368557,342983,266261,394131,419705,445279,2486994,2688554,2512189,2537384,2562579,2587774,2612969,2638164,2663359,79517254,79541871,79492637,79689573,79566488,79591105,79615722,79640339,79664956,82465162,54585296,82391188,82489820,82563794,54562038,82514478,82539136,82415846,82366530,84003081,82440504,84027637,84076749,84052193,55022380,26730024,55063774,84517928,75428860,19425625,54980986,84493376,55146562,84468824,75455615,84101305,99815776,99883039,26800992,26635400,99770934,84542480,26611744,64733186,99950302,99838197,54748102,99793355,80822793,19382877,55001683,80903169,83953969,75616145,26682712,83929413,75402105,80929961,99860618,26706368,26659056,67624782,75482370,75509125,19361503,84567032,55043077,80956753,54608554,81037129,19404251,83978525,22056324,55084471,66878008,26753680,75535880,27917912,84395168,54631812,81622231,27942933
317409,470853,291835,368557,342983,266261,394131,419705,445279,2486994,2688554,2512189,2537384,2562579,2587774,2612969,2638164,2663359,79517254,79541871,79492637,79689573,79566488,79591105,79615722,79640339,79664956,82465162,54585296,82391188,82489820,82563794,54562038,82514478,82539136,82415846,82366530,84003081,82440504,84027637,84076749,26730024,84052193,55022380,55063774,84517928,75428860,19425625,84493376,84468824,54980986,55146562,75455615,84101305,99815776,99883039,26800992,26635400,26611744,99770934,84542480,64733186,99950302,99838197,54748102,19382877,99793355,80822793,55001683,83953969,75616145,80903169,26682712,75402105,83929413,26706368,26659056,67624782,80929961,99860618,75482370,75509125,19361503,84567032,55043077,80956753,54608554,81037129,19404251,83978525,22056324,26753680,55084471,66878008,75535880,27917912,84395168,27942933,54631812,3972212
317409,470853,291835,368557,342983,266261,394131,419705,445279,2486994,2688554,2512189,2537384,2562579,2587774,2612969,2638164,2663359,79517254,79541871,79492637,79689573,79566488,79591105,79615722,79640339,79664956,82465162,54585296,82391188,82489820,82563794,54562038,82514478,82539136,82415846,82366530,84003081,82440504,84027637,84076749,26730024,84052193,55022380,19425625,55063774,75428860,84517928,84493376,84468824,54980986,55146562,75455615,84101305,26800992,99815776,99883039,26635400,26611744,84542480,64733186,99770934,19382877,99950302,99838197,54748102,99793355,80822793,55001683,75616145,26682712,83953969,80903169,75402105,26706368,26659056,83929413,67624782,75482370,19361503,75509125,80929961,99860618,84567032,55043077,80956753,54608554,19404251,81037129,26753680,83978525,66878008,22056324,27917912,55084471,75535880,84395168,27942933,3972212,67572020
317409,470853,291835,368557,342983,266261,394131,419705,445279,2486994,2688554,2512189,2537384,2562579,2587774,2612969,2638164,2663359,79517254,79541871,79492637,79689573,79566488,79591105,79615722,79640339,79664956,82465162,54585296,82391188,82489820,82563794,82514478,54562038,82539136,82415846,82366530,84003081,82440504,84027637,84076749,26730024,84052193,55022380,19425625,75428860,84517928,55063774,84493376,84468824,55146562,54980986,75455615,84101305,26800992,26635400,26611744,99815776,99883039,84542480,19382877,64733186,99770934,99950302,99838197,54748102,99793355,26682712,75616145,80822793,55001683,83953969,80903169,75402105,26659056,26706368,67624782,83929413,19361503,75482370,75509125,80929961,99860618,84567032,55043077,19404251,80956753,54608554,81037129,26753680,66878008,27917912,83978525,75535880,22056324,55084471,3972212,27942933,84395168,67572020
317409,470853,291835,368557,342983,266261,394131,419705,445279,2486994,2688554,2512189,2537384,2562579,2587774,2612969,2638164,2663359,79517254,79541871,79492637,79689573,79566488,79591105,79615722,79640339,79664956,82465162,54585296,82489820,82391188,82563794,82514478,54562038,82539136,82415846,82366530,84003081,82440504,84027637,84076749,26730024,84052193,19425625,55022380,75428860,84517928,55063774,84493376,84468824,55146562,54980986,75455615,26800992,26635400,84101305,26611744,99815776,99883039,19382877,84542480,64733186,99770934,99950302,26682712,99838197,54748102,99793355,75616145,80822793,26659056,55001683,83953969,26706368,75402105,67624782,80903169,19361503,83929413,75482370,75509125,80929961,99860618,84567032,19404251,55043077,80956753,54608554,26753680,81037129,27917912,66878008,75535880,83978525,22056324,55084471,3972212,27942933,84395168,67572020
317409,470853,291835,368557,342983,266261,394131,419705,445279,2486994,2688554,2512189,2537384,2562579,2587774,2612969,2638164,2663359,79517254,79541871,79492637,79689573,79566488,79591105,79615722,79640339,79664956,82465162,54585296,82489820,82391188,82563794,82514478,54562038,82539136,82415846,82366530,84003081,82440504,84027637,26730024,84076749,84052193,19425625,55022380,75428860,84517928,55063774,84493376,84468824,75455615,55146562,54980986,26800992,26635400,26611744,84101305,19382877,99815776,99883039,84542480,64733186,26682712,99770934,99950302,99838197,75616145,54748102,99793355,26659056,26706368,67624782,75402105,83953969,80822793,55001683,19361503,80903169,75482370,83929413,75509125,99860618,80929961,84567032,19404251,55043077,80956753,26753680,54608554,27917912,66878008,81037129,75535880,83978525,3972212,22056324,55084471,27942933,67572020,84395168
317409,470853,291835,368557,342983,266261,394131,419705,445279,2486994,2688554,2512189,2537384,2562579,2587774,2612969,2638164,2663359,79517254,79541871,79492637,79689573,79566488,79591105,79615722,79640339,79664956,82465162,54585296,82489820,82391188,82563794,82514478,54562038,82539136,82415846,82366530,84003081,82440504,26730024,84027637,84076749,84052193,19425625,75428860,55022380,84517928,55063774,84493376,84468824,75455615,26800992,26635400,55146562,54980986,26611744,84101305,19382877,99815776,99883039,84542480,64733186,26682712,99770934,99950302,75616145,26659056,99838197,26706368,54748102,99793355,67624782,19361503,75402105,83953969,55001683,80822793,80903169,75482370,75509125,83929413,99860618,80929961,19404251,84567032,55043077,26753680,27917912,80956753,66878008,54608554,75535880,81037129,3972212,27942933,83978525,22056324,55084471,67572020,84395168
317409,470853,291835,368557,342983,266261,394131,419705,445279,2486994,2512189,2688554,2537384,2562579,2587774,2612969,2638164,2663359,79517254,79541871,79492637,79689573,79566488,79591105,79615722,79640339,79664956,82465162,54585296,82489820,82391188,82563794,82514478,54562038,82539136,82415846,82366530,84003081,26730024,82440504,84027637,84076749,19425625,84052193,75428860,55022380,84517928,55063774,84493376,75455615,84468824,26800992,26635400,26611744,55146562,54980986,19382877,84101305,99815776,99883039,26682712,84542480,64733186,26659056,99770934,75616145,26706368,67624782,99950302,19361503,99838197,99793355,54748102,75402105,83953969,55001683,80822793,75482370,75509125,80903169,83929413,19404251,99860618,80929961,84567032,26753680,55043077,27917912,66878008,80956753,3972212,75535880,54608554,27942933,81037129,67572020,83978525,22056324,55084471,84395168
317409,470853,291835,368557,342983,266261,394131,419705,445279,2486994,2512189,2688554,2537384,2562579,2587774,2612969,2638164,2663359,79517254,79541871,79689573,79492637,79566488,79591105,79615722,79640339,79664956,82465162,54585296,82489820,82391188,82563794,82514478,54562038,82539136,82415846,82366530,26730024,84003081,82440504,84027637,84076749,19425625,84052193,75428860,84517928,55022380,55063774,26635400,26800992,84493376,75455615,84468824,26611744,55146562,54980986,19382877,84101305,26682712,99815776,99883039,84542480,64733186,26659056,26706368,75616145,67624782,19361503,99770934,99950302,75402105,99793355,99838197,54748102,83953969,75482370,75509125,55001683,80822793,80903169,83929413,19404251,99860618,80929961,84567032,26753680,27917912,55043077,66878008,3972212,75535880,80956753,27942933,54608554,67572020,81037129,83978525,22056324,55084471,26777336
317409,470853,291835,368557,342983,266261,394131,419705,445279,2486994,2512189,2688554,2537384,2562579,2587774,2612969,2638164,2663359,79517254,79541871,79689573,79492637,79566488,79591105,79615722,79640339,79664956,82465162,54585296,82489820,82391188,82563794,82514478,82539136,54562038,82415846,26730024,82366530,84003081,82440504,84027637,84076749,19425625,84052193,75428860,84517928,55022380,26635400,26800992,55063774,75455615,26611744,84493376,84468824,19382877,55146562,54980986,84101305,26682712,84542480,99815776,99883039,64733186,26659056,26706368,67624782,19361503,75616145,99770934,75402105,99950302,99793355,99838197,54748102,83953969,75482370,75509125,55001683,80822793,80903169,83929413,19404251,99860618,84567032,80929961,26753680,27917912,3972212,55043077,66878008,75535880,27942933,80956753,67572020,54608554,81037129,83978525,22056324,55084471,26777336
317409,470853,291835,368557,342983,266261,394131,419705,445279,2486994,2512189,2688554,2537384,2562579,2587774,2612969,2638164,2663359,79517254,79541871,79689573,79492637,79566488,79591105,79615722,79640339,79664956,82465162,54585296,82489820,82391188,82563794,82514478,82539136,54562038,82415846,26730024,82366530,84003081,82440504,84027637,84076749,19425625,84052193,75428860,84517928,26635400,26800992,55022380,26611744,75455615,55063774,84493376,84468824,19382877,55146562,54980986,26682712,84101305,26659056,84542480,99815776,64733186,26706368,19361503,67624782,99883039,75616145,75402105,99770934,99950302,99793355,99838197,75482370,54748102,75509125,83953969,55001683,19404251,80822793,83929413,80903169,26753680,84567032,99860618,80929961,27917912,3972212,66878008,55043077,75535880,27942933,67572020,80956753,54608554,26777336,83978525,67545639,81037129,22056324
317409,470853,291835,368557,342983,266261,394131,419705,445279,2486994,2512189,2688554,2537384,2562579,2587774,2612969,2638164,2663359,79517254,79541871,79689573,79492637,79566488,79591105,79615722,79640339,79664956,82465162,54585296,82489820,82391188,82563794,82514478,82539136,54562038,82415846,26730024,82366530,84003081,82440504,19425625,84027637,84076749,84052193,75428860,26635400,84517928,26800992,26611744,55022380,75455615,55063774,84493376,19382877,84468824,26682712,55146562,54980986,84101305,26659056,19361503,26706368,67624782,84542480,64733186,99815776,99883039,75616145,75402105,99770934,99950302,75482370,99793355,75509125,99838197,54748102,83953969,19404251,55001683,83929413,80822793,80903169,26753680,27917912,84567032,99860618,3972212,80929961,66878008,27942933,75535880,67572020,55043077,80956753,26777336,67545639,54608554,83978525,22056324,81037129
317409,470853,291835,368557,342983,266261,394131,419705,445279,2486994,2512189,2688554,2537384,2562579,2587774,2612969,2638164,2663359,79517254,79541871,79689573,79492637,79566488,79591105,79615722,79640339,79664956,82465162,54585296,82489820,82391188,82563794,82514478,82539136,54562038,82415846,26730024,82366530,84003081,19425625,82440504,84076749,84027637,84052193,75428860,26635400,26800992,26611744,84517928,75455615,55022380,19382877,84493376,55063774,84468824,26682712,55146562,54980986,84101305,26659056,19361503,26706368,67624782,84542480,64733186,75616145,99815776,99883039,75402105,99770934,75482370,75509125,99950302,99793355,19404251,99838197,83953969,54748102,55001683,83929413,80822793,80903169,26753680,27917912,3972212,84567032,99860618,80929961,66878008,27942933,67572020,75535880,55043077,26777336,67545639,80956753,54608554,83978525,22056324,81037129
317409,470853,291835,368557,342983,266261,394131,419705,445279,2486994,2512189,2688554,2537384,2562579,2587774,2612969,2638164,2663359,79517254,79541871,79689573,79492637,79566488,79591105,79615722,79640339,79664956,82465162,54585296,82489820,82391188,82563794,82514478,82539136,54562038,82415846,26730024,82366530,19425625,84003081,82440504,84076749,84027637,75428860,84052193,26635400,26800992,26611744,84517928,75455615,19382877,55022380,84493376,55063774,84468824,26682712,26659056,55146562,84101305,19361503,54980986,26706368,67624782,84542480,64733186,75616145,99815776,99883039,75402105,75482370,99770934,75509125,19404251,99950302,99793355,83953969,99838197,54748102,55001683,83929413,26753680,80903169,80822793,27917912,3972212,84567032,27942933,66878008,99860618,67572020,80929961,75535880,55043077,26777336,67545639,80956753,54608554,83978525,22056324,55084471
317409,470853,291835,368557,342983,266261,394131,419705,445279,2486994,2512189,2688554,2537384,2562579,2587774,2612969,2638164,2663359,79517254,79541871,79689573,79492637,79566488,79591105,79615722,79640339,79664956,82465162,82489820,54585296,82391188,82563794,82514478,82539136,54562038,82415846,26730024,19425625,82366530,84003081,82440504,84076749,84027637,75428860,84052193,26635400,26800992,26611744,84517928,19382877,75455615,84493376,55022380,26682712,55063774,84468824,26659056,19361503,67624782,26706368,84101305,55146562,54980986,84542480,75616145,64733186,75402105,99815776,99883039,75482370,19404251,75509125,99770934,99950302,99793355,83953969,99838197,54748102,26753680,83929413,55001683,27917912,3972212,80903169,80822793,84567032,67572020,27942933,66878008,99860618,75535880,80929961,26777336,67545639,55043077,80956753,54608554,83978525,67756687,22056324
317409,470853,291835,368557,342983,266261,394131,419705,445279,2486994,2512189,2688554,2537384,2562579,2587774,2612969,2638164,2663359,79517254,79541871,79689573,79492637,79591105,79566488,79615722,79640339,79664956,82465162,82489820,54585296,82391188,82563794,82514478,82539136,54562038,82415846,26730024,19425625,82366530,84003081,82440504,84076749,84027637,75428860,26635400,84052193,26800992,26611744,19382877,84517928,75455615,26682712,84493376,55022380,55063774,84468824,26659056,19361503,67624782,26706368,84101305,55146562,54980986,84542480,75616145,64733186,75402105,99815776,99883039,19404251,75482370,75509125,99770934,99950302,99793355,83953969,99838197,54748102,26753680,3972212,27917912,83929413,55001683,80903169,80822793,67572020,27942933,66878008,84567032,75535880,99860618,26777336,80929961,67545639,55043077,80956753,67756687,54608554,67598401,83978525
317409,470853,291835,368557,342983,266261,394131,419705,445279,2486994,2512189,2688554,2537384,2562579,2587774,2612969,2638164,2663359,79517254,79541871,79689573,79492637,79591105,79566488,79615722,79640339,79664956,82465162,82489820,54585296,82391188,82563794,82514478,82539136,54562038,82415846,26730024,19425625,82366530,84003081,82440504,84076749,84027637,26635400,75428860,26800992,26611744,84052193,19382877,75455615,84517928,26682712,84493376,55022380,84468824,55063774,26659056,19361503,67624782,26706368,84101305,55146562,54980986,75616145,84542480,64733186,75402105,19404251,99815776,99883039,75482370,75509125,99770934,99793355,99950302,83953969,26753680,3972212,54748102,99838197,27917912,83929413,55001683,67572020,80903169,27942933,80822793,66878008,84567032,75535880,26777336,67545639,99860618,80929961,55043077,67756687,67598401,80956753,83978525,4871048
317409,470853,291835,368557,342983,266261,394131,419705,445279,2486994,2512189,2688554,2537384,2562579,2587774,2612969,2638164,2663359,79517254,79541871,79689573,79492637,79591105,79566488,79615722,79640339,79664956,82465162,82489820,54585296,82391188,82563794,82514478,82539136,54562038,82415846,26730024,19425625,82366530,84003081,82440504,84076749,84027637,26635400,26800992,75428860,26611744,84052193,19382877,75455615,84517928,26682712,84493376,26659056,19361503,84468824,55022380,55063774,67624782,26706368,84101305,55146562,75616145,54980986,84542480,64733186,75402105,19404251,75482370,99815776,75509125,99883039,99770934,26753680,3972212,99793355,83953969,99950302,27917912,54748102,99838197,83929413,67572020,27942933,55001683,80903169,66878008,80822793,26777336,67545639,75535880,84567032,99860618,80929961,55043077,67756687,67598401,80956753,4871048,32392184
317409,470853,291835,368557,342983,266261,394131,419705,445279,2486994,2512189,2688554,2537384,2562579,2587774,2612969,2638164,2663359,79517254,79541871,79689573,79492637,79591105,79615722,79566488,79640339,79664956,82465162,82489820,82391188,54585296,82563794,82514478,82539136,54562038,82415846,26730024,19425625,82366530,84003081,82440504,84076749,84027637,26635400,26800992,26611744,75428860,84052193,19382877,75455615,26682712,84517928,84493376,26659056,19361503,84468824,67624782,26706368,55063774,55022380,84101305,75616145,55146562,84542480,54980986,19404251,64733186,75402105,75482370,75509125,99815776,99883039,26753680,3972212,99770934,27917912,83953969,99793355,99950302,54748102,99838197,67572020,83929413,27942933,55001683,66878008,26777336,67545639,80903169,75535880,80822793,84567032,99860618,80929961,67756687,55043077,67598401,4871048,32392184,27967954
317409,470853,291835,368557,342983,266261,394131,419705,445279,2486994,2512189,2688554,2537384,2562579,2587774,2612969,2638164,2663359,79517254,79541871,79689573,79492637,79591105,79615722,79566488,79640339,79664956,82465162,82489820,82391188,54585296,82563794,82514478,82539136,26730024,54562038,82415846,19425625,82366530,84003081,82440504,84076749,84027637,26635400,26800992,26611744,75428860,19382877,84052193,75455615,26682712,84517928,26659056,19361503,84493376,67624782,26706368,84468824,55063774,55022380,84101305,75616145,19404251,84542480,55146562,75402105,64733186,54980986,75482370,75509125,99815776,99883039,26753680,3972212,27917912,99770934,83953969,99793355,99950302,67572020,54748102,99838197,27942933,83929413,26777336,67545639,66878008,55001683,75535880,80903169,84567032,80822793,67756687,99860618,80929961,67598401,55043077,4871048,32392184,27967954
317409,470853,291835,368557,266261,342983,394131,419705,445279,2486994,2512189,2688554,2537384,2562579,2587774,2612969,2638164,2663359,79517254,79541871,79689573,79492637,79591105,79615722,79566488,79640339,79664956,82465162,82489820,82391188,54585296,82563794,82514478,82539136,26730024,82415846,54562038,19425625,82366530,84003081,82440504,26635400,84076749,84027637,26800992,26611744,75428860,19382877,84052193,26682712,75455615,84517928,26659056,19361503,84493376,67624782,26706368,84468824,55063774,55022380,75616145,84101305,19404251,84542480,75402105,55146562,64733186,54980986,75482370,75509125,99815776,3972212,26753680,99883039,27917912,99770934,83953969,99793355,67572020,99950302,27942933,54748102,99838197,26777336,83929413,67545639,66878008,75535880,55001683,80903169,84567032,80822793,67756687,67598401,99860618,80929961,32392184,4871048,27967954,55043077
317409,470853,291835,368557,266261,342983,394131,419705,445279,2486994,2512189,2688554,2537384,2562579,2587774,2612969,2638164,2663359,79517254,79541871,79689573,79492637,79591105,79615722,79566488,79640339,79664956,82465162,82489820,82391188,54585296,82563794,82514478,82539136,26730024,82415846,54562038,19425625,82366530,26635400,84003081,26800992,26611744,82440504,84076749,84027637,19382877,75428860,84052193,26682712,75455615,84517928,26659056,19361503,67624782,26706368,84493376,84468824,55063774,55022380,19404251,75616145,84101305,75402105,84542480,64733186,55146562,75482370,54980986,75509125,3972212,26753680,99815776,27917912,99883039,67572020,99770934,83953969,27942933,99793355,99950302,26777336,67545639,54748102,99838197,83929413,66878008,75535880,55001683,80903169,84567032,67756687,67598401,80822793,32392184,99860618,27967954,4871048,80929961,19446999
317409,470853,291835,368557,266261,342983,394131,419705,445279,2486994,2512189,2688554,2537384,2562579,2587774,2612969,2638164,2663359,79517254,79541871,79689573,79492637,79591105,79615722,79640339,79566488,79664956,82465162,82489820,82391188,82563794,54585296,82514478,82539136,26730024,82415846,19425625,54562038,26635400,82366530,26800992,26611744,84003081,84076749,82440504,84027637,19382877,75428860,26682712,84052193,75455615,19361503,26659056,84517928,67624782,26706368,84493376,84468824,55063774,55022380,19404251,75616145,84101305,75402105,84542480,64733186,55146562,75482370,75509125,54980986,3972212,26753680,27917912,99815776,99883039,67572020,27942933,99770934,83953969,26777336,67545639,99793355,99950302,66878008,54748102,83929413,99838197,75535880,55001683,67756687,84567032,80903169,67598401,80822793,32392184,27967954,4871048,19446999,99860618,80929961
317409,470853,291835,368557,266261,342983,394131,419705,445279,2486994,2512189,2688554,2537384,2562579,2587774,2612969,2638164,2663359,79517254,79541871,79689573,79492637,79591105,79615722,79640339,79566488,79664956,82465162,82489820,82391188,82563794,54585296,82514478,82539136,26730024,82415846,19425625,54562038,26635400,26800992,26611744,82366530,84003081,84076749,82440504,19382877,84027637,75428860,26682712,84052193,75455615,19361503,26659056,84517928,67624782,26706368,84493376,84468824,19404251,55063774,55022380,75616145,75402105,84101305,84542480,64733186,75482370,75509125,3972212,55146562,26753680,54980986,27917912,99815776,67572020,99883039,27942933,26777336,67545639,83953969,99770934,99793355,99950302,66878008,83929413,75535880,54748102,99838197,67756687,67598401,55001683,84567032,80903169,32392184,27967954,4871048,19446999,80822793,19318755,99860618
317409,470853,291835,368557,266261,342983,394131,419705,445279,2486994,2512189,2688554,2537384,2562579,2587774,2612969,2638164,2663359,79517254,79541871,79689573,79492637,79591105,79615722,79640339,79566488,79664956,82465162,82489820,82391188,82563794,54585296,82514478,82539136,26730024,19425625,82415846,54562038,26635400,26800992,26611744,82366530,19382877,84003081,84076749,82440504,84027637,75428860,26682712,75455615,84052193,19361503,26659056,67624782,84517928,26706368,84493376,84468824,19404251,55063774,75616145,55022380,75402105,84101305,84542480,75482370,3972212,64733186,75509125,26753680,55146562,54980986,27917912,67572020,99815776,27942933,99883039,26777336,67545639,83953969,99770934,99793355,66878008,99950302,75535880,83929413,54748102,67756687,99838197,67598401,55001683,84567032,32392184,27967954,80903169,4871048,19446999,19318755,80822793,99860618
317409,470853,291835,368557,266261,342983,394131,419705,445279,2486994,2512189,2688554,2537384,2562579,2587774,2612969,2638164,2663359,79517254,79541871,79689573,79492637,79591105,79615722,79640339,79566488,79664956,82465162,82489820,82391188,82563794,54585296,82514478,82539136,26730024,19425625,82415846,54562038,26635400,26800992,26611744,82366530,19382877,84076749,84003081,82440504,84027637,75428860,26682712,75455615,19361503,26659056,84052193,67624782,26706368,84517928,84493376,19404251,84468824,75616145,55063774,75402105,55022380,84101305,3972212,84542480,75482370,64733186,75509125,26753680,27917912,55146562,54980986,67572020,27942933,26777336,67545639,99815776,99883039,83953969,66878008,99770934,99793355,75535880,99950302,67756687,83929413,67598401,54748102,99838197,32392184,27967954,55001683,84567032,4871048,19446999,80903169,19318755,80822793,99860618
317409,470853,291835,368557,266261,342983,394131,419705,445279,2486994,2512189,2688554,2537384,2562579,2587774,2612969,2638164,2663359,79517254,79541871,79689573,79492637,79591105,79615722,79640339,79566488,79664956,82465162,82489820,82391188,82563794,54585296,82514478,82539136,26730024,19425625,82415846,54562038,26635400,26800992,26611744,19382877,82366530,84076749,84003081,82440504,84027637,26682712,75428860,19361503,26659056,75455615,84052193,67624782,26706368,84517928,84493376,19404251,84468824,75616145,55063774,75402105,3972212,55022380,84101305,84542480,75482370,26753680,75509125,64733186,27917912,55146562,67572020,54980986,27942933,26777336,67545639,99815776,99883039,83953969,66878008,99770934,99793355,67756687,75535880,99950302,67598401,83929413,54748102,99838197,32392184,27967954,19446999,4871048,84567032,55001683,19318755,80903169,80822793,58069969
317409,470853,291835,368557,266261,342983,394131,419705,445279,2486994,2512189,2688554,2537384,2562579,2587774,2612969,2638164,2663359,79517254,79541871,79689573,79492637,79591105,79615722,79640339,79566488,79664956,82465162,82489820,82391188,82563794,54585296,82514478,82539136,26730024,19425625,82415846,54562038,26635400,26611744,26800992,19382877,82366530,26682712,84076749,84003081,82440504,84027637,75428860,19361503,26659056,75455615,84052193,67624782,26706368,84517928,19404251,84493376,84468824,75616145,75402105,3972212,55063774,75482370,26753680,55022380,84542480,84101305,75509125,64733186,27917912,67572020,55146562,26777336,27942933,67545639,54980986,99815776,99883039,66878008,83953969,67756687,75535880,99770934,67598401,99793355,99950302,83929413,32392184,27967954,19446999,54748102,99838197,4871048,19318755,84567032,55001683,80903169,58069969,3898346
317409,470853,291835,368557,266261,342983,394131,419705,445279,2486994,2512189,2688554,2537384,2562579,2587774,2612969,2638164,2663359,79517254,79541871,79689573,79492637,79591105,79615722,79640339,79566488,79664956,82465162,82489820,82391188,82563794,54585296,82514478,26730024,82539136,19425625,82415846,26635400,26611744,26800992,54562038,19382877,82366530,26682712,84076749,84003081,82440504,84027637,75428860,19361503,26659056,75455615,67624782,84052193,26706368,84517928,19404251,84493376,84468824,75616145,3972212,75402105,55063774,26753680,75482370,84542480,75509125,84101305,55022380,27917912,64733186,67572020,26777336,67545639,27942933,55146562,54980986,99815776,66878008,99883039,67756687,83953969,67598401,75535880,99770934,99793355,32392184,99950302,27967954,19446999,83929413,4871048,19318755,54748102,99838197,84567032,55001683,58069969,80903169,3898346
317409,470853,291835,368557,266261,342983,394131,419705,445279,2486994,2512189,2688554,2537384,2562579,2587774,2612969,2638164,2663359,79517254,79541871,79689573,79492637,79640339,79591105,79615722,79566488,79664956,82465162,82489820,82391188,82563794,54585296,82514478,26730024,82539136,19425625,82415846,26635400,26611744,26800992,54562038,19382877,26682712,82366530,84076749,84003081,75428860,82440504,84027637,19361503,26659056,75455615,67624782,26706368,84052193,84517928,19404251,84493376,75616145,84468824,3972212,75402105,26753680,75482370,55063774,75509125,27917912,84542480,84101305,55022380,64733186,67572020,67545639,26777336,27942933,55146562,54980986,67756687,99815776,66878008,67598401,99883039,75535880,83953969,32392184,99770934,99793355,27967954,19446999,4871048,99950302,83929413,19318755,54748102,99838197,58069969,84567032,55001683,3898346,80903169
317409,470853,291835,368557,266261,342983,394131,419705,445279,2486994,2512189,2688554,2537384,2562579,2587774,2612969,2638164,2663359,79517254,79541871,79689573,79492637,79640339,79615722,79591105,79566488,79664956,82465162,82489820,82391188,82563794,54585296,26730024,82514478,82539136,19425625,82415846,26635400,26611744,26800992,19382877,54562038,26682712,82366530,84076749,75428860,19361503,84003081,82440504,84027637,26659056,75455615,67624782,26706368,84052193,19404251,84517928,84493376,3972212,75616145,84468824,75402105,26753680,75482370,27917912,75509125,55063774,84542480,84101305,67572020,64733186,55022380,67545639,26777336,27942933,55146562,54980986,67756687,66878008,67598401,99815776,75535880,99883039,83953969,32392184,19446999,27967954,99770934,99793355,4871048,19318755,83929413,99950302,58069969,54748102,99838197,84567032,3898346,79248507,55001683
317409,470853,291835,368557,266261,342983,394131,419705,445279,2486994,2512189,2688554,2537384,2562579,2587774,2612969,2638164,2663359,79517254,79541871,79689573,79492637,79640339,79615722,79591105,79566488,79664956,82465162,82489820,82391188,82563794,54585296,26730024,82514478,82539136,19425625,26635400,82415846,26611744,26800992,19382877,54562038,26682712,82366530,19361503,84076749,75428860,26659056,84003081,84027637,82440504,75455615,67624782,26706368,84052193,19404251,84517928,84493376,3972212,75616145,84468824,75402105,26753680,75482370,27917912,75509125,67572020,55063774,84542480,84101305,67545639,26777336,64733186,27942933,55022380,55146562,67756687,54980986,67598401,66878008,99815776,75535880,32392184,19446999,99883039,27967954,83953969,19318755,4871048,99770934,99793355,58069969,83929413,99950302,3898346,54748102,79248507,99838197,84567032,28118080
317409,470853,291835,368557,266261,342983,394131,419705,445279,2486994,2512189,2688554,2537384,2562579,2587774,2612969,2638164,2663359,79517254,79541871,79689573,79492637,79640339,79615722,79591105,79566488,79664956,82465162,82489820,82391188,82563794,26730024,54585296,82514478,82539136,19425625,26635400,26611744,82415846,26800992,19382877,26682712,54562038,19361503,82366530,26659056,75428860,84076749,84003081,84027637,82440504,67624782,75455615,26706368,84052193,19404251,84517928,84493376,3972212,75616145,75402105,84468824,26753680,27917912,75482370,75509125,67572020,84542480,67545639,26777336,55063774,84101305,27942933,64733186,55022380,67756687,55146562,67598401,66878008,54980986,32392184,75535880,19446999,27967954,99815776,19318755,99883039,83953969,4871048,58069969,99793355,99770934,83929413,79248507,99950302,3898346,54748102,99838197,84567032,28118080
317409,470853,291835,368557,266261,342983,394131,419705,445279,2486994,2512189,2688554,2537384,2562579,2587774,2612969,2638164,2663359,79517254,79541871,79689573,79492637,79640339,79615722,79591105,79566488,79664956,82465162,82489820,82391188,82563794,26730024,54585296,82514478,19425625,82539136,26635400,26611744,26800992,82415846,19382877,26682712,54562038,19361503,26659056,82366530,75428860,84076749,84027637,84003081,82440504,67624782,75455615,26706368,19404251,84052193,84517928,3972212,84493376,75616145,26753680,75402105,84468824,27917912,75482370,67572020,75509125,67545639,26777336,84542480,27942933,55063774,84101305,64733186,55022380,67756687,67598401,55146562,66878008,32392184,54980986,19446999,75535880,27967954,19318755,4871048,99815776,58069969,83953969,99883039,79248507,99793355,99770934,83929413,3898346,99950302,28118080,54748102,84567032,99838197
317409,470853,291835,368557,266261,342983,394131,419705,445279,2486994,2512189,2688554,2537384,2562579,2587774,2612969,2638164,2663359,79517254,79541871,79689573,79492637,79640339,79615722,79591105,79566488,79664956,82465162,82489820,82391188,82563794,26730024,19425625,54585296,82514478,82539136,26635400,26611744,26800992,82415846,19382877,26682712,19361503,54562038,26659056,82366530,75428860,84076749,67624782,84027637,84003081,82440504,26706368,75455615,19404251,84052193,84517928,3972212,84493376,75616145,26753680,75402105,27917912,84468824,75482370,67572020,75509125,67545639,26777336,27942933,84542480,55063774,64733186,84101305,55022380,67756687,67598401,66878008,55146562,32392184,19446999,27967954,75535880,54980986,19318755,58069969,4871048,99815776,79248507,83953969,99883039,3898346,99793355,99770934,83929413,99950302,28118080,67651163,84567032,54748102
317409,470853,291835,368557,266261,342983,394131,419705,445279,2486994,2512189,2688554,2537384,2562579,2587774,2612969,2638164,2663359,79517254,79541871,79689573,79492637,79640339,79615722,79591105,79566488,79664956,82465162,82489820,82391188,82563794,26730024,19425625,82514478,54585296,82539136,26635400,26611744,26800992,19382877,82415846,26682712,19361503,26659056,54562038,75428860,82366530,67624782,84076749,26706368,84027637,84003081,82440504,75455615,19404251,84052193,3972212,84517928,84493376,75616145,26753680,75402105,27917912,67572020,84468824,75482370,67545639,26777336,75509125,27942933,84542480,64733186,55063774,84101305,67756687,67598401,55022380,32392184,66878008,19446999,27967954,55146562,19318755,58069969,75535880,4871048,54980986,79248507,99815776,83953969,99883039,3898346,99793355,99770934,83929413,28118080,67651163,99950302,4046078,84567032
317409,470853,291835,368557,266261,342983,394131,419705,445279,2486994,2512189,2688554,2537384,2562579,2587774,2612969,2638164,2663359,79517254,79541871,79689573,79492637,79640339,79615722,79591105,79566488,79664956,82465162,82489820,82391188,26730024,82563794,19425625,82514478,54585296,82539136,26635400,26611744,26800992,19382877,82415846,26682712,19361503,26659056,54562038,75428860,67624782,82366530,84076749,26706368,84027637,75455615,84003081,82440504,19404251,84052193,3972212,84517928,84493376,26753680,75616145,75402105,27917912,67572020,67545639,75482370,26777336,84468824,75509125,27942933,84542480,64733186,84101305,55063774,67756687,67598401,55022380,32392184,19446999,66878008,27967954,58069969,19318755,79248507,75535880,55146562,4871048,54980986,99815776,3898346,83953969,99883039,99793355,28118080,99770934,83929413,67651163,4046078,99950302,19340129
317409,470853,291835,368557,266261,342983,394131,419705,445279,2486994,2512189,2688554,2537384,2562579,2587774,2612969,2638164,2663359,79517254,79541871,79689573,79492637,79640339,79615722,79591105,79566488,79664956,82465162,82489820,82391188,26730024,82563794,19425625,82514478,82539136,54585296,26635400,26611744,26800992,19382877,82415846,26682712,19361503,26659056,54562038,67624782,75428860,26706368,82366530,84076749,75455615,84027637,84003081,82440504,19404251,84052193,3972212,84517928,26753680,84493376,75616145,27917912,75402105,67572020,67545639,26777336,75482370,75509125,84468824,27942933,84542480,67756687,64733186,84101305,67598401,55063774,32392184,19446999,58069969,27967954,66878008,55022380,79248507,19318755,75535880,4871048,55146562,54980986,3898346,83953969,99815776,99883039,28118080,67651163,99793355,83929413,99770934,4046078,19340129,27992975
317409,470853,291835,368557,266261,342983,394131,419705,445279,2486994,2512189,2688554,2537384,2562579,2587774,2612969,2638164,2663359,79517254,79541871,79689573,79492637,79640339,79615722,79591105,79566488,79664956,82465162,82489820,26730024,82391188,82563794,19425625,82514478,82539136,54585296,26635400,26611744,26800992,19382877,26682712,82415846,19361503,26659056,67624782,75428860,54562038,26706368,82366530,84076749,75455615,84027637,82440504,84003081,19404251,3972212,84052193,84517928,26753680,75616145,84493376,27917912,75402105,67572020,67545639,26777336,75482370,75509125,84468824,27942933,84542480,67756687,67598401,64733186,84101305,55063774,32392184,19446999,58069969,79248507,27967954,19318755,66878008,55022380,4871048,75535880,55146562,3898346,54980986,83953969,99815776,28118080,67651163,99883039,4046078,19340129,99793355,83929413,99770934,27992975
317409,470853,291835,368557,266261,342983,394131,419705,445279,2486994,2512189,2688554,2537384,2562579,2587774,2612969,2638164,2663359,79517254,79541871,79689573,79492637,79640339,79615722,79591105,79566488,79664956,82465162,82489820,26730024,82391188,82563794,19425625,82514478,82539136,26635400,54585296,26611744,26800992,19382877,26682712,82415846,19361503,26659056,67624782,26706368,75428860,54562038,82366530,84076749,75455615,19404251,84027637,82440504,84003081,3972212,84052193,84517928,26753680,75616145,27917912,84493376,67572020,67545639,75402105,26777336,75482370,75509125,27942933,84468824,67756687,84542480,67598401,64733186,79248507,84101305,58069969,19446999,32392184,55063774,27967954,19318755,66878008,4871048,75535880,55022380,3898346,55146562,54980986,28118080,83953969,67651163,99815776,4046078,19340129,99883039,27992975,99793355,83929413,99770934
317409,470853,291835,368557,266261,342983,394131,419705,445279,2486994,2512189,2688554,2537384,2562579,2587774,2612969,2638164,2663359,79517254,79541871,79689573,79492637,79640339,79615722,79591105,79566488,79664956,82465162,82489820,26730024,82391188,19425625,82563794,82514478,82539136,26635400,26611744,26800992,54585296,19382877,26682712,82415846,19361503,26659056,67624782,26706368,75428860,54562038,82366530,75455615,84076749,19404251,84027637,82440504,84003081,3972212,84052193,26753680,84517928,27917912,75616145,67572020,67545639,26777336,84493376,75402105,75482370,27942933,75509125,84468824,67756687,67598401,84542480,79248507,58069969,64733186,19446999,32392184,84101305,19318755,27967954,55063774,66878008,4871048,75535880,55022380,3898346,55146562,54980986,28118080,67651163,83953969,4046078,19340129,99815776,99883039,27992975,3996834,83929413,99793355
317409,470853,291835,368557,266261,342983,394131,419705,445279,2486994,2512189,2688554,2537384,2562579,2587774,2612969,2638164,2663359,79517254,79541871,79689573,79492637,79640339,79615722,79591105,79566488,79664956,82465162,82489820,26730024,19425625,82391188,82563794,26635400,82514478,82539136,26611744,26800992,54585296,19382877,26682712,19361503,82415846,26659056,67624782,26706368,75428860,19404251,75455615,82366530,84076749,54562038,84027637,82440504,84003081,3972212,84052193,26753680,84517928,27917912,67572020,67545639,75616145,26777336,75402105,84493376,75482370,27942933,75509125,84468824,67756687,67598401,79248507,58069969,84542480,19446999,32392184,64733186,19318755,27967954,84101305,55063774,66878008,4871048,75535880,3898346,55022380,55146562,67651163,28118080,19340129,4046078,54980986,83953969,99815776,27992975,3996834,99883039,83929413,4785268
317409,470853,291835,368557,266261,342983,394131,419705,445279,2486994,2512189,2688554,2537384,2562579,2587774,2612969,2638164,2663359,79541871,79517254,79689573,79492637,79640339,79615722,79591105,79566488,79664956,82465162,82489820,26730024,19425625,82391188,82563794,26635400,26611744,82514478,82539136,26800992,19382877,54585296,26682712,19361503,82415846,26659056,67624782,26706368,75428860,19404251,75455615,84076749,82366530,54562038,84027637,82440504,84003081,3972212,84052193,26753680,27917912,67545639,84517928,67572020,26777336,75616145,75402105,84493376,27942933,75482370,75509125,79248507,67756687,84468824,67598401,58069969,19446999,84542480,32392184,19318755,27967954,64733186,84101305,66878008,4871048,55063774,75535880,3898346,55022380,67651163,28118080,55146562,19340129,4046078,54980986,83953969,27992975,3996834,99815776,4785268,99883039,66858764
317409,470853,291835,368557,266261,342983,394131,419705,445279,2486994,2512189,2688554,2537384,2562579,2587774,2612969,2638164,2663359,79541871,79517254,79689573,79492637,79640339,79615722,79591105,79566488,79664956,82465162,82489820,26730024,19425625,82391188,82563794,26635400,26611744,26800992,82514478,82539136,19382877,54585296,26682712,19361503,26659056,82415846,67624782,26706368,75428860,19404251,75455615,84076749,82366530,54562038,84027637,3972212,82440504,84003081,26753680,84052193,67545639,27917912,67572020,26777336,84517928,75616145,75402105,84493376,27942933,75482370,75509125,79248507,67756687,67598401,58069969,84468824,19446999,32392184,84542480,19318755,27967954,64733186,84101305,4871048,66878008,55063774,75535880,3898346,67651163,55022380,28118080,19340129,4046078,55146562,27992975,3996834,54980986,83953969,4785268,99815776,99883039,66858764
317409,470853,291835,368557,266261,342983,394131,419705,445279,2486994,2512189,2688554,2537384,2562579,2587774,2612969,2638164,2663359,79541871,79517254,79689573,79492637,79640339,79615722,79591105,79566488,79664956,82465162,26730024,82489820,19425625,82391188,82563794,26635400,26611744,26800992,19382877,82514478,82539136,26682712,54585296,19361503,26659056,82415846,67624782,26706368,19404251,75428860,75455615,84076749,82366530,3972212,84027637,54562038,82440504,84003081,26753680,84052193,67545639,67572020,27917912,26777336,84517928,75616145,75402105,27942933,79248507,84493376,75482370,75509125,67756687,58069969,67598401,19446999,84468824,32392184,19318755,27967954,84542480,64733186,4871048,66878008,84101305,3898346,75535880,55063774,67651163,28118080,19340129,4046078,55022380,27992975,55146562,3996834,83953969,54980986,4785268,99815776,66858764,99883039
317409,470853,291835,368557,266261,342983,394131,419705,445279,2486994,2512189,2688554,2537384,2562579,2587774,2612969,2638164,2663359,79541871,79517254,79689573,79492637,79640339,79615722,79591105,79566488,79664956,82465162,26730024,82489820,19425625,82391188,82563794,26635400,26611744,26800992,19382877,82514478,82539136,26682712,54585296,19361503,26659056,82415846,67624782,26706368,19404251,75428860,75455615,84076749,3972212,82366530,84027637,54562038,82440504,84003081,26753680,67545639,84052193,26777336,67572020,27917912,75616145,84517928,79248507,75402105,27942933,75482370,84493376,75509125,58069969,67756687,67598401,19446999,32392184,84468824,19318755,27967954,84542480,64733186,4871048,66878008,84101305,3898346,75535880,55063774,67651163,19340129,28118080,4046078,55022380,27992975,3996834,55146562,4785268,83953969,54980986,66858764,19297381,99815776
317409,470853,291835,368557,266261,342983,394131,419705,445279,2486994,2512189,2688554,2537384,2562579,2587774,2612969,2638164,2663359,79541871,79517254,79689573,79492637,79640339,79615722,79591105,79566488,79664956,82465162,26730024,82489820,19425625,82391188,26635400,82563794,26611744,26800992,19382877,82539136,82514478,26682712,19361503,54585296,26659056,82415846,67624782,26706368,19404251,75428860,75455615,3972212,84076749,82366530,84027637,82440504,54562038,84003081,26753680,67545639,26777336,67572020,27917912,84052193,79248507,75616145,84517928,75402105,27942933,75482370,58069969,67756687,84493376,75509125,67598401,19446999,32392184,19318755,27967954,84468824,84542480,4871048,64733186,66878008,3898346,84101305,75535880,55063774,19340129,67651163,28118080,4046078,3996834,27992975,55022380,4785268,55146562,83953969,19297381,54980986,66858764,49080717
317409,470853,291835,368557,266261,342983,394131,419705,445279,2486994,2512189,2688554,2537384,2562579,2587774,2612969,2638164,2663359,79541871,79517254,79689573,79492637,79640339,79615722,79591105,79566488,79664956,82465162,26730024,82489820,19425625,26635400,82391188,26611744,82563794,26800992,19382877,82539136,82514478,26682712,19361503,54585296,26659056,67624782,82415846,26706368,19404251,75428860,75455615,3972212,84076749,82366530,84027637,82440504,84003081,54562038,26753680,67545639,26777336,67572020,27917912,79248507,84052193,75616145,27942933,84517928,75402105,58069969,75482370,67756687,67598401,75509125,84493376,19446999,32392184,19318755,27967954,84468824,84542480,4871048,64733186,66878008,3898346,84101305,75535880,19340129,67651163,28118080,55063774,4046078,3996834,27992975,4785268,55022380,55146562,19297381,83953969,49080717,66858764,54980986
317409,470853,291835,368557,266261,342983,394131,419705,445279,2486994,2512189,2688554,2537384,2562579,2587774,2612969,2638164,2663359,79541871,79517254,79689573,79492637,79640339,79615722,79591105,79566488,79664956,82465162,26730024,19425625,82489820,26635400,26611744,82391188,26800992,82563794,19382877,26682712,82539136,82514478,19361503,26659056,54585296,67624782,82415846,26706368,19404251,75428860,75455615,3972212,84076749,82366530,84027637,82440504,84003081,54562038,26753680,67545639,26777336,67572020,79248507,27917912,84052193,75616145,27942933,58069969,75402105,84517928,67756687,75482370,67598401,75509125,84493376,19446999,32392184,19318755,27967954,84468824,4871048,84542480,3898346,66878008,64733186,75535880,84101305,19340129,67651163,28118080,4046078,55063774,3996834,27992975,4785268,55022380,19297381,49080717,55146562,83953969,66858764,4021456
317409,470853,291835,368557,266261,342983,394131,419705,445279,2486994,2512189,2688554,2537384,2562579,2587774,2612969,2638164,2663359,79541871,79517254,79689573,79492637,79640339,79615722,79591105,79566488,79664956,82465162,26730024,19425625,82489820,26635400,26611744,82391188,26800992,19382877,82563794,26682712,82539136,82514478,19361503,26659056,54585296,67624782,82415846,26706368,19404251,75428860,3972212,75455615,84076749,82366530,84027637,82440504,84003081,26753680,67545639,54562038,79248507,26777336,67572020,27917912,84052193,58069969,75616145,27942933,75402105,67756687,84517928,67598401,75482370,75509125,19446999,84493376,32392184,19318755,27967954,84468824,4871048,84542480,3898346,66878008,64733186,19340129,75535880,67651163,84101305,28118080,4046078,55063774,3996834,27992975,4785268,19297381,49080717,55022380,55146562,4021456,66858764,83953969
317409,470853,291835,368557,266261,342983,394131,419705,445279,2486994,2512189,2688554,2537384,2562579,2587774,2612969,2638164,2663359,79541871,79517254,79689573,79492637,79640339,79615722,79591105,79566488,79664956,82465162,26730024,19425625,82489820,26635400,26611744,26800992,19382877,82391188,82563794,26682712,82539136,82514478,19361503,26659056,54585296,67624782,26706368,82415846,19404251,3972212,75428860,75455615,84076749,82366530,84027637,79248507,26753680,82440504,67545639,84003081,26777336,67572020,54562038,27917912,58069969,27942933,84052193,75616145,67756687,75402105,67598401,84517928,75482370,19446999,75509125,32392184,19318755,84493376,27967954,4871048,84468824,3898346,84542480,66878008,64733186,19340129,67651163,75535880,28118080,84101305,4046078,3996834,27992975,55063774,4785268,19297381,49080717,4021456,4871052,55022380,66858764,55146562
317409,470853,291835,368557,266261,342983,394131,419705,445279,2486994,2512189,2688554,2537384,2562579,2587774,2612969,2638164,2663359,79541871,79517254,79689573,79492637,79640339,79615722,79591105,79566488,79664956,82465162,26730024,19425625,82489820,26635400,26611744,26800992,19382877,82391188,82563794,26682712,19361503,82539136,82514478,26659056,67624782,54585296,26706368,19404251,82415846,3972212,75428860,75455615,84076749,79248507,82366530,84027637,26753680,67545639,26777336,82440504,67572020,84003081,27917912,54562038,58069969,27942933,75616145,84052193,67756687,67598401,75402105,75482370,19446999,84517928,75509125,32392184,19318755,84493376,27967954,4871048,3898346,84468824,84542480,66878008,19340129,64733186,67651163,75535880,28118080,4046078,84101305,3996834,27992975,4785268,55063774,19297381,49080717,4871052,4021456,51537348,66858764,55022380
317409,470853,291835,368557,266261,342983,394131,419705,445279,2486994,2512189,2688554,2537384,2562579,2587774,2612969,2638164,2663359,79541871,79517254,79689573,79492637,79640339,79615722,79591105,79566488,79664956,82465162,26730024,19425625,82489820,26635400,26611744,26800992,19382877,82391188,26682712,82563794,19361503,82539136,82514478,26659056,67624782,54585296,26706368,19404251,82415846,3972212,75428860,75455615,79248507,84076749,82366530,67545639,26753680,26777336,84027637,67572020,82440504,27917912,84003081,58069969,54562038,27942933,67756687,75616145,67598401,84052193,75402105,19446999,75482370,32392184,84517928,19318755,75509125,27967954,84493376,4871048,3898346,84468824,84542480,66878008,19340129,67651163,64733186,75535880,28118080,4046078,3996834,84101305,27992975,4785268,19297381,55063774,49080717,51537348,4871052,4021456,4849603,66858764
317409,470853,291835,368557,266261,342983,394131,419705,445279,2486994,2512189,2688554,2537384,2562579,2587774,2612969,2638164,2663359,79541871,79517254,79689573,79492637,79640339,79615722,79591105,79566488,79664956,82465162,26730024,19425625,82489820,26635400,26611744,26800992,19382877,82391188,26682712,82563794,19361503,82539136,82514478,26659056,67624782,26706368,54585296,19404251,82415846,3972212,75428860,75455615,79248507,84076749,67545639,26753680,26777336,82366530,67572020,84027637,27917912,58069969,82440504,84003081,54562038,27942933,67756687,67598401,75616145,75402105,84052193,19446999,75482370,32392184,19318755,75509125,84517928,27967954,84493376,4871048,3898346,19340129,84468824,66878008,84542480,67651163,28118080,4046078,75535880,64733186,3996834,27992975,84101305,4785268,51537348,19297381,49080717,4871052,55063774,4021456,51507136,4849603
317409,470853,291835,368557,266261,342983,394131,419705,445279,2486994,2512189,2688554,2537384,2562579,2587774,2612969,2638164,2663359,79541871,79517254,79689573,79492637,79640339,79615722,79591105,79566488,79664956,82465162,26730024,19425625,26635400,82489820,26611744,26800992,19382877,26682712,82391188,19361503,82563794,82539136,26659056,82514478,67624782,26706368,19404251,54585296,82415846,3972212,75428860,75455615,79248507,67545639,84076749,26753680,26777336,67572020,82366530,58069969,27917912,84027637,82440504,84003081,27942933,67756687,54562038,67598401,75616145,19446999,75402105,84052193,32392184,19318755,75482370,75509125,84517928,27967954,84493376,4871048,3898346,19340129,66878008,84468824,67651163,84542480,28118080,4046078,75535880,64733186,3996834,27992975,51537348,84101305,4785268,49080717,19297381,4871052,4021456,51507136,55063774,4849603
317409,470853,291835,368557,266261,342983,394131,419705,445279,2486994,2512189,2688554,2537384,2562579,2587774,2612969,2638164,2663359,79541871,79517254,79689573,79492637,79640339,79615722,79591105,79566488,79664956,82465162,26730024,19425625,26635400,26611744,82489820,26800992,19382877,26682712,82391188,19361503,82563794,26659056,82539136,82514478,67624782,26706368,19404251,54585296,3972212,82415846,79248507,75428860,75455615,67545639,26777336,26753680,84076749,67572020,58069969,82366530,27917912,84027637,82440504,84003081,27942933,67756687,67598401,54562038,19446999,75616145,75402105,32392184,19318755,84052193,75482370,75509125,27967954,84517928,84493376,4871048,3898346,19340129,67651163,66878008,84468824,84542480,28118080,4046078,75535880,3996834,64733186,51537348,27992975,4785268,49080717,19297381,84101305,4871052,51507136,4021456,55063774,4849603
317409,470853,291835,368557,266261,342983,394131,419705,445279,2486994,2512189,2688554,2537384,2562579,2587774,2612969,2638164,2663359,79541871,79517254,79689573,79492637,79640339,79615722,79591105,79566488,79664956,82465162,26730024,19425625,26635400,26611744,82489820,26800992,19382877,26682712,19361503,82391188,82563794,26659056,82539136,82514478,67624782,26706368,19404251,54585296,3972212,82415846,79248507,75428860,75455615,67545639,26777336,26753680,58069969,67572020,84076749,27917912,82366530,84027637,82440504,84003081,27942933,67756687,67598401,19446999,75616145,54562038,19318755,32392184,75402105,75482370,84052193,27967954,75509125,84517928,4871048,84493376,3898346,19340129,67651163,66878008,28118080,4046078,51537348,84468824,84542480,75535880,3996834,64733186,27992975,4785268,4871052,49080717,51507136,19297381,84101305,4021456,51567560,4849603
317409,470853,291835,368557,266261,342983,394131,419705,445279,2486994,2512189,2688554,2537384,2562579,2587774,2612969,2638164,2663359,79541871,79517254,79689573,79492637,79640339,79615722,79591105,79566488,79664956,82465162,26730024,19425625,26635400,26611744,26800992,19382877,82489820,26682712,19361503,82391188,82563794,26659056,82539136,82514478,67624782,26706368,19404251,3972212,54585296,79248507,82415846,75428860,75455615,67545639,26777336,58069969,26753680,67572020,27917912,84076749,82366530,84027637,67756687,82440504,27942933,84003081,67598401,19446999,19318755,75616145,32392184,75402105,54562038,75482370,27967954,84052193,75509125,84517928,3898346,4871048,84493376,19340129,67651163,51537348,66878008,28118080,4046078,84542480,84468824,3996834,75535880,51507136,27992975,4871052,64733186,49080717,4785268,19297381,51567560,84101305,4021456,4849603
317409,470853,291835,368557,266261,342983,394131,419705,445279,2486994,2512189,2688554,2537384,2562579,2587774,2612969,2638164,2663359,79541871,79517254,79689573,79492637,79640339,79615722,79591105,79566488,79664956,26730024,82465162,19425625,26635400,26611744,26800992,19382877,82489820,26682712,19361503,82391188,26659056,82563794,82539136,82514478,67624782,26706368,19404251,3972212,79248507,54585296,82415846,75428860,75455615,67545639,58069969,26777336,26753680,67572020,27917912,84076749,82366530,84027637,67756687,27942933,67598401,82440504,84003081,19446999,19318755,32392184,75616145,75402105,27967954,54562038,75482370,84052193,75509125,84517928,3898346,4871048,19340129,84493376,51537348,67651163,66878008,28118080,4046078,51507136,3996834,84542480,84468824,75535880,4871052,27992975,49080717,4785268,19297381,64733186,51567560,4021456,84101305,4849603
317409,470853,291835,368557,266261,342983,394131,419705,445279,2486994,2512189,2688554,2537384,2562579,2587774,2612969,2638164,2663359,79541871,79517254,79689573,79492637,79640339,79615722,79591105,79566488,79664956,26730024,82465162,19425625,26635400,26611744,26800992,19382877,82489820,26682712,19361503,82391188,26659056,82563794,82539136,82514478,67624782,19404251,26706368,3972212,79248507,54585296,82415846,75455615,75428860,67545639,58069969,26777336,26753680,67572020,27917912,84076749,82366530,67756687,84027637,27942933,67598401,19446999,82440504,84003081,19318755,32392184,75616145,75402105,27967954,75482370,54562038,75509125,84052193,3898346,84517928,4871048,51537348,19340129,84493376,67651163,51507136,4046078,28118080,66878008,3996834,4871052,84542480,75535880,27992975,51567560,84468824,49080717,4785268,19297381,64733186,4021456,84101305,4849603
317409,470853,291835,368557,266261,342983,394131,419705,445279,2486994,2512189,2688554,2537384,2562579,2587774,2612969,2638164,2663359,79541871,79517254,79689573,79492637,79640339,79615722,79591105,79566488,79664956,26730024,19425625,82465162,26635400,26611744,26800992,19382877,82489820,26682712,19361503,26659056,82391188,82563794,82539136,67624782,82514478,19404251,26706368,79248507,3972212,82415846,54585296,75455615,75428860,58069969,67545639,26777336,26753680,67572020,27917912,84076749,67756687,67598401,82366530,27942933,84027637,19446999,19318755,82440504,32392184,84003081,75616145,27967954,75402105,75482370,75509125,54562038,51537348,84052193,3898346,4871048,19340129,84517928,51507136,84493376,67651163,4046078,28118080,66878008,4871052,3996834,51567560,49080717,27992975,75535880,84542480,19297381,4785268,84468824,64733186,4021456,4849603,84101305
317409,470853,291835,368557,266261,342983,394131,419705,445279,2486994,2512189,2688554,2537384,2562579,2587774,2612969,2638164,2663359,79541871,79517254,79689573,79640339,79492637,79615722,79591105,79566488,79664956,26730024,19425625,82465162,26635400,26611744,19382877,26800992,26682712,82489820,19361503,26659056,82391188,82563794,67624782,82539136,82514478,19404251,26706368,79248507,3972212,82415846,54585296,58069969,75455615,75428860,67545639,26777336,26753680,67572020,27917912,84076749,67756687,67598401,27942933,19446999,82366530,84027637,19318755,32392184,82440504,84003081,75616145,27967954,75402105,51537348,75482370,75509125,3898346,54562038,84052193,19340129,4871048,51507136,84517928,67651163,84493376,51567560,4046078,28118080,4871052,3996834,66878008,49080717,27992975,19297381,75535880,4785268,84542480,84468824,4021456,64733186,4849603,4849607
