99516277,74759850,33349464,96666564,98288864,41448956,75285332,77088826,75795488,74853618,73849924,84221824,74921658,66079100,14523790,22234355,22952825,73248094,83549634,78693030,80837661,80907081,69977246,83574106,708069,81247810,84217451,98852329,83721431,82570017,51448214,99249872,81131271,50498642,48988802,73200990,22190245,96419473,50416356,3378874,76223926,75730626,74882978,11781663,39191819,87201728,84490905,78806038,84461504,73095510,83348888,97510737,75408801,82649910,58087179,81011922,99207132,33352848,18935306,1581392,77059105,81944039,33323272,1143892,95806771,75594166,79646942,78681545,74673243,18003827,95860487,83476432,97149704,28988919,96158317,33330256,51750345,70547393,73624678,82641780,98471918,63187694,29242755,73035660,19878539,3359131,84410569,84114221,64381252,17763676,75052230,81363417,701749,83828048,25334498,79739791,82091302,5129016,79643509,56580092
83527008,41448957,96666565,74759851,84221825,79139587,77088827,99516278,69977247,50498643,79800792,22234356,75285333,79740851,95860488,75795489,73200991,81214931,26185892,75730627,79498525,70060695,82641781,73849925,73056429,73260164,14523791,18935307,1581393,83549635,74921659,74601662,78693031,22952826,96574354,83284157,77332997,64381253,1184641,74853619,10894128,81080957,80897033,81131272,4661884,72986577,82570018,70547394,3157652,83721432,28603432,75271897,73624679,81247811,96158318,29242756,708070,33349465,80907082,51670577,822958,73248095,72884775,24878598,59297475,44651323,79618571,82592578,78750423,84410570,51772351,64590781,3437426,73035661,74882979,47923874,97115787,48137690,8739273,76223927,79714763,81046519,79663414,98288865,27357361,73095511,78909695,41605333,6982151,44393036,16694615,77275659,28988920,99249873,76413684,6288471,82056208,75750483,79431263,81696685
83527009,79800793,79139588,41448958,77332998,73849926,70060696,95860489,96574355,3486849,80043976,22234357,74601663,708071,77681105,11682818,26185893,77088828,73200992,84412330,75285334,75649884,59297476,73056430,44651324,77047092,1581394,74853620,628947,81780793,3437427,93270011,76413685,74838991,51670578,81247812,75484972,75357842,73150031,73438197,55386276,79874759,74891648,79714764,73100408,14523792,76237086,81670184,72948300,19687358,82592579,77564448,24878599,81002231,84410571,79740852,73168095,75437074,77085627,25299104,1184642,44696668,72986578,95797738,3437285,82333495,98602211,7035676,83284158,79424517,74887445,78648699,74759852,24033864,39115775,72884776,75269925,73122744,78750424,56177068,96947625,79036281,47923875,37359969,97748494,79520034,77546639,81453254,81783255,30924522,83971667,72927025,2878126,81696686,83549636,82311310,74883784,79886989,55439380,60854665
79139589,79800794,77681106,41448959,22234358,77047093,73150032,81670185,78799514,77085628,73265287,6982153,74832700,6099378,72995705,77332999,79494509,95860490,81247813,79185386,27539100,75558621,35271207,81780794,9835694,708072,3486850,67229163,78654297,73168096,75484973,6114155,79675294,81354607,82649913,73107320,81312062,80043977,73438198,19687359,1184643,81076153,77088829,76542332,79036282,56177069,10621783,72986579,96157879,11682819,30924523,78648700,77446108,26185894,96299732,47965572,3210998,78750425,76573276,19878433,79714765,84352932,84320080,95664415,87201731,75269926,55435112,1116837,79431265,51753887,98602212,628948,73510056,81783256,79938691,78680768,75357843,45043647,95821090,79061893,78771369,77564449,72927026,73566176,40435250,81536795,74479179,82641287,81880269,73200993,75387262,82029977,55439381,69747099,19745216,3526589,7051794,543301,23966550,79035981
81746139,33406433,76573277,13557834,9835695,52437311,74988998,22552917,76413687,81670186,69851729,75365645,55435113,39115777,45102217,82641288,31136210,27328460,6288943,10309834,47603493,76521269,69798523,78799515,76388588,57813355,5984952,46155681,77231558,81076154,79430599,37333779,69936878,35189988,61949191,65935967,74699948,44634393,97588450,69961184,44415598,44486450,4856674,51619810,42196475,80730698,9402829,55652199,77175503,47965573,66045986,69756963,83242860,6231738,42051161,37994391,23559161,83356406,74536436,44683115,27428618,27346743,19832479,64383057,42212957,37894296,76317656,42069043,4445815,46263195,10579873,73275714,42069693,35085990,10211499,10730377,55940401,27539101,81059523,82574604,63192018,529082,79773386,81702277,47994190,1011736,9909605,9854329,52128859,10608114,10557982,76370349,29536228,56177070,46193766,76587755,10333595,63159596,938592,19990020
52437312,81746140,55435114,9835696,79185388,76413688,41449075,5984953,76505658,27328461,44683116,44444827,77079476,57813356,35613618,76388589,42212958,81059524,84398112,82641289,97588451,45102218,32766172,56183856,65935968,79732451,45069892,78784798,77175504,47965574,19990021,76417829,79372923,81788356,81064161,44415599,529083,76352410,56630078,76114789,47905854,69851730,74844103,77094096,77295239,37333780,63192019,73220459,50649372,80156511,55899765,80829861,23754968,34022767,51400612,39115778,73066153,1040066,13496432,76957558,10788033,45167812,77231559,76370350,771992,761235,548465,5761689,42178031,6178384,76526716,48034917,79594948,25633977,84089461,26311724,19832480,941663,74716965,80819522,82401669,48013161,77088098,44869697,47963896,634388,5914484,77065821,52128860,47905488,32910377,69625336,13557835,62051348,32661464,44486451,55770134,22202593,44634394,76123843
77185780,35613619,79732452,84374623,45069893,42020470,33325497,38013117,73410142,84398113,76114790,97116232,941664,679088,55783585,73220460,77295240,19885948,3007386,761236,1187569,79594949,40347080,81746902,45471816,47166773,40438978,76993063,41419646,47587355,47660640,32965757,64468235,35504393,62690832,42073793,33567044,25331892,2068558,79133700,33517846,47905855,81074874,84210051,47841230,24992895,81064162,516895,44405474,65935969,397324,76957559,50502177,64402405,33003304,46259500,19769664,45167813,96386742,44494282,62695947,79765746,22119461,17833831,44689270,50692521,56630079,42178032,3143768,62051349,44441650,23754969,80872746,10580554,44412542,80156512,38157776,65997266,9410984,84311523,3260701,81528570,58980848,50733017,62896554,84089462,9581342,76469924,55608341,4600866,56183857,69635757,886816,46984926,4924906,35529759,56288663,9575272,977489,66837681
42020471,761237,77185781,62690833,22119462,9372032,66009169,65997267,47885008,44412543,89002292,76114791,44441651,42161218,891093,427749,42200108,55709471,44567687,20083222,41987922,81807095,64326226,77265265,4984931,42230465,9569084,50481893,27208778,66621422,34478980,44703365,411964,82454167,2112706,2031700,56453299,47813101,22486307,37425165,76295568,81935898,30529583,46251454,63193148,49130562,77318336,66993899,10549842,62997180,930674,45149536,42248749,10580555,62712131,55778215,68754910,76994088,76526915,41977306,47988552,10640353,44842581,46154408,4487919,77173873,25331893,46095867,55553064,66600191,47953455,62946258,42026262,69681577,44799992,42114015,67243340,45167814,23896790,5431607,69555123,429866,62751352,62971051,9573874,10956410,25415341,63211174,62103497,62843838,44475686,45959412,55411135,59292352,50596931,55249364,45137952,50733018,43659587,33723484
22432839,761238,37425166,77185782,47885009,76994089,34478981,44441652,56863423,29607407,66935833,65832348,61890963,47813102,427750,84333061,42230466,891094,47757839,19839394,55893281,32650303,77113292,65997268,64326227,32831330,81807096,50615073,27204889,10832057,23526079,33479413,9986787,9582986,42248750,429867,30584238,55420403,47627809,63081783,50481894,43598261,23555583,9432995,42026263,63193149,42014651,30529584,41987923,20083223,57629027,83382009,2074205,42062919,50576724,47931468,64593598,49368269,75394756,25721541,45959413,66833937,4487920,22119463,56316972,10325849,69555124,33444033,62690834,9628513,4984932,9830197,22486308,30587857,46016452,9464037,66596117,81927845,59111556,76114792,9708300,67312042,9814612,46855450,61890984,27310702,51301795,19794230,55249365,42020472,66733259,30495209,5320985,33618159,27479021,47771799,81620505,49054627,22520602,22112378
63005747,37425167,84333062,29607408,761239,47885010,51301796,589894,50645407,63098695,10682504,74690705,65832349,22511122,76994090,42230467,66596118,78982423,49368270,23564239,46855451,47627810,39123639,65944290,50615074,55893282,9601710,32831331,62785859,81927846,58948074,20083224,62158570,63081784,55420404,69537664,68098205,62897708,64593599,42184853,81538249,50559925,63133875,83239365,67316614,56863424,77105249,47567490,78904921,77113293,46859164,79739076,44506524,891095,22232693,77411785,62690992,76112902,67196478,66037650,47931469,23526080,66935834,65947407,30311400,77185783,65864557,76114793,32650304,67268389,22486309,68260160,34862837,10325850,66609349,47757840,10942275,62093839,1068273,43659589,27248130,67312043,62921275,42221880,4530885,62206594,65842374,75394757,76330130,81748698,45963898,61890964,56316973,42026264,65991231,83382010,34712938,2074206,76496187,65861702
47597218,34969678,51674261,83346704,44412718,50645408,65924412,76123186,67264196,44654408,42003996,51301797,9531685,56486137,29607409,69537665,69686624,83373493,37596803,66595325,84333063,61881493,52362633,82022760,66596119,55396273,62799562,76496431,66037651,50770578,51314457,56905939,63133876,50492969,76469830,30222957,23541831,27179585,6671850,49167658,81602050,48036405,42005291,42125930,40360235,9419439,81927847,33306333,10682505,39123640,65788649,76108299,77117746,46010747,41141443,73003037,30405398,62897709,42184854,50615075,589895,58968699,59058394,63075697,62785860,66600768,62158571,9888324,62206595,22511123,67196479,10713755,68844700,65991232,62093840,55420405,67371720,49368271,34724176,76322799,62742280,69678550,33569339,41979107,42230468,49370461,50711844,42221881,65861703,426015,34853935,44406599,9553860,63240941,27497377,78900264,10279894,47627811,64502173,76270412
58968700,50645409,1188532,51301798,42184855,871077,16299699,63133877,783218,66747481,62958008,47597219,45989463,34373093,81927848,62066385,34842561,46785121,47991699,42003997,22125561,2122137,66042961,42115309,30486121,67282671,56486138,83346705,9888325,62206596,44412719,44654409,69537666,62897710,50597544,41979108,55346075,787442,9553861,41141444,34227605,768925,42005292,40456196,42125931,10713756,9531686,9913785,52020255,34969679,62766847,49368272,55420406,65985991,66869091,27394275,47600194,65865121,66596120,66041924,42031185,65788650,46135068,29427176,65861704,65882978,37596804,4544113,35080326,66037956,76166875,65991233,65973574,29607410,66604179,27423061,22393024,76469831,65972205,9400559,47678366,22331807,83372262,76172963,42147431,47626370,5136487,10457378,65814938,27395323,35067345,49179347,44843635,76123187,62722043,22205994,22118698,62664095,42136793,34724177
42115310,50645410,62834254,37428869,10708609,61865768,51301799,22523419,63133878,41141445,47597220,62703542,66795303,22125562,22116269,16299700,27394276,65851652,49275502,42003998,79511730,22331808,783219,22438665,9372628,42184856,22408933,768926,66889274,42143244,65861705,62066386,49331689,9913786,30242785,56549500,49025717,65991234,61848729,22089201,10457379,43684626,34227606,9450202,47766595,41992010,62764621,42225304,35067346,42031186,22331098,65864560,62892497,62664096,83346706,44632796,10197440,45939670,52020256,62834306,45989464,56486139,78964981,46077156,49233526,46259008,76365091,40897309,30325934,49303415,65788108,61948189,65973575,56115645,42031729,63290196,10753872,44654410,34373094,62722044,62978242,9403099,69637322,63074098,67282672,787443,83372263,73076283,9531687,46122477,65882979,44565097,49362199,81941514,69507210,83373495,65933867,62707504,27405740,76469832
66889275,27261327,22331809,79511731,47597221,62834255,10309854,42115311,9372629,42143245,61848730,30337166,37428870,62703543,67252470,83346707,5423203,83372264,49008014,62814887,9531688,22331099,76491926,22523420,44407510,67216586,44443711,41141446,10450038,22116270,56486140,63133879,543785,49331690,62066387,56831390,65851653,65805095,49016867,45949053,27251337,81941515,33562562,783220,65814940,30347242,56059758,45991958,55361965,76444988,41997180,9508108,52020257,76992254,49303416,77317359,66889544,58987346,66759779,69637323,41992011,45333693,19915922,62892498,49275503,63095095,62978243,22408934,43684627,9549761,10275295,9913787,27394277,65788109,30242786,62745051,43801890,22459886,55924595,56058944,62710197,42031187,30472916,62813775,47678368,65990472,69516320,65864561,76962567,65861706,33672549,44505790,65933868,46122312,4418320,23528418,45989465,46122478,10197441,46076896
30337167,10309855,22331810,76270416,43684628,67252471,67985454,22116271,27251338,34864749,55344954,44407511,10450039,83346708,27418955,67282674,66956975,42168761,44443712,27261328,50680672,9372630,41997181,22057927,67302967,62814888,62906552,84154346,27235120,79511732,27170199,76992255,76125571,27191103,756516,83372265,543786,76686999,55241691,10192574,44672360,49331691,62775154,76491927,783221,49016868,47576825,44647745,47597222,33562563,65851654,46076897,9815129,45991959,22104522,9563582,76962568,62710198,62133037,62892499,66759780,9633160,49008015,47781589,41976616,41992012,55361966,46215003,19915923,62962020,30321544,62802338,69620082,67247652,44550769,49299224,49189827,42019104,56058945,30351181,62745052,67251063,46122479,855955,37428871,729662,66612415,9549762,62703544,5693547,62677024,27161459,31440300,46055126,47678369,66733784,2078948,34867556,74496038,62078090
27170200,67252472,76125572,756517,62714192,10309856,65973139,55401824,50680673,22116272,62133038,27261329,44443713,34864750,41997182,45333695,62078091,27251339,544381,9530091,56805876,52020259,44550770,79193709,9372631,67247653,27418956,84154347,62906553,1356452,67302968,84184830,22331811,62703545,37428872,783222,78764998,5427536,9404075,56124174,49073823,41992013,81628696,10450040,45991960,729663,33562564,543787,67985455,43684629,66776829,27255896,47605333,55344955,30274186,42019105,55444110,26500174,55470382,62892500,46189252,62081440,67373465,49331692,855956,83208520,46212972,62166444,22243656,47576826,66733785,69620083,12520553,55241692,20535281,44647746,62775155,9653066,65813602,27441607,19915924,49318664,23603289,62814889,30351182,55261128,55433335,35084790,69781513,5845988,57529484,46215004,83372266,50584421,10259364,67329532,49228995,41976617,46122480,65973578
79193710,50761826,47626249,52226154,1356453,22292842,22112352,9372632,27385894,67252473,12520554,45333696,62714193,34804170,22086360,55401825,49077467,34193814,62133039,56094224,62966609,44550771,49104122,56840313,49021122,51457692,56116463,49022836,49318665,65929107,52020260,66149082,50680674,81902298,67247654,67262232,30300406,42110730,35012680,76125573,41962909,67329533,67498787,50490701,66830149,62856176,27418957,67302969,10426899,33855089,756518,27157789,41992014,49160545,48093916,59058905,543788,26500175,66776830,27366033,1031797,23603290,40848201,42012393,62703546,62906554,2297727,5693549,30261728,62059591,56558045,9407044,34864751,55433336,46086083,55691917,62937540,33616086,62078092,22468174,59103229,41969150,62673903,44708273,1006675,9572736,27177489,65987357,63013947,42017903,52032909,22200067,62081441,10450041,46007367,30278328,65860221,2405570,69612285,55444111
79193711,50761827,5272160,47626250,66768893,77197058,49077468,62133040,44550772,66596126,86434951,12520555,49104123,45158591,22112353,75656235,52226155,27366034,56549505,44610728,42152480,66830150,76566626,62856177,26500176,79046478,22390705,67247655,49181409,35009436,86803767,78834940,62714194,34373099,62937541,56116675,56840314,67203250,35012681,55418631,67411010,2297728,42151419,20608256,67199320,31367807,83252258,2405571,49356776,22470950,63018423,50597367,496938,1356454,10635342,55433337,65881424,22353864,62966610,45333697,42172841,878315,69781515,78943547,65860222,59020672,78790661,75703617,5419142,41969151,81714982,76196570,40595970,62125188,46770900,66149083,52435064,40372466,55401826,27157790,69612286,59103230,7167093,620783,30212005,67401441,10615332,84184832,31530085,42160715,56094225,42110731,65973928,54684154,49160546,33778828,67252474,5702709,47615643,4450610
79193712,50761828,23750241,86717527,7851960,75478177,86748669,76566627,29518074,81923184,22470951,56116676,78631372,67411011,86787141,49104124,63099017,86780195,86434952,639654,77146086,86803768,89563862,27208284,86809255,75656236,86491707,56549506,68231956,52226156,25604204,31367808,55292755,47626251,22390418,86508635,43594873,43650667,86435545,7167094,6439584,55869418,61926630,86758679,2297729,67199321,7502441,5787418,81572932,45333698,86770237,86431282,66806879,40534813,49077469,55922211,86788467,65929109,86753566,42035378,5419143,63209397,22112354,31441883,62125189,86497596,16317366,22151124,62930153,42151420,42087682,9577620,23843780,86655625,81675818,20608257,38052097,55349879,86607103,77197059,45158592,10600023,625362,62059294,22543399,86809112,4698270,86606840,22224241,69733551,26500177,45973763,27277589,31381452,78834941,42172842,10027100,63082120,31383001,42068948
4776149,5195412,45241378,30833369,29519312,50761829,77196806,33886124,7938503,46892557,49087736,86646648,49650075,86521715,49743628,33602660,34819457,44672825,47792369,70017226,44012946,44532832,45327850,10723782,43721835,86717528,10781248,34982395,66162720,4675862,6439585,34200539,29456589,68231957,22381827,86745233,83595143,10537615,77256505,5427565,66103593,58941501,4861081,75467255,86681040,86877209,4774488,22323741,66648374,79842300,2229873,10646193,33809810,27447494,65875758,49739974,76984501,84639305,48024798,63186195,76332189,7851961,30258243,33599148,4752618,38318135,79055584,79193713,27543892,79042021,63199566,35430128,29401134,75802789,35356180,46379662,57661097,16630207,56432964,57477242,33633907,10665736,10830848,33824704,19776269,66144836,65963789,67436946,87035271,34871594,33763329,69814005,86493466,42074187,41112177,10610844,4745785,47771111,10653970,9675965
87037987,68231958,5195413,86521716,41112178,81471743,66103594,10690340,6439586,75802790,49087737,31070424,99900258,94408984,33602661,75478179,66841255,44012947,4856430,25967137,48022279,50761830,9901637,46355868,86646649,10730200,47792370,37403429,5202135,52378962,34888906,10647888,4819853,56432965,33886125,10404827,84639306,10654755,89002023,8082516,7848220,49743629,16431859,62715654,64585953,10610845,5365188,43798076,38078888,49411996,31036975,26141888,5737363,65875759,20505006,79193714,69814006,49563885,20432411,22323742,22292093,62745266,76380219,33563092,56394333,45991075,76984502,33809811,34871595,49650076,79842301,22572899,33695032,7372407,10353935,4774489,76258871,35090058,56549508,86717529,5338506,76566629,63186196,78678126,33643352,10665737,5427566,29401135,32088521,34819458,57477243,5842188,4776150,67195127,29534594,10948141,10365134,34876719,86512789,86433211
22431920,86691415,81471744,93692844,86646650,94347143,94329862,56394334,7372408,9901638,41112179,87299535,96110366,7655034,4763483,78957158,67051598,79189012,75575190,62733084,78678127,11755912,10697163,49744402,25967138,66103595,83595145,10911589,63303160,86521717,81846333,10730201,49650077,93680000,52378963,7324887,1380755,22428805,56838768,87037988,6439587,23669279,86985143,844700,44012948,84158507,10666810,5202136,44709266,10665737,63095521,10647889,5896294,51683392,47672945,5195414,30833371,49087738,96105968,65820724,62393163,56813372,31158844,78596921,78730127,93694796,10690341,74622100,68135569,950874,11753340,11755235,99900259,7310961,10404828,98049148,11767130,57661099,66929542,11770176,9937835,75292959,86801330,49648232,31175846,33563093,67202862,73782319,4778708,29401136,99122038,86828462,50795823,11769060,4820655,93680402,10645931,10948142,33695033,33643353
98753838,67051599,49744403,77036675,5661898,63307092,6941637,4778709,82471066,84394144,70117137,75608239,6439588,84158508,4824575,83574519,76543986,79007987,74730808,31175847,67049078,74732227,74724601,93692845,81789535,66202647,75110262,5508636,4763484,79231751,67004612,79189013,45959213,74888508,4851316,20549552,94720055,28354232,4846472,19211938,80962468,6645937,33915970,7324888,5526736,832680,74734097,63158684,81118900,70203030,33532999,95853687,9006186,86691416,83404559,22431921,51312401,75799657,87299536,31653020,74608135,42991864,79934770,75575191,81846334,46719088,9921388,44287818,66103010,30767277,63321912,76495345,31643193,83676493,81657296,9937836,33689762,4747357,30841881,41112180,33563217,93680001,4820656,62733085,10647890,56394335,5196235,27361652,74480156,4801806,77400026,20110708,77288749,83565298,13072778,29557016,70207179,6745426,4863214,5006246
28531776,86643409,36900069,95233214,59487304,7810232,51779562,55052119,65677165,67021420,85415955,35894386,36257362,67726771,83283440,76543987,81133770,28075277,95347769,53371538,75661263,46695384,87820583,81129479,89124378,89037217,37864785,53439920,70293858,13191204,39498746,2726411,9345271,28619904,92912597,83687507,19559762,98361909,34146353,75544029,85534251,63362699,82033243,99546255,56680567,85542061,91389493,24783673,12731937,94622812,81152674,37831543,17633008,95398497,91390633,31830173,87873372,10078901,14180764,67655496,84407267,36515955,77984914,68649161,39193615,90589020,27733917,86531407,90198630,6904577,80969075,39376313,87700186,99142610,9321665,97616893,73792126,44287819,48660903,91543782,28384889,74033675,24632378,37680795,94445555,13727128,53524276,94998255,94974440,28331652,40147025,75584174,37839230,64235957,53533015,90082856,45839886,83297176,85412159,39509403
28531777,65677166,55052120,10078902,68524930,75470836,12732016,85534252,27733918,86643410,94622813,35894387,51779563,70293859,83283441,12731938,31830174,85415956,20362101,75543956,91389494,75661264,94926380,36257363,34146354,95347770,68647510,67021421,94393307,35321456,46695385,53371539,81133771,7810233,94054596,90082857,18147081,80473595,39193616,95233215,95398498,9341904,46564305,86321484,12674183,59487305,81152675,24783674,77984915,39498747,70209048,2726412,83687508,73957760,53400889,86322722,10143479,87700187,80649352,53439921,90393582,99208158,90198631,56680568,85412160,84407268,94679147,36900070,81898900,79030443,86693454,20367992,4801808,44993200,99546256,9345272,7786109,55052858,99892694,68658544,83410941,86216383,90227514,37669074,6791965,84229156,81152548,89124379,73788396,14180765,86339207,85542062,55030115,92355354,28619905,34125033,78037486,78531971,75584175,76230398
28531778,37680797,94393308,70209049,80426219,90398179,91441427,85909724,60847269,39507971,86342265,87872959,87512832,12604751,77861502,16868118,13537181,70045774,90589022,99546257,84407269,68525875,94659579,80310851,65677167,29899712,78089689,65600810,73794543,80305840,78804803,51778878,54376260,73920607,87507657,70293860,75661265,12732017,94799264,89087246,76241527,63358507,74618675,42716713,81152676,19503139,28450047,21018033,98265925,99549006,81133902,34049879,75470837,37550504,86091043,99142612,16639697,20396120,94054597,96269093,37075571,27733919,12676271,34125034,74610993,31830175,86321485,80311874,56680569,77055959,51719273,99143769,28243016,46731575,94330140,85416175,99046672,68370858,78531972,73178160,84385801,74098883,57939871,20396259,21018346,93937189,50310586,77357175,51779564,20179230,95386848,89861185,48053457,99223471,73789817,48861589,46577361,90182389,60033937,84105472
66490752,28531779,88921142,75661266,76610568,67020526,19503140,80835478,14179843,98265926,78804804,48053458,40142480,74610994,37680798,77228730,53838576,56680570,12604752,5686185,47978846,70277331,94659580,70209050,82474375,80305841,51833354,89223680,29899713,75797274,64875495,84407270,72975374,30026836,9321940,20396260,86528453,83414556,56685172,57179286,86528596,99046673,39497521,84246511,89414219,30460637,39359014,79030445,70560061,98347460,66562825,80846616,21131330,51719274,68481547,88924348,7036264,80840408,9248434,73289594,90398180,66366089,6912189,27808605,2562321,79487990,81835278,41846488,84107838,12732018,21018034,9995984,15046188,32582767,92356908,66250329,75930543,6797286,12715682,8448310,4200311,16868119,85422139,99972857,77872713,62325973,94054598,87872960,99130390,57809307,12756025,80533893,30743728,24793915,84105126,91298188,63358508,31462738,84601096,51881738
88921143,39497522,12604753,19503141,66490753,80835479,67020527,53838577,70209051,56680571,67594497,51833355,91215209,20947496,34007598,31462739,75797275,45832500,23923888,75661267,40142481,5686186,75930544,9995985,63348557,2562322,98265927,81359576,67011039,29899714,74610995,37680799,34149025,79855975,95759610,70249495,63358843,72975375,41846489,55001008,30026837,81835279,89414220,4662413,6912190,67140474,21018035,99847000,70127464,5632521,12887971,86528597,66366090,5639560,84107839,84385803,39466429,30743729,14179844,86915995,8454788,76005313,24793916,4200312,68481548,90635403,92463250,48053459,89223681,64875496,78684186,20396261,28706631,67052011,45610877,952125,51719275,14102340,85405549,79664103,77865632,70257634,76610569,94659581,78804805,12756026,77228731,43736386,27808606,56681952,93708879,12703757,4816215,33971677,73954307,34002858,67095742,5665692,57871252,76679933
41846490,88925715,63358844,19503142,66490754,45832501,89414221,92555892,88921144,82589401,39497523,40142482,78684187,23923889,31462740,90586966,20137764,64875497,75665955,57965094,81359577,94433187,5687231,70127465,82062672,51833356,93880960,89084939,76679934,86915996,12779349,63348558,5626055,45021330,5682172,89223682,79817152,65085562,93929325,44283736,70251657,67091535,81835280,70275687,28697471,99130338,57871253,67020528,16708090,6912191,67594498,94659582,92463251,44114171,98435127,74610289,75648988,98608503,77983281,844488,94414690,5665693,46437780,37077931,74610996,89087249,27806871,80840410,55001009,79855976,91298190,91215210,88922839,53532751,2562323,30862364,75930545,67095743,12782979,35115429,82208948,70201503,45654245,83411916,87613635,56680572,45084972,74783941,87151631,80474407,92620473,75797276,39309359,14403004,22010236,28706632,57965601,93708880,56685174,7685104
88921145,70209053,86990217,19503143,75665956,44114172,83413003,66490755,67095744,86915997,82062673,70127466,95758891,89182264,93929326,76679935,99516190,74775086,74777561,83292843,57965095,12779350,89573202,88925716,2562324,90738253,92356911,89222600,92427456,74783942,89414222,94279383,79855977,84220387,82589402,80840411,81970038,6940640,57871254,35078816,74920811,67021212,20137765,63348559,90586967,77357179,76238804,27729514,41850228,88922840,75146156,8084271,96270210,77167394,80962505,80474408,49766663,34001584,67096027,87151632,73377198,93568207,52579411,89196843,90501743,77223432,86524280,70182582,719969,78848891,99150542,56597173,48130592,45832502,83411917,27723682,89087073,99141235,84394103,74950430,78684188,81967788,79817153,57924986,83492173,81857510,20733393,94433188,30023531,78804807,57603722,844489,92281433,84342414,35367751,89269115,90763682,45584733,52578800,76515346
83414560,92356912,75665957,70209054,80474409,28544742,19503144,27729515,28706634,13729717,70127467,83413004,80840412,89224629,83292844,80840832,45827046,90501744,99150543,77223433,41850229,63348560,76233981,94279384,84220388,86915998,78679150,67588386,77167395,72976273,83492174,35078817,66490756,99961026,77422287,24793919,76238805,85475342,81857511,81009099,38701965,51793643,89414223,90738254,4851333,12779351,55970509,93000651,67090733,87509813,91635922,89196844,34169918,28307134,44287654,2562325,12870338,52534619,88921268,85215006,89573203,75648990,80533897,89223177,1740920,77212700,6940641,82062674,79817154,70772434,6904781,54867671,74777562,44114173,68422884,2724326,79699017,90999470,45832503,75539996,96270211,9321944,55962102,80426224,35127192,88925717,99516191,844490,84342415,82713164,27732295,76071560,77301408,10172924,63247052,57871255,89193181,80962506,46743892,45021332
92356913,80474410,83292845,39309362,28544743,83414561,41850230,75665958,24697354,99150544,77212701,28706635,70127468,48986326,45827047,6343063,5409392,82062675,31807703,2724327,51793644,27729516,78132747,54212067,49004045,90999471,67153480,80840833,4861064,77225230,87509814,68422885,98435130,64982605,96962340,99552872,38701966,57988943,65780533,71087983,89223178,53562892,85591047,85411148,74783944,86375865,99961027,70209055,5682175,80309912,24785465,93991078,85215007,70732514,95103915,66490757,28543058,86339418,77398211,94624789,9971800,94279385,74018953,31822337,96294991,19503145,87511129,12863282,96680391,89224630,44992491,96587348,831207,12779352,15240394,95488058,95422165,39486500,24793920,13729718,96270212,90377050,73285491,96663188,81825794,55970510,70772435,38534240,98187220,45880650,27806874,88925718,95696139,79699018,76355163,85320467,93086542,92437108,41789163,81227954
45827048,77858665,39309363,90324096,80475639,94625764,80474411,6343064,88919692,57989288,28544744,51908193,90999472,55047585,95697078,32501610,87748898,57988944,31807704,87964819,96680685,89037902,49004046,86170229,77982334,49005499,54867673,86339419,97906717,67890470,5682176,87962210,78042651,89997585,48695171,53520836,94613862,68566160,9157249,93086543,92356914,18319689,98712168,95406769,27729517,24612433,36228883,28697852,41571402,45086808,89903158,80350056,89036161,77989337,74018954,9357460,77983747,96679722,89898665,45880651,85549311,83292846,65780534,68422886,85411149,19503146,67844206,95103916,77422289,81665055,67085662,46743894,4861065,37680804,86321877,84221499,28543059,78132748,77225231,1743147,80306470,48903545,6807218,50322633,99976123,13700838,70127469,84342730,53437051,87815825,80306825,68409931,67918607,73965957,80309913,76234205,28187740,74072009,90941803,12733683
67913945,45827049,90999473,831209,86170230,74018955,85411150,97906718,31807705,90863638,66311946,90324097,88919693,87748899,32501611,80475640,42552742,78042652,85557683,80474412,49004047,39309364,39308609,39259389,53354650,97092882,55047586,68482196,92549519,94913489,4310695,64903996,80961141,39355392,51908194,1743148,1934541,95199221,87962211,86339420,45061654,96679723,6804786,80350057,51769147,5682177,41850232,41571403,35457213,94012181,40141047,99357378,45781025,45762067,12863284,6343065,77865442,77862860,13419929,18425771,67153482,73789584,96692287,46580855,92925421,77858666,84275037,57334319,35711974,18407235,95351609,54300530,36167543,87344070,12882091,66531530,91214798,86211843,78044833,97445910,24697356,95406770,95400554,96150955,78033093,48988019,60473520,89898666,87502293,93409747,12823533,91010384,81826313,95333815,65450826,34103988,85393582,95697079,93912369,22016887
90999474,78042653,42522450,51768352,70305922,90875901,13688288,31590015,53354651,37843641,41928801,37833485,95697080,78044834,98815414,13403525,91210656,99357379,73661341,90168784,91461538,51908696,37787007,73992503,95343478,69438309,75732091,92761361,96150956,1769891,19639543,32509194,14349322,18302596,98977453,86170231,86900813,57330288,5665609,97083728,67844208,77865443,39308610,80350058,95875922,78108497,32301256,96988260,80475641,90389222,27729519,14313270,74283086,78242722,95560942,81149132,76546193,39308820,17448577,23356186,19491223,79800613,90863639,95199222,28697955,52006776,80425846,45907391,2613906,34103989,8292531,68482197,97092883,86293951,53122304,32614502,9157251,86339421,86797040,1934542,99932272,40149192,42552743,54845939,55036810,94148893,6789500,78693435,65450827,8394986,92551744,17643706,95406771,51881141,91557652,94801201,89683001,90230295,21058319,12933632
99357380,89995622,3979488,51908697,78042654,13688289,53354652,45907392,91461539,51768353,78693436,95697081,79800614,99041693,39308611,74283087,70305923,78028700,65276028,5665610,78212690,37787008,91210657,95875923,57300699,53298095,80475642,40149193,97083729,31590016,64213408,37833486,45066202,98977454,95432362,19639544,36906924,17448578,43394979,94613063,76546194,78044835,48895277,36172280,90827073,89259834,60002587,20366589,36749839,32614503,23356187,80320220,94801202,96988261,96663192,92629420,43515942,45895765,74101181,90943785,85576607,7740882,47507333,95199223,39259391,90943588,90875902,51872430,28639969,18302597,1769892,92551745,53502114,60046248,23812066,96102966,55208921,1934543,27520431,98815415,52006777,87796845,6789501,86732149,99932273,19491224,37843642,37802321,97527153,96323264,88786348,74234352,44295191,86339422,80929811,12501738,80350059,22009524,93917820,84538777
95875924,53354653,51908698,45907393,89995623,3979489,37833487,79800615,74283088,13688290,78028701,51872431,39259392,75732093,91461540,5687344,6789502,98977455,99357381,96663193,48895278,86339423,90102680,36735980,98771770,68527828,78042655,64213409,90429289,50454272,94499259,22009525,24699357,99041694,37843643,66314482,70305924,54292173,45002612,74880018,55043171,1769893,95432363,86289827,86791082,90827074,91210658,9342226,80350060,84988414,31618698,28628439,90875903,44295192,94910697,36172281,86266817,80346052,9218488,90943589,16531655,78693437,95382363,41928803,78035968,66585922,19445877,95697082,12906267,74292238,39283319,1934544,93420821,23357349,85571114,97906721,95350827,65276029,96433519,70983453,94839517,86198274,80217694,52006778,1934768,78212691,90168816,19491225,51768354,90168786,90206759,83795946,96272221,39984985,75191123,94452359,57963972,24275781,94614638,21875823
86293954,89995624,91461541,99041695,51908699,99357382,22009526,74283089,78212692,39283320,66531057,55211669,94613065,95873733,39959776,90429290,32299040,13688291,66314483,78880004,94444118,53354654,9192501,90168787,86791083,60049820,78042656,92551747,23875502,73660871,50454273,24699358,87678044,57333386,87872533,94968961,65565332,94586680,85973268,85233538,99844221,55043172,94442501,33960570,85571115,48988023,53370119,34166273,64213410,90875904,70305925,37787010,76236103,37794214,98977456,86198275,43541690,95382364,80583788,78032464,12906119,95233010,37843644,78028702,28628440,98717196,20357322,81004494,37794142,9320374,78227707,77987415,95358810,95419227,23357350,78152570,78458271,94552104,39174540,36172282,32473704,96623820,96689320,31499221,51872432,40149195,51768355,30753272,42734042,2534276,74185141,30910264,90827075,64874071,18205147,86269280,41571451,95350828,78032004,94694274
83458033,83795948,81829813,75778953,30772848,90256119,49763061,79037851,84264586,99974319,86791084,28239542,78028703,94968115,75617898,84651160,73378906,5464088,80840179,77459375,66973261,93994415,79900881,73337762,90637927,67599994,90611794,99974348,76914299,39979865,76355259,6848733,86293955,74632142,78970473,85549317,81065473,33371633,82198000,76547605,31575035,90951404,43680276,6492690,78042657,74084821,84447075,56582442,78899925,77452572,58072916,98191464,44282996,51685738,17560788,45712254,95873734,76406807,87062521,84505434,30180388,7549055,5666944,76748026,13644210,13709176,79154502,23975438,84522733,7054591,28475357,70089521,83633107,75421225,70788521,78015606,23357351,90254312,95673431,31659688,76701861,50895409,77052113,90518600,20357323,95822680,91195056,79289561,37544650,5629278,78383791,74850600,79286316,86865696,6357865,83830014,81509685,81968434,51837792,35275340
27699533,49763062,51837793,73284819,5464089,25962730,75694103,70089522,87163766,58072917,30772849,20835229,86994754,49688404,80818776,81855013,79611429,23706777,99608264,55833821,78859129,76758592,82029431,66973262,10017081,79993204,40810280,79111501,56362147,84397954,750213,12956069,49751503,76269057,79301344,79867146,56631257,49706071,22550470,81878327,39125624,10787017,79354784,33922136,81456940,77421213,77424636,83651133,5553429,83633108,23749435,43906844,80124811,6228036,51351577,73247682,84232544,31018971,56225794,35275341,76502618,74668797,25405321,29488027,77052114,43680277,9395680,38329761,11119118,5385983,84557427,68977713,82366975,34704394,74837386,75285016,75249083,89005022,77726935,23750610,93716084,37581043,75396034,77554784,5253893,55414134,28239543,62993159,10249327,83428933,79975789,29965230,79670442,45025906,77562010,81809011,55575573,81678352,27516255,69665168
5464090,77099519,88914973,49688405,10017082,6224936,75949811,49702671,87163767,23706778,76223985,22365767,27699534,30772850,22402402,20835230,10872543,59847677,87026279,6848735,31635789,79111502,81855014,77055968,81809012,750214,44988192,70089523,5669914,67303574,33922137,30856261,58980444,96393622,35273583,30857494,70085712,82040374,79734991,23750611,49724356,37240872,74942055,81814689,75367001,5385984,49642700,77208226,84397955,76398971,79389332,84233164,81997085,56631258,45102455,45754263,74796207,98481678,76476791,49276605,65900861,84549005,76555324,6283062,76078171,76682172,49488224,51523637,79644176,5553430,77353128,49688730,79516997,35070418,78928102,81066717,67337210,63460424,31018972,81527813,87184529,56225795,94567882,23827158,76502619,89005023,49763063,45042639,20961724,82017942,55647803,84565870,23749436,78908089,74941787,4792196,10944624,83651134,12956070,55970313
79734992,35070419,5464091,33807323,86966314,35136123,70279094,27639673,22402403,46906332,10002412,76419738,23706779,22365768,35406440,45102456,10017083,8437778,23827159,49756922,75425125,81809013,33922138,50911267,81855015,33829316,76498678,33874586,76519167,4847030,35480609,49024942,38095702,5385985,55963990,77208227,31646311,23750612,70085713,81805722,94567883,5496599,35068531,22568888,20983762,81687599,50898268,4714111,66099809,78690873,76612726,62389264,38329763,74796208,20513928,87023255,46143868,76615017,89005024,27652720,49386610,45585406,66797071,79644177,46057284,45042640,10230463,5254920,62282147,75704086,9926618,22432779,16169703,45105096,35211398,10813582,52158329,66716170,4680204,76555325,20966644,49688406,81527814,45242784,20044207,56225796,75158387,20740250,46206658,88853734,10496762,76259632,31635790,1244728,27829880,75024075,16343863,86517822,52502629,50727051
76412437,86525040,6929485,74616752,86698643,4648669,81772738,46887174,77288408,66992498,75145718,6369539,23706780,4792198,27699536,79734993,75843456,99556662,74853173,1181432,72985659,86879285,52022576,50617929,74647395,76747788,86718369,86525567,99049530,86681031,49652943,35358361,67373076,66646318,76408459,79407468,77485708,68041203,87194281,77000541,5464092,35068532,86707302,74599768,87059052,51830767,81115745,94567884,86656998,70085596,19713163,39125627,87023256,76954449,10635511,70027756,86638411,6813375,33989516,6025545,78690874,87016686,2391672,86449409,5658993,5226595,76608346,5552195,37585213,86662392,47298497,86839135,86492362,16320942,45745058,77056460,86691974,66649581,9661073,5802531,76229271,1171913,75060774,99673271,86517823,33601457,78803972,75508280,83395084,78667108,4836563,30341650,69886808,56415964,76438293,468904,47568962,49740758,69756485,49408439
98817861,4776313,30756711,73486999,75768684,99893022,6211907,79695071,10898704,6224939,62394479,47990772,1160938,52444772,49574608,23871375,81772739,84198145,50540902,40976284,97488121,79970189,4648670,63269832,23749439,5464575,78896216,37585214,77288409,80931575,63183169,76521790,69003832,10028326,35376980,34054697,79769413,12578309,37432458,84276475,79734994,75954066,30857158,44650521,47954082,77431923,33855698,81806236,29530619,48076954,78803973,716715,70027757,61998616,46313170,27262083,81468552,63279004,44117479,34381002,23705927,22101017,35266651,77485709,27488918,76471728,88840673,1160712,34016373,86874368,41047576,86681032,76440516,4837461,76612728,76601861,4792199,50617930,75302046,76614108,37900017,4536264,57703934,83461197,27305492,81041968,61844919,62463789,27544553,34023698,62909409,5421661,75129839,84198177,68088542,1951912,4753138,43903582,10418789,82027447
98817862,4776314,46259091,76354407,63269833,81926898,6647958,97488122,78896217,10463106,63323449,62464353,10946819,76471729,10898705,29560933,29419670,35353860,10941222,55827085,30417771,70113891,6211908,66760729,1160939,20621189,81671743,29530630,63279005,55721794,12578310,10418790,83460362,2028065,20536126,83735424,43903583,73452151,67472564,52162565,9471025,35119946,22544036,37585215,30324545,49155934,46049977,23749440,23618565,10729034,62770909,49237450,45964262,29514298,10005115,2131183,5291385,10002565,2147221,65898604,27377674,43878812,66807815,20677871,10382847,9672104,63183170,9518471,65799343,30410253,47771297,10919478,35117622,10665535,62082034,2393431,33821793,83304241,34964967,35018073,61915576,69983101,84198146,29660251,56102870,23870725,65988920,35038984,35076499,77172208,66047544,22349066,62978042,27326361,41979684,63241666,1955962,63138925,66621724,59061235
10898706,5209099,10868061,23705929,63323450,76232330,35196998,10000352,10463107,81926899,10775932,34318482,10729531,62262092,9870445,67430041,29514299,34253712,9737010,4537494,63170228,43775132,10580943,9789838,5780172,77021867,83624214,49237451,56115274,29530631,47632194,62082928,10665536,22382644,65898605,42167595,9555667,30324546,22463165,59007746,10396337,49293909,49363877,10717808,63199891,4533122,10544706,46089804,67002651,27483828,52339689,30224773,76504688,27251835,10285006,22241381,9517205,83260658,27377675,22055741,43878813,33695704,23548042,61852930,49155935,45964263,62770910,78896218,56827300,43903584,63313452,5703748,62044669,77021545,5471039,62664130,62048615,57510286,56354819,65929566,10641469,66639245,10254350,66194148,34713572,62921289,22103108,9653556,47900126,29497159,9494608,62062431,77239486,30378240,9939809,42225959,50557937,49015417,63100318,22487099
35196999,27600839,55510572,10623975,23710812,67430042,62082929,83260659,9912457,20436309,62880161,10202217,10748588,10592726,5209100,66829676,22444438,22548990,29655545,9811008,27159052,46011999,5471040,52223021,46066737,62760178,33821795,76586450,56665738,66100271,22517205,49160812,34318483,9609840,63005908,62686581,66961406,65822070,77021868,63323451,41977773,9571496,66953353,22544994,62044670,10525900,46112617,29409321,47570279,4568302,66596409,34253713,35039896,42088078,47813296,9593299,47997573,9383822,46233223,49319310,22090889,10641470,42112029,34738295,61852931,62085043,22454439,10594736,9644823,66976390,56354820,2053000,63149246,5234617,10320979,65823246,49121035,34742319,2131185,45949958,10297652,22302679,5396480,56914065,62077104,20427739,30378241,34772150,66096930,4620370,58926762,67211709,10623076,62901267,10898707,66638408,30217239,46058955,66600297,65852696
6191183,22544995,35292160,42186164,5062863,27442589,30459348,63149247,23567812,5396481,31131821,4587701,76754258,49334436,52093667,65852697,4755679,23602724,10594842,49237781,35241252,65810794,5368266,22454440,65826407,63190388,76586451,57624826,5076474,57576123,34691684,10248357,9968258,77305766,46025295,62017083,42158021,65876451,46125478,22302680,56116423,30273326,76360739,40341557,61879856,46214772,66897708,76486934,33525661,34850274,70395731,63183355,41974737,61935948,42059082,35241060,34716212,4648674,5491163,62133028,27140622,62082930,47574976,62901421,4460476,22160792,62970599,62016819,49286100,66976391,10481231,10592727,51703563,58943516,49017261,30504040,27401605,63170230,62897341,62094986,65914382,58936880,30455309,69965352,2023400,23563951,56926350,65798792,68880089,42230823,40346606,68857706,4993399,30592327,77329808,52178668,33654442,33691958,41985390,62787398
35292161,70395732,37907792,6191184,76218658,42186165,62741295,10297058,9818299,62777741,61960512,40811893,48082437,62052437,76486935,45337549,78699915,30233659,49733384,62133029,57667269,32013953,69594149,65791831,62901422,16083050,66844290,34868612,34716213,4885411,62897342,9381406,30455310,62814580,58943517,34841520,47967070,47817417,37942910,10496114,46144570,22111419,62061121,5377378,22145323,1170939,52087762,46141352,62872553,69642934,47758057,35029671,48076959,23563952,30549940,68019264,62811167,34690949,62911297,57721045,30394046,61918929,61879857,66869308,9649262,62052053,22073811,22095463,65909723,34269981,10704664,29606563,9722169,5573958,22517320,20736188,40341558,9602740,4412221,42245026,57398342,22525620,49017262,10406425,40525234,62186699,5879795,35119950,62825240,22396489,49162216,30273327,5368267,34557812,65852698,58943107,63163663,69794759,22120471,33862669
9505337,66622596,42113626,27347774,46193949,66698478,63301788,22069496,10210375,46025541,69794760,42215070,62886750,46072393,62856629,49159855,59114926,42061887,83329357,29599272,10717829,30468425,66711757,27418977,9625658,48158647,9657772,56817839,34880511,62079522,10228838,46016017,47694111,38078895,29536309,22562641,30326677,47634920,62016085,25722141,10230324,62092792,77144019,66897400,66707392,92479142,10615479,49737171,62858273,38285224,49025934,27162342,6164205,46229027,29401377,61978307,64405531,9440492,62876167,76338179,62075469,49409281,10684611,4554750,34715504,34886324,28834110,10323969,10486889,33484975,47777978,10401006,76317059,57477277,61856634,10946931,67334288,33703553,10324189,62750359,9899229,10887555,46312838,52041577,66781862,52105275,63052984,33580105,4559670,62140002,1936234,10612064,9747965,30325121,9986369,33643597,9773389,62085702,22109175,22428977
34972172,62915546,66711758,66782130,9583308,29602774,49025935,22070096,42214310,67428993,75356880,42113627,43818873,42141961,49226009,49358566,10592762,10654278,49272321,34880512,29400943,27347775,62092793,2035803,10691991,38078896,65866018,30222426,75716575,10440908,4693441,66691033,2130588,34716944,10486890,49140306,9677711,34741828,49159856,23572165,62885390,9749399,9664920,9899230,34988776,69935026,10353296,46002666,23538360,42098027,62750360,45959371,42165532,52105276,46193950,9657773,34699875,9381171,45996675,46266553,9456109,47972849,43822016,9398117,66622597,66739212,49126382,34205540,49075018,47626408,66042556,10355060,45291184,22109176,46072394,66612898,4919480,66763026,9509106,65994692,10539146,66713004,32197042,29536310,5851823,49104519,22562642,78639414,9495241,4537600,9529462,2103202,58926839,34858942,62029303,59012141,30348087,29599273,62079523,46076433
62915547,63117970,42125426,52407276,68007134,22086352,9528147,27299142,34951911,10691992,48077201,62717873,9546283,62755432,62108371,41966752,721816,47971092,49189621,46158793,27242472,37903580,33586361,59033534,2018794,9674730,42058298,34716945,29400944,5851824,9529463,10440909,93936927,10358088,61947665,23527480,22243562,69642121,10220919,49046674,49159857,46014631,55576872,22086919,2031903,65894002,62917980,63133667,48021765,9755858,77138305,22199723,10947012,49104520,34866779,47637548,52131969,49047311,29419112,9456110,29599274,27373491,9811203,34803461,10462364,76325965,45959372,30212694,9493778,65946189,29602775,10271459,66752159,64352198,9778727,34961597,9923094,34844008,10486891,66953434,49025936,40456302,49016968,82591955,65881194,66799010,62872523,66626262,41961826,66608708,81599120,33580107,2130589,69848559,52305482,10308331,29536411,55435407,23537384,29548193
29548194,34951912,1946029,62755433,9570278,30265136,22459128,5851825,10380018,22339809,30212695,42043004,63243362,23537385,5084025,9419136,47637549,10948016,22106254,9411968,56120325,50537952,43879598,30408031,34759644,9580468,42150359,34858559,10216924,29418394,22275251,9805176,69517380,10323972,56839104,27148270,62817480,9771979,62915548,64465404,66725273,9479326,78639416,62871004,65871642,42093649,9519017,37953321,30274646,65857144,9573034,10590787,46044963,10594787,30381488,30264984,9810426,75356882,10206617,27343184,9609003,33405040,30231416,49189622,30239190,55576873,46072396,9648353,22515333,45959373,19737822,22517797,66698481,1988337,69504807,62716925,66847378,62666143,9588302,56544465,22490327,43659783,9498789,9475440,2018795,27338051,9392395,29599275,49159858,49754211,37903581,69655839,49275729,22040627,66596101,30239216,42005347,43650174,59016180,46266555
59111921,65824865,55880410,30239191,42155320,10530056,29659164,67303008,30455233,81854614,29423611,47735005,67367811,65925680,42115855,9810427,41957829,66773208,34716893,5851826,47579598,10565757,5688557,23531460,83294841,84471479,61981934,41986750,22471822,9588303,4532761,9712677,78614006,19681905,34377969,66677523,9570279,10323973,33659338,2050204,68098642,49080549,49116490,22039107,23558668,66707843,9422538,9577885,30285370,42229821,42065021,79050470,33564436,5089017,10948017,46074645,65929742,27405373,9792500,27450354,33656759,9582959,22275252,41958405,63022790,62711635,62919610,56839663,10603414,9635473,69694664,29419114,5248176,9374722,45988914,9943338,59115949,47801650,33617223,66913310,61848301,42069909,22112209,45329448,22210876,19737823,9918023,65814638,66041603,46024807,63028079,33582790,9771980,27496679,4756933,49086691,10380019,61939498,10346298,49121138
61981935,63096728,42065022,1135597,4744666,66851942,47182611,62908050,67367812,49025647,42229822,27161889,9771981,34785123,47801651,47579599,2230106,19910511,23615293,37917707,78614007,46027448,62167266,42026873,9392854,9576506,9602191,66829783,62955864,34902200,30235342,41996062,41966408,62657185,5688558,30311342,66882773,42207837,49044369,10603415,30401944,78566161,10582453,84471480,49186938,65972062,49117679,31941489,65925681,69694665,10323974,9383526,9618058,59007230,38133606,9918024,84454016,10612346,30274648,62912544,58930910,58982122,2194451,27418385,61852958,66947907,42058421,22117111,9810428,51589704,46072398,65985576,27541577,10529253,41973924,9569333,10213610,49146653,42068724,83346604,51405125,41958406,9505658,30450338,9738724,63173716,65953699,2050205,9378049,10264119,22135887,66886576,42238247,66652424,30446018,34868799,38079027,66600576,45988915,69676988
45363811,29411780,67486991,62969815,10465984,43880905,30403339,10507457,42087977,10192250,66882774,23618478,69586316,1135598,30311742,4947417,50559972,23595600,65879598,22095007,23595789,30259865,66678297,30446019,2103293,30404743,42020182,49160613,59085809,22059409,34902201,22086501,37903697,66604494,23528900,49110261,10183217,22135543,34746569,33482892,64494273,47655408,42042748,22124384,4924480,9488830,43819553,34807518,22516466,59054045,9847697,10323975,27234110,77727826,45990006,64589783,62729585,30247451,42058422,66683304,58934959,34716936,22082461,49025648,9442202,22138610,66695724,42154792,27418386,66635038,62742510,49292156,22078109,62090600,68176295,10307279,10401928,22059719,9373883,76304988,49031875,27140803,61986470,62050192,34964914,9383527,57365539,9421749,22203579,76956652,9548505,10561463,10232311,56241823,68193769,9767219,9462796,56540731,10374302,59061378
9988478,47627329,27406478,23615295,62107291,5779932,9478296,47605529,29409621,69793599,22519510,50658051,33500567,42072183,22122843,49113498,67486928,64447026,62760305,34746570,66729723,9560453,574438,66058527,9502552,22250893,49078343,79443521,9401751,22085137,22120436,22196036,64494274,44410169,22361782,4947418,2103294,19847342,4950946,27193356,42118348,62742951,2226179,47625412,23530065,19939147,33525569,22155564,10401929,65851280,57545973,69499341,65879599,9426581,42028795,67981270,10188019,62732760,22136480,37990688,64313270,22056031,42193342,57365540,62087473,22291973,49147069,62720774,9648357,10324502,75439216,1214641,40337031,50614468,33763176,61987318,67325636,9616036,56797023,9588784,30530719,49031876,78751732,79725486,67390234,66668730,22262519,9456092,84557716,9529377,51379458,68024435,30311743,62036184,30385049,56570865,61974079,63243366,56733244,10380083
42250462,9424284,42039021,10700053,40337032,19939148,9467439,42126100,50512683,47565709,66621794,66729724,47767977,75357078,49078344,76340262,68033812,30230031,67390235,59031134,83303642,41971030,30503972,41978955,30274651,9771984,46251026,78734440,55293333,10188601,47680725,66007478,23618548,9451298,5960852,44609683,9810882,58982738,49345849,47605530,42189510,10700356,46036168,9479376,22262520,51379474,68740931,9648358,46003009,62674438,66847958,66046980,27269808,76113508,9444739,65806364,56114839,79945320,42139700,42147180,33453206,49109445,45938060,10310751,50658052,79742651,41986367,9516954,22112625,540330,62732761,34314395,30317102,22141481,57395162,55411889,9421396,46075541,9637358,4687946,63146875,9382200,22104354,25720518,51405553,62888411,9560454,640073,43763261,55666881,19854158,22061162,47564887,49321975,23615296,27156771,44598088,64394811,47963589,56158887
19910515,62816230,9771985,9755514,10622656,34695265,19939149,76340263,69883654,34780612,63096301,30238223,22104355,46251027,51361593,30364912,42081682,69719689,47963590,68098026,62106810,63053510,41965908,10599247,9508001,67390236,540331,47869791,40337033,46220604,1191822,63155690,22113507,34764941,44733957,68098226,49190430,30212884,10399206,63019152,41958302,66621795,9391342,69494830,30274652,38327946,9581724,5960853,851051,1947795,9671785,49092189,10386769,59032956,55411890,58939814,65850725,47596492,56183116,27136497,27182869,2002830,66695085,22056033,82492351,62788765,56862232,1946048,83234883,9611062,9590711,66781488,9467440,68158875,1135601,46191033,27170646,65899748,34887432,29598560,50609770,66807059,49298400,10220792,30281912,10307282,51349006,34739479,65805651,9888767,64604832,66668732,23539680,78604979,22277610,62143163,37425028,5093842,33410240,55278670
63096302,10386770,86502608,40337034,34780613,1135602,63056738,63090794,45955205,55449792,22289343,63097845,5960854,29603491,49307174,69748372,10399207,63053511,33717658,33740098,62736430,55655845,27136498,66001462,23539681,51241428,49369225,10747333,42081683,77287403,46191034,60454318,42212361,27209545,69671013,5350297,49078412,8077023,59007890,33585583,9671786,58944656,69719362,22104356,62867937,49092190,5909635,47752172,9771986,25658354,49724676,47622525,33770279,55386440,65964055,69719690,42070445,30225997,41988538,30238224,65918660,33541948,62788766,40533889,63036008,68158876,42204281,76370838,63149863,35537855,56059427,9849206,19910516,4434179,10722078,33588581,55281146,62912033,65847131,67355089,9755233,9614526,37425029,9755515,50640214,46220605,65850726,10952941,55400864,69674083,56123993,47891650,40496701,30394779,4767511,22155427,66613242,55278671,66807060,34201082
94241072,63052927,45274597,42066648,4711437,23539682,49182946,10627569,40337035,30247456,34903277,42070446,30240135,75391774,9849207,42015135,34944760,9614527,66803924,62810933,49225464,9392086,49139674,78566441,55400865,23543023,34253881,41988539,49307175,10220794,34702801,69658615,10594396,64469044,35537856,49160563,44401546,31278813,43844222,49057896,10384575,42048046,5350298,42212362,9467442,30281914,2294261,23546991,63037049,66711916,5768409,66781877,63097846,47669659,9663351,22361684,30212886,9915559,55655846,48081132,66665249,76435411,12530298,43776348,69719387,44596067,42113444,33411016,65911490,34859727,55581585,35030903,34373213,64481600,62033549,66828621,66042978,63090795,10758996,65787261,49108984,49754758,65871702,46220606,5273811,46170030,65994806,62697976,62736431,10303426,44438403,34750209,65784483,30469370,42070927,5909636,30219409,5851419,5472877,62682609
10855126,94241073,42182088,9513233,65964195,4693606,6178768,735379,22100830,30370664,76112625,9481129,30463977,59099094,55604289,23626383,10386872,22437228,88896764,50512528,59012346,22450203,47944897,49368332,41953152,9397491,55666618,4744755,64481601,9527130,34944761,42162249,42154798,50615489,684199,12642865,51440636,9377956,27414842,9734136,20716189,49111892,52454372,62740183,2001814,56272372,67411138,10298364,42160105,66803925,69600720,66014963,19993979,75391775,52052687,63072473,62665227,22340302,76932522,56093947,69943995,10553935,68159158,49180637,63149475,44602669,22122532,55628856,49754978,82287802,27427351,9553987,47589996,75703647,5218164,66981440,55977609,69004273,29405748,9516958,33636132,66604592,33609212,23651054,5955777,23668122,65821422,45985874,67972897,51440818,65833351,5791062,44440219,38055870,66660090,10309962,65896873,2073552,49214360,38330242
10942726,74967953,69642384,83551798,57810967,49755637,62168151,20857794,47816386,5381774,9636045,9798505,45257105,45341277,4692297,10613575,10382362,33636762,42216314,62682945,22335692,49063594,34181029,33581844,35424619,45955988,62851794,74518341,9614793,9581032,50901929,62104367,34988123,55907788,27153389,5689806,46196391,23541580,30274553,10599578,34982761,46360183,10601661,65976933,22378459,9671534,79124343,43654684,1963082,29594281,45291868,57362110,62862388,84029628,34694482,5097183,41980553,27187490,62015226,2117798,67433817,57356785,69695136,10703518,67312522,9567257,9451716,33639327,10327822,67182936,61939751,42005196,65878985,63032968,10660383,9721771,65991476,23623430,49142475,27399376,34948021,30419998,47671500,9411057,62666180,76305171,49021696,74608721,65793376,45956378,46146201,4586725,37972822,62914482,9504534,50688521,10322812,42035815,46108843,5828485
38028387,10348656,62666181,30224006,4532973,50731915,6550723,65851460,76284211,10408517,9634571,56788901,10717042,49082240,44419432,51232712,66711987,44436820,52399002,5703236,30370870,56398709,49411445,33549034,508694,46046198,43779524,83199685,65869066,47816387,68136775,57356786,10618896,5353915,9384845,30350479,27598466,59093373,9576952,46089549,22337700,22512778,9478744,10703519,63272087,69646991,2194749,66960405,65797368,63057539,47780731,27209195,9458311,49242318,574796,4533927,49310316,9805188,63032969,30351450,49173264,46213585,9451717,62172857,22099917,63118338,40472468,27148739,46238384,9386173,5905515,69554497,10277267,61974656,22173886,62015227,46108844,34859422,33870693,42090010,30549912,49706089,2221155,47610707,79055534,56035090,43845056,66852918,9559625,34296228,22108731,49388952,44595532,62153549,44576636,40547633,66782375,50677134,45342005,45937740
31355365,83171163,56801672,23653843,67429250,49256365,49242319,56773662,47984197,65782281,65878777,10695436,9478745,45957872,62879749,34767463,62816682,48186904,55856490,31022776,65941785,69883559,34724380,10369038,49167545,30216975,63135297,2234177,66046750,5084435,76521428,47594109,76140526,65825742,1355944,34784762,62772704,69734830,30360111,55238202,29606772,62930383,43718374,9444493,10304333,62721180,56879563,10280340,2133621,42087782,62794795,89201228,47658291,50594437,47937255,10754440,30505487,42103107,63141166,33612346,23541641,56768461,62028514,69794518,22505198,22271580,9896283,33854679,803669,41976792,20969032,5208910,2126624,67321546,64447415,9901090,22423015,46054559,22115655,81872152,62921028,4449697,5312106,77318307,56093632,35200915,27216676,62812182,65826385,46194911,10309641,45955990,49641559,1235312,49016064,47946356,40475873,60238513,9382655,46259974
66666068,4757931,52122622,70110802,34617619,63135298,35191738,42069762,31355366,66067612,62098448,10716188,31027613,2198948,47689004,30423756,29663508,10219973,29620006,35068261,69912443,9994701,56853750,46110876,10697527,57641239,9519766,76435052,69929586,56540257,4586439,2133622,58933234,59120333,47816774,69521246,4755938,4540118,9790880,9848530,47938090,22062909,76133597,9940715,10383080,22454942,27216677,34940885,46036619,56884201,30459520,2234178,47632771,47818853,65994388,42096550,46368689,19759332,45171793,61953344,67986473,33812794,10714203,45959940,4406305,47571344,49371180,56801673,55677799,62781999,33605269,27426699,4531451,22139466,57542146,45389339,4645088,30424955,49756754,45320327,44709155,81936728,44610913,31949686,5092841,20426987,45199808,69938042,67183588,59051667,55930392,9796942,55415677,5175618,4451847,10189938,25602482,30444627,29465773,49089469
83334163,69992098,66666069,67306913,46219427,66039905,74968001,47620111,44610914,4787855,52027441,57581327,40991274,5360236,62098449,9584976,30444628,9941264,22159691,63207712,4757932,30450287,66772891,10921595,10535176,10307293,69853490,2138127,76655609,42207848,22155922,49014021,10697058,10871407,65846235,4696286,49061650,6233920,38323232,69813797,70083448,57686902,23591614,30424956,2234179,10588108,60459819,63191066,20474023,58926463,69517015,33613957,49188385,20418663,5076021,45956679,46097112,29534977,47624658,62708413,4536644,84770285,10453039,56059120,56419685,84029632,9438085,42005301,49115975,27426700,47705395,27562726,9730020,66021242,65795606,9678042,46136771,62092593,10259293,84376585,33768142,34724382,66768299,22139467,23602672,46260383,10638992,67410903,22454041,49321625,30424472,62055571,35427496,31027614,45307636,62966834,56542671,9735197,4984841,10375967
5580656,4697961,84770286,42207849,76327489,22336551,22155803,50597100,64607230,66772892,20630150,47642344,47112647,76270422,31949688,45955993,72972827,9730021,83334164,67942047,52074981,42080842,30444629,2122395,10375968,77056303,10526826,23655612,34715575,55819629,27382199,9415193,45991790,38323233,22225459,55804962,49074590,19712512,9412293,19828847,59086241,22155923,65846236,30505490,44595365,69547051,98174075,29479384,4885476,22191238,9570927,10187571,77352362,69853491,9438086,57581328,23754987,52190275,22048592,30277301,78973563,66039906,62082073,42232636,55859828,27478332,79508583,59046095,62000358,62781205,62911586,46025443,4881175,4619193,65941788,22936233,83564164,62708414,74968708,43740977,34755952,57721428,79128438,1183236,49010959,22173027,62138087,32970623,5417588,62080109,98165769,56831678,62055572,20435702,59039888,34721909,38335609,78765026,62669734,59047157
40995478,23749970,33538668,83547250,47678025,22089601,9821183,27437626,22072981,880868,76483167,9438087,22191239,67432579,45955994,10237831,83239335,22225460,431470,2301972,23555884,42207850,78810472,541952,40471229,65929472,56076000,34828729,47623148,23653847,46069294,22336552,77013366,64607231,20036493,49074591,76270423,49368850,40334441,76327388,55819630,62058095,34755953,59045437,27382200,68019350,56879004,77056304,75656626,42067728,74968709,20045498,42244550,77070887,48186699,9678044,77316791,13561647,47112648,9415194,55573881,1183237,69121819,59047158,43740978,5974672,47993240,29475208,50688467,62090504,76954953,37183746,10526827,9730022,6180729,55642576,9759640,50718893,62061115,44439711,68797422,69724854,22073522,27218659,27288137,2919718,66017269,43650163,76301402,49010960,62016591,55933807,50908028,75296569,9453644,50597101,40781619,55395703,69538363,67359838
77252047,47575317,84539824,55831051,44456059,27248280,75296570,42244551,40863305,67372785,2919719,49362187,49599109,76488052,79593246,40471230,47623149,32882174,1023501,84251322,954700,52459874,30410435,66017270,80816936,27308719,19832781,76265552,40995479,45955995,30307825,76294283,4744137,62798622,6180730,69754541,10237832,46115399,55355317,33524057,9438088,77096043,9814745,880869,27513243,38329820,44429363,76327389,70508563,6173610,4519031,30218694,23749971,25061930,50549986,6064246,68819134,27431541,68019351,32742515,9850143,58960889,17987659,67976064,41956692,10202903,76118964,46912974,81744364,70470146,42067729,64456770,10336400,76312826,19916033,79583957,81589077,55343581,25037987,22154559,963751,44640350,42136962,610313,46282576,46944891,69949666,79519272,64389076,49264470,79779285,22448791,592561,44602803,81209902,69796118,76114806,79513043,26157166,63486899
49599110,75549614,38146701,74740295,79807247,79750597,33985839,99133605,56173149,10505442,97386704,29497808,79069284,84038038,63339132,78693852,52459875,98204209,79779286,30410436,76491819,74560664,79975278,76563927,76265553,76591886,83571558,19201755,76334256,67372786,73107727,63413055,81067225,49653042,12946297,77470075,35068275,41475276,41956693,75298510,74519575,40664990,48112343,77395038,80776993,98408476,46828630,75134879,9682250,22154560,10620736,9374008,68055308,38196568,73884062,41643249,51665573,98558870,82657672,9488860,56005004,2230157,30856986,47856759,76206447,76224312,78666833,32742516,824710,23393766,47112072,84050421,38211134,44944362,47623150,42231620,83334167,80974792,66017271,56504123,69833639,33096224,77252048,10262929,3171533,22363271,37599218,76357490,68831442,73503730,77148045,45321316,512906,48128977,76405115,10222922,51583687,76118965,55298966,62798623
81682075,63296598,76078006,44466027,49755822,10415666,79481872,34010755,52384255,35068276,84709970,45750181,32066026,52459876,6779771,12774819,5111483,74976486,76356752,74494384,79532238,79465406,81325220,5232992,76143215,45047980,66034798,83347422,62098165,81636752,77334904,79520129,33597241,42231621,4656790,69808825,78585681,78713320,56173150,98558871,47648769,49318662,63089423,73884063,10186971,4583304,74850652,33714297,74724519,77111759,81209724,76563928,80157789,49564506,76287339,19201756,51377763,9374009,31270005,75513331,81729583,56480272,61844660,7130271,30252867,30443406,74881368,6138854,69557690,49763443,49130329,77310063,30509586,2073518,30402035,10262930,78562463,76224313,9576000,76304379,83351615,68916668,28842650,50709668,25742985,55244338,56031147,42196136,98408477,47644969,44641525,77321742,61976932,48147350,2066008,81900477,83438877,853920,64522509,51313295
52384256,49120945,78817499,38098294,22287333,81682076,10415667,5256506,10186972,10537509,46837754,76078007,42194718,76224314,22313920,55298622,958296,49318663,50962050,76590779,83347423,49498147,79481873,958577,12774820,41137367,34476630,62694596,47610290,79520130,78713321,51249527,11072132,31313195,27157569,41975882,44708271,80890117,774547,55500648,33516195,34720714,42161367,34753582,10262931,45206641,4697559,56805875,9775955,47669889,55418661,25413467,44466028,46092292,33769666,27324911,63462308,81325221,77334905,76115292,63134095,19884988,9573472,2871180,37595826,40541019,52278470,49298440,10552386,976800,45207392,76131949,49219722,76300761,76143216,76622077,34696306,34846468,4517035,49368090,724968,44420265,50549989,51461989,78600556,45532298,76106651,78564350,50511422,46161599,44502750,55245798,27422261,33790815,78559994,37964366,58930616,2073519,74494554,82117781
84206605,4697560,25413468,37920299,22377441,76134863,22492157,22480984,77256436,63267128,79694374,31674132,76590780,46824483,9771130,68754162,68867390,774548,22582724,76226758,76339225,76261463,55244340,42043817,78713322,46054710,81668198,46837755,66003293,76366287,42203724,55525549,9466975,57532576,81623960,42168947,44708342,19711656,552172,61913418,73059195,4599025,81642297,62698806,76174484,31475268,19864755,4563583,46868631,42236213,62774760,10605285,74695366,10751353,98476897,49322506,51465803,38002344,49368091,9509496,50567031,51249528,55886699,33133023,75313621,40870650,42178083,742087,10560657,78717791,65852005,42017970,76239498,76108773,46099779,49190929,33424546,76530254,45952831,10323213,50566969,5933771,83264735,46332581,63461668,55400566,46144002,99384122,55298969,51253715,77196310,9668492,62970126,2294168,55500649,76206450,457788,41980252,6108121,70503558
2360084,55452704,26752128,84206606,4445908,4557773,84488704,76226759,27403158,47582611,76261464,63461669,81623961,77339742,55908530,33562969,76978947,76123107,4599026,35380738,46837756,11661432,20600840,49671915,84068604,68754163,22144997,87153298,59094116,33555149,47962524,98456008,25742988,61966112,38329825,67471687,76390237,9656902,74976489,42172508,63084554,62987617,49675402,78630876,37963262,44731546,82680010,22582725,31674133,27399716,56450628,76521783,22413724,4529719,1213087,81685155,76558707,27757708,76147856,22480985,55630276,86603350,62004427,27212788,22461212,77014932,76405383,67199410,45212977,50629141,62065261,59030579,59032059,47919643,47894443,61917573,77328370,50568216,62741975,76174485,585394,9763938,82343144,32088054,55689608,30303313,81832628,64491284,62982872,76932090,22091118,63040519,62050804,10638533,23655451,74843245,76304769,86987312,51236751,50661777
35274239,86692692,83495222,40929909,76645762,45740969,35380739,33767401,32291936,52484988,4782461,2113046,84635015,63217083,69658930,61950095,10000738,68877084,99344278,46290742,9395627,76207973,66065080,89255162,84462198,42072827,77292449,78951881,10219468,49675403,10482100,29856523,26752129,52416075,81672106,48013510,27306739,65970774,40557402,86876966,57703260,76216175,62741926,64317900,41046804,22463125,74616758,9375963,75509088,55736667,86987313,38068189,29457892,40428369,79608255,46837757,40781966,79168026,30447462,45162635,69070382,22437581,27754495,44775802,47575745,22091119,10308317,65856373,42249770,4647292,5423207,40381056,25709319,55702956,76521784,42161077,67037883,62050805,78930142,40866950,25418384,81559677,22361980,10360133,5368738,83655093,81759399,77235847,79042152,67290266,66608194,2392836,59099242,47182747,76751256,49015190,66795751,48089027,5758860,56515046
63228406,35421144,5346253,52403516,4873474,34935647,10628148,40586220,20246139,56224492,74874958,88800856,12641582,5195422,79036484,76358523,69813318,86912634,16303452,62453846,10873972,29470673,10885336,86921468,98283735,63189106,30857241,20740850,86547023,74554152,6186158,56672282,43864909,49734816,74963673,6848726,4845746,75779275,47573300,65950337,5720695,27467340,67971710,38077777,34364380,38186970,40518287,5486340,76224975,31308129,56536320,2196476,5153668,5596327,9903984,20579499,29413268,44003693,76267548,57524429,2124044,52093398,21196630,27531671,76563326,44678884,23781211,49166944,68934082,83666752,23535688,4783977,5572228,83783372,82808760,10001863,20371480,77438070,47983489,35098303,4713696,31032298,5005290,29620178,10774331,69582035,57606263,87153300,87013061,47980076,76091522,55915204,57366598,75837501,5992464,67037631,67048258,66770235,62128659,40926606
20627421,55910386,44126443,4761744,38316237,10949387,63190099,35255946,9972608,4668319,44678885,70089542,45275635,2131820,45752433,10969536,10931526,31567427,62281643,56547983,69966515,88800857,89270929,77309669,5057035,5005291,46367079,16260204,57370856,29417235,52331951,62783927,52403517,35108205,89208083,16306555,45970130,45998498,7508020,66778374,35088389,5621206,74879439,46302735,77118535,63161444,89017249,45381971,10781278,70210336,35109785,61975019,45750117,78961063,35230274,10967385,31574983,31832071,4762904,7954847,89069555,4779546,35343798,35428252,64609112,27493807,75429369,35261025,51710146,45199633,45976421,75634913,35195155,33911521,89031241,59014965,27737282,20678262,62048794,10628149,74654630,47904058,4642914,63077368,41112176,5289694,70016676,20418721,66841979,7847714,35088625,55911483,62154272,5337163,76952687,20548804,4987087,66918547,31584026,30223379
7470359,73332027,34616564,4821416,70029012,10590386,10893961,66598208,5339087,30560634,86684725,30262902,74654631,69919310,55910418,46419583,33795445,75287106,9873394,40586222,69958158,94343193,31730670,10945383,7596438,29482951,46364473,74740046,10929485,77254295,7488617,67603144,707713,10931527,35094054,4846630,23689879,99898995,84470644,32035461,35189232,12554907,10852934,78906908,82295794,78999422,44102591,67462736,34309038,94406630,44744699,7860150,7508021,94426059,10969198,78831261,7511081,31523641,83542230,49773615,62181359,39091812,514747,89199615,31359694,78730502,76356461,41039343,69828652,70089543,23586247,23610834,30532651,33455807,7390453,12595409,4770173,27575007,2594471,12595174,2186187,35048230,4609724,52482629,62468296,56306691,7808781,27973312,86442355,34935490,94076015,27241369,93760976,90590323,4787363,49781345,33034169,10790254,47983441,33640148
75603988,74891939,47012985,77254296,74654632,61047982,78999423,99180220,30858229,7511082,86805046,1404601,99898996,33008609,39214685,11768265,31584028,7596439,86876192,37374011,78831262,75365197,5005293,60233180,86898839,78869743,83542231,9288455,11755167,5269231,34205491,24070066,84709919,16303890,74479750,454239,17647085,99197677,25713444,86609052,82000920,75637766,11758952,63190101,84307345,10351483,81789075,27189051,63619273,51598985,99122038,30262903,64696977,41942785,83282670,33068084,5071554,7258801,22381983,86824688,1406872,7488618,67200640,33620410,16326537,76645766,67308366,29496863,7216262,10672086,46056346,82149272,93700295,7182456,84601223,11764209,34889997,7319229,78730503,86687609,1342893,83726560,7698920,98082971,25658646,82005811,34313547,7769874,56467041,44773570,4609725,82295795,11766029,86739717,26356397,27201238,22527129,67430153,54584068,7669522
66215624,4643270,79803619,83422442,9973686,79625933,86962207,5593930,79478992,92673190,87054945,51325268,64414681,44292189,76537027,35179250,35254503,54585665,30858230,70090798,37081032,1462124,81950492,75049122,45754590,1404893,77678895,10894875,96355933,75389915,5229710,66995607,89010202,1404602,76480138,20674057,27702315,46428156,93684909,2254253,38318589,80965636,79436009,84157793,6659458,74623263,21153202,69992784,83603940,10917840,61381212,5590646,44820046,67045988,37246610,55913164,79803997,82783069,90812594,84248037,66217031,87063685,33008610,97335437,74786271,5656608,5630444,4842732,76723992,38333108,61176274,25618160,87107078,37272842,89284774,21200826,98139180,76605302,7596440,84656956,32136864,5574526,66209745,62520991,79103068,86875686,74497002,45590429,5777506,79561518,61052419,92675547,80133781,75563831,83490776,10764185,84652139,78777683,75789899,82519125
96142089,54366967,78675269,95853751,91301615,53436379,90532032,53306295,34079283,78047714,53345028,65532571,18209735,46389674,77861893,90760555,12841114,53557860,80312170,78086810,95590358,48736654,29841393,30781709,84409287,77980736,13409211,36848564,68660152,16699327,28611352,9109226,20233327,96680410,99140039,79966124,67045989,89904187,26124778,80310050,21094651,86291391,96569019,70993436,99112431,70199078,83964606,87831671,23875107,90930761,24466997,20343456,91310075,20950918,80642006,68317217,24533803,90858720,94675960,92826484,90822816,61291642,26230336,95781334,54939196,96266878,7626357,98902210,74260000,39335265,97458306,3327485,86527146,51618641,44955375,97213200,85600257,80313584,96270392,55030340,41923329,50425384,53369691,57330560,64926510,57262348,6968743,82647076,53251751,24775445,39344962,36254626,99356734,91123160,5527121,37069350,91342930,83667191,15741423,28581176
96142090,14521595,86640434,89304695,73026924,12841115,84109719,96718802,55174628,65239326,57937570,24736087,80082559,9266316,80298903,70899339,60663008,87741752,78675270,79920700,68479988,84493664,92703663,55077730,3535081,77980737,69186259,54366968,28349543,99112432,35179252,44005840,19646524,38652195,94078829,82480618,91040612,76096828,17630196,79190595,61451000,80672249,3499905,41765283,65641140,68660153,7820236,54983920,18340689,80740157,45767688,8972615,87831672,84610549,11788507,36397680,30939091,77707572,61663435,94575597,28593143,44955376,87896666,78213801,20138460,68701489,95540708,65043508,75550207,38771480,92460378,30957969,7666621,75596832,60661382,38979262,97794848,94356962,78327292,76059044,34009038,54233338,64899768,21108065,74076060,80313585,13910556,16664722,99924988,97907570,90906872,89126660,9180707,36199112,96622398,94347508,50115592,92293754,78086912,42756243
84109720,79802781,65068232,83578541,36395051,72974908,50904225,93931739,65151146,81668616,52415059,31522257,30830915,83408152,10920312,75259431,87008316,57878237,77297135,12815557,64898100,6849097,16401176,5207432,55990411,41038336,35426761,82064651,16824153,18340168,87409094,74593385,75786762,94410032,5662155,10875645,9918643,35127372,14247062,51394788,4658711,81125719,41872677,40763627,34805417,86597354,12925012,76240635,31738880,11703860,75709010,77206719,75743264,87023689,36158008,91452393,6467617,13128188,61534596,44941644,43836915,85416105,39765892,70186086,86650555,97917150,67020574,81337904,53820167,77059786,4120733,76250670,41113121,77355970,35178280,6389906,69348962,75448236,37543259,56685934,73183314,20222690,65781041,38332819,99521184,75247536,78995095,80313586,75561030,98011317,46471570,7856960,76242950,54233339,4861906,89582446,84377121,7311880,46450632,21212403
92280895,2550984,86790487,83282327,82582703,13157844,13128189,47218030,6587142,98593715,69611032,89293725,10920313,84208395,16711008,89235731,60251358,43917446,49486394,70273221,29507644,53820168,57429597,4658712,93498525,84350967,98123436,75932687,92370533,5376284,10962504,31093232,38332820,68196618,76571032,35178281,5271246,5524481,79946559,6589536,88800776,99522450,16118617,20522297,46838184,69742517,94490269,51117642,88985378,31636544,34898722,65845944,77052726,49262910,83578541,56824998,23784361,77059787,2529427,49701147,13029716,5662156,67521472,78970027,79817867,7856961,79427805,99283841,40412048,87183764,21720911,29449308,27527100,10484270,48000810,31115371,30751212,49320973,99240904,26084445,69837511,70441432,20557450,21150068,69828656,16178691,73343573,10934941,37615905,86969580,41038337,16715578,20103152,49580975,30687854,87197961,23894464,63284939,46279675,10810665
46606237,33298843,81015362,29966144,76238029,38371996,93498526,6847811,49605723,78687549,98404613,73476984,37160656,83493206,96743712,68219599,50744812,96015875,30986937,83577285,74916631,81725641,75620464,76493585,76059623,76733217,74786478,46880327,75608733,63285598,75471435,35428325,98251169,37595488,6300421,5611688,51117643,62650643,97382550,49486395,76280156,97306762,5659546,69982138,98365075,14510883,74726328,63465839,31148339,80831124,68196619,13128190,10920314,89156578,46896843,84606806,84436148,62357952,37528269,74723134,41445263,82119263,49582494,76107377,68011031,96482338,81506205,65151148,6547058,9947166,38541146,81478138,77549423,44013018,75729710,5578150,82041631,5586528,16715550,30903981,69803047,49685730,84627981,77037020,49757114,79984731,6442465,1159668,81783630,5506257,84477372,62759096,33103598,49753389,84192442,96792674,80144091,80850747,95589351,70120510
63284384,63212517,45193627,76664439,6957691,33255966,61919854,5586529,97387942,82331135,79295880,65870084,62031866,74925571,81315624,76239518,27146181,804441,12640685,5308700,76220408,81019470,75065804,78753836,51577769,76443764,33857536,34607550,79414766,74764837,81015363,6062817,66604304,42190038,46015508,1989190,46039930,31444662,10350386,10294069,79205080,74902705,78612985,62087108,10937390,81931911,48084425,42245148,83317022,45390118,82041632,49280312,99396764,10939295,5506258,77001705,6808520,63212378,76118520,66856412,68815156,79557927,56350465,80967639,27172248,73353743,25824402,81505906,9636502,46089103,75441834,57429261,66733233,5032140,77202122,31016403,68872395,65979232,66803808,55703672,29700033,62687495,30517850,84192443,42148146,84620723,33452130,10528830,77167227,46195774,73505135,40993501,37541358,32871800,66789359,42227277,78722902,76312158,49160927,56211675
77546396,75327567,98365077,99231111,5308701,76469038,4648591,4898740,83317023,47806651,45193628,44943348,6957692,75888831,10872542,47624675,95979819,4645924,76575551,33563580,76447351,79880550,76107766,80898731,55551153,98114663,6156563,78722698,43820893,77030905,76224583,76239519,76123516,69768635,81945208,82189122,10302155,76226591,19987696,5583971,5596315,10503706,45953154,27408918,34183505,63099296,63185002,84228465,30342234,9555661,41976209,84241490,9392793,10597826,5506259,724512,5905302,59017746,74876401,34715881,9843725,10939296,49280313,76401747,22431644,62163456,46222995,48170461,6958208,83973258,22335615,13548157,27348067,9696015,784936,59123037,76310895,65974370,72916398,10528831,51234498,33592321,25756790,500193,52105338,75625722,51396364,78965093,69788091,5586530,67218225,74932373,83256848,407441,66840083,79128639,56211676,5744422,22096115,79811170
79735462,78975282,97334379,84272635,34012277,81342120,83516049,5308702,77427965,81604944,47806652,99231112,83317024,96483810,80936613,4523782,52070255,5340693,19987697,78900589,67612344,5971631,6050027,50563304,46910442,76224584,9625086,51396365,55468125,6048533,83351817,66043634,44623258,33563581,827844,79880551,1317232,10872543,57581355,69844459,42068490,43841347,55365488,76518766,79503435,81784069,26748986,47950688,76401748,75888832,32867536,76582276,1181607,63047218,69947648,67964158,44654028,77120022,49279505,74544039,84228466,34013643,30846366,69973851,754853,63173870,58039081,44638256,31842131,77447176,65851740,64494504,4955794,81936943,62972305,76396158,77519854,62942327,49106543,6369703,69738195,78552462,74494380,457061,84213206,63012178,611767,76140796,81060024,34315941,66774823,94490273,34780728,27176768,51440087,47756508,22436961,84036076,20228040,7130566
61971949,5578030,30664041,22439774,76311464,79708198,5570586,65830640,77485494,6235493,49723111,9469898,76430863,23824018,33556689,47091725,62895968,42100603,69955700,4688401,76982910,47628602,27260208,42036734,22407458,77294929,45325748,57597947,559915,29722547,50707630,63295532,33887382,23523743,424471,40748161,55419901,27312558,55639084,77253070,9825819,25624889,34230053,58973341,77083103,47963543,22111154,56861804,75028822,83256850,30455761,27554997,62940074,2297716,50581096,62958672,37896304,44443156,22410346,63314215,22247576,63153832,42077301,46149568,55513477,40411346,69930521,47653083,55512749,41959673,22194742,62731305,6027653,62142848,33427782,46073705,4653964,77351947,10352328,10275497,81620263,50567500,49634462,27176769,42024339,67008648,34754864,9774804,33466749,9588579,76729203,63104146,35016176,33726625,12577577,65937815,22232531,12534650,82453218,22847819
74496857,29722548,30506968,46057392,27369244,10743506,47745979,67003385,49671603,74698612,10417642,83256736,4777447,44736879,76321059,19938527,4617731,10784838,44653605,22133122,69909276,69818876,63004362,22382201,466980,6027654,51457062,49095964,33427783,9703210,23690427,77554537,55859548,67986164,42027246,52217050,79828418,6006644,19979708,10369971,2276102,4881535,9617736,9508353,76263196,76253341,29530855,77675116,37899094,88880932,45748877,77331722,44775723,5423374,5111448,56542522,9627272,44703236,12527252,67220352,44727420,32805516,22448355,65943306,47865143,62277890,61845403,2194243,68032886,74718457,56831891,9535209,9761929,10783735,5397128,81741180,48155073,67203479,27499547,29435684,55687446,62682725,34260447,55681955,37903916,33763218,10715583,5578031,43599150,38331665,55337012,5114167,44641393,65815652,55708572,9607515,52174253,10344316,4684826,9683042
78674125,33946936,4777448,77554538,30830459,89566778,51708373,44775724,66974240,56542523,56554575,55264018,75194674,34339704,5174323,99078918,10455389,79507919,45748878,23711763,40771115,27687376,57813658,55518831,27604241,4648595,6370466,2035226,55794504,34478185,82631900,63266934,56653056,56017799,22536027,27236637,5305535,6328083,48066587,5242840,5486889,33523288,62238143,20618217,23690428,33560103,88802147,8439609,9957282,56853660,1109828,6344641,10578475,49691922,33442397,69818877,34782980,88895196,49683757,30523285,74756330,55382059,47893069,77251995,61922695,9858311,5461038,27264986,66651710,78896102,12589940,81756029,52375254,56878385,77675117,43783333,10645518,25659323,49129400,49566546,40748670,5952409,877928,78819129,77193094,56587014,81728297,5424710,9685708,49032248,31070999,49094618,49563596,46923612,75771879,22534172,56775481,35009834,27438478,56834044
16080119,27175349,56075630,95750655,20618218,62167889,34008312,1209329,30831714,35080515,47940646,68831992,55936046,76944133,42222379,10897436,30553932,30793227,44400930,44677892,35357205,75395431,22047245,12535359,10028494,46375175,9669188,467987,76182205,67471323,35353899,33799405,74750834,81673382,83973029,30552771,27179681,66083936,33185108,27152584,77108093,22502782,22294764,46039936,84719186,34478482,47653086,62980650,5691403,47889393,10778512,64504881,44619411,53985580,84094290,76951295,75896996,22107980,64447158,47764122,29535573,66599531,44710832,46353911,30386605,51703557,81843299,55403136,52390054,22361934,63166206,29634271,46128007,30778321,68999762,9708734,19885424,22361417,5886597,46316872,37906924,9586535,4950975,10280619,76345849,27655750,5424711,56895715,47640157,27198607,69793631,5631536,77369571,34203825,49099496,44619846,49734236,41987832,10615419,10026312
66020192,81131230,80102771,68820126,33617976,4613827,46858877,9489151,30615879,74526735,62358755,22361418,47757832,48087969,46071254,56028384,69633139,9778252,56264379,81689614,83247361,27503135,76520356,9648887,76182178,10443561,69686585,27582805,56053613,32760684,47867399,51409155,34807122,63051404,27360633,55311453,65997200,22047246,49315225,57458963,5810958,55406426,67355847,50772114,23619975,22218798,83351466,83507740,10238515,62711744,40385030,79180977,882317,77009943,58926753,78801566,48077562,22363443,83241467,9598893,27312150,77119825,59061205,69677326,892659,50732224,79155223,83559716,77047815,9587586,50797165,33575435,34478483,33777869,65932441,27549220,9575629,25763993,82427721,76114233,27260212,55238700,56737675,43723615,23711456,56111164,67269057,76475327,79605217,63052020,64500108,81709713,77295351,32787781,77159254,56871272,67201181,55461728,49019225,83654979
99374673,79128518,46200677,46927411,44802298,84466669,40635515,81090126,65897366,77119826,49027477,74526736,46945772,64549659,55491897,47639084,82163997,410710,50533439,44548857,44687870,67220534,83551159,55534841,65795080,77602170,50568273,70503580,47717469,33817399,75296465,81801669,32083781,5460571,38009876,40816931,77295352,83654980,62689155,44640644,77417063,62711745,76118608,4507008,76520357,62713933,76114234,69722982,58959696,34012283,46769115,33417345,69888555,68903080,46958088,62762768,82126511,33589137,42229321,35589208,69686586,67316802,50571905,34868783,76956500,76548408,65829907,40381320,76149359,47675272,65861458,44764003,55585335,10185482,67234144,76300000,55266973,74496861,67994214,64435364,43723616,70417025,30313805,59022119,22294396,66591402,83537863,64319298,408839,77090586,27582806,83247362,2033288,457052,55863668,68742061,67216035,50794394,5584793,45996762
74916890,5306863,75198725,31799371,51686452,38315913,52148722,61989825,4791238,557883,10761427,34901856,10447030,52166533,70050330,4688407,29537597,34433460,80154526,77675379,49746016,62302251,31711578,77173006,57351593,81751891,82209113,74534496,82163998,10000124,82739523,77678676,81090127,87135518,31915373,23827721,75785916,965200,30678391,57524412,63435473,77331649,52149204,10775834,83166415,47776829,23688853,81997392,52137123,55939611,55324588,63186729,9895179,82281929,68832394,89223714,23906135,35271069,87031085,89013548,4845342,75896999,4630988,30867957,20708335,77345515,4776366,25824972,79367700,10570826,49133354,75647720,46191262,51704420,77351854,30529346,27237269,47238798,9988411,56341874,76149360,66080438,70224633,34804839,68202096,76556500,77119489,63275302,62402743,52372071,84639124,62689156,64334757,31413492,69913153,1227645,76097302,20968194,95677354,64412893
51347728,31799372,19706247,5163809,1357768,40633249,55914572,4638519,79588200,30836235,46222563,25778630,49752362,66397875,31653743,48158099,12635105,10951790,10030143,38337972,34183170,83300511,48172299,2457830,74526738,6554595,81824351,38319306,73353738,33530145,4846084,38344943,77402989,49413015,49693880,10771835,76615114,1154624,23921186,5347977,76956999,33068844,65937649,4844831,49714089,47576399,66755033,48155158,68031769,47182995,55572926,62998194,76299759,787521,67048221,67319694,76227870,62087373,65826663,1317406,10773370,6386974,5511010,44774160,67047266,72916986,32673538,42145019,40437280,67058910,901851,910289,25625211,2010121,59089994,55217187,30851752,61228730,44646011,81747825,25422459,33642852,87079698,40552605,51395343,68875893,78924759,69938663,30380171,35212917,1191943,77438622,31527800,55231707,96359324,10298643,55254118,49166247,82998148,46377165
75693651,25778631,99664478,75881029,82158078,26260787,32705131,20188135,83952813,83315518,52089022,78697394,79585462,75866496,75386253,35428678,33328632,70106143,77090557,22087196,33236169,74778992,55470413,32756698,42168825,82056750,96359325,68864395,80981055,84019273,76275525,79838985,62813019,62761225,27141442,83195658,79152400,30263761,40355667,31653744,22479015,69584638,69239278,10255146,10880770,64386252,37187489,81130697,40437281,74559351,76493291,422518,68801776,76989329,79576392,56559515,74722036,5603282,589869,27144470,79603294,76410038,33828055,55875169,77295230,50559631,4463466,68101370,76383354,81610632,62724630,20216198,35637385,19706248,50667125,44588932,80727908,74852462,6798496,56520029,57422577,5788773,40497764,75499238,43906350,76413886,19967788,99907045,615766,28370915,77296291,76534865,56227767,47748446,67505097,76988686,81114449,76121608,4869969,56506277
79051169,22474738,75807483,27261626,79174785,49694344,35549948,79127930,75534347,1169011,1168993,50785758,27639047,10447338,25778632,64587631,77230167,5711385,83209206,409325,81784037,69581874,22566591,45198068,19903250,9714590,33597255,76912526,4638043,37183404,55352432,98180385,79201057,37538003,50749616,6374997,5588186,25689069,77355220,72934211,57391527,77032056,76478503,27445581,23699065,46043040,81701285,62980169,33128599,20716487,77227725,76699009,77209631,84783096,76218399,9839896,76210551,44538814,33392955,48124462,22079618,66221231,77369469,51313183,81927326,33557202,70540765,59036475,44734052,9626134,42859444,10467131,19717560,33957824,59086094,918428,2054889,80859536,44590215,55310000,22223480,81867223,37581098,47612824,77079129,37953530,76505385,54658371,574095,26749555,46012993,31273192,44396488,67289220,27406891,32805422,75084082,27742690,82582760,91019196
22957283,5906137,33117024,13546746,33022893,51543168,13504110,22474739,97302002,74503887,84783097,56042863,70084196,83469309,61964898,79374047,55667245,69502517,77193942,13556362,10229673,73589290,47672605,83852262,6374998,79570678,559607,80858850,571867,44395135,75404855,50671761,55428634,3485781,33563097,79369311,10265170,46841798,84484555,50489520,35201553,47095859,83759845,59151178,84002456,864465,55351851,67410159,79862716,78712886,5972816,78642460,5141668,79384664,81619057,40821058,78710906,25409033,83233874,76912527,44603556,81724799,77395489,83595088,42060698,47641664,46844468,56485713,803636,32804611,74625916,25611701,47805931,47905808,12773839,76514467,44579280,75452253,77369470,81366430,20189766,4601476,698837,62914945,41983160,30537670,22416400,74685561,78817491,2197063,22103304,46845900,65824401,82722395,97389717,547429,76593982,77151724,23819347,76296716
