0,40870,79409,857363,812896,948636,125056,500988,814612,239180,763808,707444,144353,314087,986260,752845,985708,962793,410879,794073,576770,494551,961341,262709,125471,755325,157783,981986,339956,339874,748115,650206,771313,158039,228149,117481,317694,352851,156218,503889,614517,20136,925776,588919,634051,215356,812186,840657,108896,373412,845111,504836,711033,872532,46227,15407,806490,60500,471090,740252,829388,633630,118158,854215,308846,497420,14908,598808,222261,691977,669359,839495,380573,424967,235159,109678,549353,954847,638836,956877,974532,734367,959462,306268,392863,195493,734213,236178,927974,487555,36017,174109,47635,563556,136395,473591,409629,726420,505998,934439
104896,919131,884836,530208,964476,739874,402305,131490,423521,425320,505000,906965,276190,850089,856267,752801,329485,86758,571979,120886,572647,748159,34444,6497,376368,904498,607715,892628,335937,456230,416288,736225,502122,298590,721230,903471,203931,619882,211709,796423,954916,857649,545130,267111,675784,159376,805374,582818,840107,140362,211657,847533,499451,959238,426628,383133,615838,916539,558523,125110,327157,866028,889345,203875,25018,810027,647163,263171,546832,552426,630479,625434,259080,349633,122870,19837,697676,268017,123813,655416,278601,808263,798531,578511,674570,568598,167899,777877,495860,31749,551373,450876,170065,360455,606324,551482,975120,382790,395517,190983
104896,919131,884836,530208,964476,739874,402305,131490,423521,425320,505000,906965,276190,850089,856267,752801,329485,86758,120886,571979,572647,34444,748159,6497,376368,904498,335937,736225,416288,892628,502122,607715,456230,298590,903471,203931,721230,619882,211709,796423,954916,159376,545130,267111,857649,805374,675784,840107,582818,140362,211657,847533,499451,426628,959238,615838,383133,916539,558523,327157,866028,203875,889345,125110,25018,810027,647163,263171,630479,546832,552426,625434,259080,122870,19837,349633,697676,268017,808263,655416,123813,798531,278601,674570,777877,578511,495860,568598,31749,551373,360455,167899,170065,606324,975120,551482,382790,450876,208559,824759
104896,919131,884836,530208,964476,739874,402305,131490,423521,425320,505000,906965,276190,850089,856267,86758,329485,752801,120886,571979,572647,34444,748159,6497,376368,904498,736225,416288,335937,502122,298590,903471,892628,456230,607715,203931,619882,721230,211709,796423,954916,159376,545130,267111,840107,805374,582818,675784,857649,140362,211657,847533,426628,499451,615838,959238,383133,866028,327157,203875,916539,558523,810027,889345,25018,125110,263171,630479,546832,552426,647163,625434,122870,259080,19837,349633,808263,268017,697676,798531,655416,777877,123813,495860,674570,578511,278601,551373,360455,31749,568598,170065,167899,606324,975120,208559,551482,824759,382790,628235
104896,919131,884836,530208,739874,964476,402305,131490,423521,425320,505000,906965,850089,276190,856267,86758,329485,752801,120886,571979,572647,34444,6497,748159,376368,736225,904498,416288,502122,903471,298590,335937,892628,456230,619882,203931,607715,721230,211709,796423,159376,954916,840107,545130,267111,805374,140362,582818,675784,857649,426628,211657,847533,615838,499451,959238,383133,866028,203875,327157,810027,25018,889345,916539,558523,630479,263171,125110,546832,552426,647163,122870,625434,19837,259080,808263,349633,268017,798531,655416,697676,777877,495860,360455,674570,551373,31749,578511,123813,278601,170065,568598,208559,606324,824759,628235,167899,975120,382790,551482
104896,919131,884836,530208,739874,964476,402305,131490,423521,425320,505000,906965,850089,856267,276190,86758,329485,752801,120886,571979,572647,34444,6497,376368,748159,736225,416288,903471,298590,502122,904498,335937,619882,892628,456230,203931,607715,721230,796423,211709,159376,954916,840107,140362,545130,805374,267111,582818,675784,426628,857649,615838,211657,847533,499451,866028,203875,810027,327157,383133,25018,889345,959238,630479,263171,916539,558523,546832,552426,125110,122870,625434,19837,647163,808263,259080,798531,349633,268017,655416,777877,697676,495860,360455,551373,674570,31749,578511,170065,123813,208559,278601,568598,628235,824759,606324,639376,901618,382790,167899
104896,919131,884836,530208,739874,402305,964476,131490,423521,425320,505000,906965,850089,856267,276190,86758,329485,120886,752801,571979,572647,34444,6497,376368,748159,736225,416288,903471,298590,502122,335937,904498,619882,892628,203931,456230,796423,607715,721230,211709,159376,840107,954916,140362,545130,805374,267111,582818,426628,615838,675784,857649,211657,847533,499451,866028,203875,810027,327157,25018,889345,630479,383133,263171,959238,546832,916539,558523,552426,125110,122870,808263,19837,625434,798531,647163,259080,268017,349633,777877,655416,495860,360455,697676,551373,674570,31749,170065,578511,208559,628235,824759,639376,123813,568598,278601,901618,606324,382790,78645
104896,919131,884836,530208,739874,402305,964476,423521,131490,425320,906965,505000,850089,856267,86758,276190,329485,120886,752801,571979,572647,6497,34444,376368,748159,736225,416288,903471,298590,502122,619882,335937,904498,203931,892628,456230,796423,159376,721230,211709,607715,840107,140362,954916,805374,545130,267111,426628,582818,615838,675784,211657,847533,857649,499451,866028,203875,810027,327157,630479,25018,889345,263171,383133,546832,959238,552426,916539,558523,808263,122870,19837,125110,798531,625434,268017,777877,259080,647163,349633,655416,495860,360455,551373,697676,31749,674570,208559,170065,639376,628235,824759,578511,901618,568598,78645,606324,123813,278601,382790
104896,919131,884836,530208,739874,402305,964476,423521,131490,906965,425320,505000,850089,856267,86758,276190,120886,329485,752801,571979,572647,376368,6497,34444,736225,748159,903471,416288,298590,502122,619882,335937,904498,203931,796423,892628,456230,159376,211709,840107,721230,607715,140362,954916,805374,426628,545130,615838,267111,582818,675784,211657,847533,857649,810027,866028,203875,499451,630479,327157,25018,889345,263171,546832,383133,552426,808263,122870,959238,916539,19837,798531,558523,125110,625434,777877,268017,495860,655416,360455,259080,349633,647163,551373,697676,31749,208559,639376,674570,170065,628235,824759,578511,901618,78645,568598,606324,123813,877273,278601
104896,919131,884836,530208,402305,739874,964476,423521,131490,906965,505000,425320,850089,856267,86758,120886,329485,276190,571979,752801,572647,376368,6497,34444,736225,748159,903471,298590,416288,502122,619882,335937,904498,796423,203931,159376,892628,456230,840107,211709,140362,721230,607715,954916,426628,615838,805374,545130,267111,582818,211657,847533,675784,810027,203875,866028,630479,857649,499451,327157,25018,889345,263171,546832,552426,808263,383133,122870,798531,19837,959238,916539,558523,777877,625434,125110,495860,268017,360455,655416,551373,349633,259080,647163,639376,208559,31749,674570,628235,697676,170065,824759,901618,78645,578511,9036,606324,568598,970643,877273
104896,919131,884836,530208,402305,739874,964476,423521,131490,906965,505000,850089,425320,856267,86758,120886,329485,276190,571979,752801,376368,572647,6497,34444,736225,903471,298590,416288,748159,502122,619882,335937,904498,796423,159376,203931,892628,456230,840107,140362,211709,721230,615838,426628,954916,607715,805374,545130,267111,582818,211657,847533,810027,675784,203875,866028,630479,327157,25018,499451,263171,857649,889345,546832,808263,552426,122870,798531,383133,19837,777877,495860,625434,916539,959238,360455,558523,268017,655416,551373,125110,349633,639376,259080,208559,647163,31749,628235,674570,170065,824759,697676,78645,901618,578511,9036,970643,927948,877273,606324
104896,919131,884836,530208,402305,739874,964476,423521,131490,906965,850089,505000,425320,856267,86758,120886,329485,276190,571979,376368,752801,6497,572647,34444,736225,903471,298590,416288,502122,619882,748159,335937,796423,159376,904498,203931,456230,892628,840107,140362,615838,211709,426628,721230,954916,805374,545130,607715,267111,582818,211657,810027,847533,203875,866028,630479,675784,327157,25018,263171,889345,499451,857649,808263,546832,552426,798531,122870,19837,383133,777877,495860,360455,625434,268017,551373,655416,639376,916539,558523,959238,125110,349633,208559,259080,628235,31749,824759,170065,674570,647163,78645,901618,697676,9036,927948,578511,970643,877273,606324
104896,919131,884836,530208,402305,739874,964476,423521,131490,906965,850089,505000,856267,425320,120886,86758,329485,276190,571979,376368,6497,752801,572647,34444,736225,903471,298590,416288,619882,502122,748159,335937,159376,796423,904498,203931,840107,456230,140362,892628,615838,426628,211709,954916,805374,721230,545130,267111,582818,607715,810027,630479,203875,211657,866028,847533,675784,327157,263171,25018,889345,499451,808263,546832,857649,552426,798531,122870,19837,777877,383133,495860,360455,639376,551373,268017,625434,655416,916539,208559,558523,349633,959238,125110,628235,259080,31749,824759,78645,170065,9036,674570,901618,647163,697676,927948,970643,578511,877273,680234
104896,919131,884836,530208,402305,739874,964476,423521,906965,131490,850089,856267,505000,120886,425320,86758,329485,571979,376368,276190,6497,572647,752801,34444,736225,903471,298590,416288,619882,502122,748159,159376,335937,796423,203931,904498,840107,140362,456230,892628,615838,426628,211709,805374,954916,721230,545130,267111,582818,810027,630479,203875,866028,211657,607715,847533,327157,263171,25018,675784,889345,808263,499451,546832,798531,552426,122870,857649,777877,19837,495860,360455,639376,383133,551373,268017,655416,625434,208559,628235,349633,916539,558523,78645,824759,9036,31749,125110,259080,959238,170065,901618,674570,927948,697676,647163,970643,578511,877273,720144
919131,104896,884836,530208,402305,739874,423521,964476,906965,131490,850089,856267,120886,505000,86758,425320,329485,376368,571979,6497,276190,572647,752801,34444,736225,903471,298590,619882,416288,502122,159376,748159,796423,335937,840107,203931,904498,140362,615838,426628,456230,892628,211709,805374,954916,630479,545130,810027,203875,721230,267111,866028,582818,211657,847533,607715,263171,327157,25018,808263,889345,675784,546832,798531,499451,552426,122870,777877,19837,495860,857649,639376,360455,551373,268017,383133,655416,625434,208559,628235,9036,78645,824759,349633,31749,916539,170065,558523,259080,901618,125110,927948,674570,959238,970643,697676,647163,720144,30901,132615
919131,104896,884836,530208,402305,739874,423521,964476,906965,131490,850089,856267,120886,86758,505000,425320,329485,376368,571979,6497,276190,572647,752801,34444,736225,903471,298590,619882,416288,502122,159376,796423,748159,335937,840107,140362,203931,904498,615838,426628,456230,892628,211709,805374,954916,630479,810027,203875,866028,545130,267111,582818,721230,211657,847533,263171,327157,25018,808263,889345,607715,675784,798531,546832,552426,499451,122870,777877,639376,19837,495860,360455,551373,857649,268017,655416,208559,383133,625434,9036,628235,78645,824759,31749,349633,901618,927948,170065,259080,916539,674570,558523,125110,970643,959238,720144,30901,697676,132615,680234
919131,104896,884836,530208,402305,739874,423521,906965,964476,850089,131490,120886,856267,86758,505000,425320,329485,376368,571979,6497,276190,572647,752801,34444,736225,903471,619882,298590,416288,502122,159376,796423,335937,748159,840107,140362,615838,203931,426628,904498,456230,892628,630479,805374,810027,211709,954916,203875,866028,545130,582818,267111,211657,847533,263171,721230,808263,327157,25018,889345,798531,546832,607715,675784,552426,122870,777877,639376,499451,495860,360455,19837,551373,208559,268017,9036,857649,655416,628235,78645,625434,383133,824759,927948,31749,901618,349633,170065,970643,259080,674570,916539,30901,720144,558523,125110,539922,132615,959238,680234
919131,104896,884836,530208,402305,739874,906965,423521,850089,964476,120886,856267,131490,86758,505000,425320,376368,329485,571979,6497,572647,276190,34444,752801,736225,903471,619882,298590,416288,502122,159376,796423,840107,335937,748159,140362,615838,426628,203931,904498,456230,892628,630479,810027,805374,203875,866028,211709,954916,545130,582818,267111,211657,263171,847533,808263,327157,25018,721230,889345,798531,546832,639376,552426,122870,675784,777877,607715,495860,360455,499451,19837,551373,9036,208559,268017,655416,78645,628235,857649,625434,824759,927948,383133,901618,31749,170065,349633,970643,30901,720144,674570,259080,539922,916539,388783,132615,558523,125110,680234
919131,104896,884836,530208,402305,739874,906965,423521,850089,120886,964476,856267,131490,86758,505000,376368,425320,329485,6497,571979,572647,276190,736225,34444,752801,903471,619882,298590,416288,502122,159376,796423,840107,335937,140362,615838,748159,426628,203931,904498,630479,456230,892628,810027,203875,866028,805374,954916,211709,545130,263171,808263,582818,267111,211657,847533,327157,25018,798531,889345,721230,546832,639376,777877,122870,552426,360455,495860,675784,19837,499451,607715,551373,9036,208559,78645,268017,628235,655416,927948,824759,625434,857649,901618,31749,383133,170065,30901,970643,349633,720144,674570,539922,388783,259080,132615,680234,916539,125110,558523
919131,104896,884836,530208,402305,739874,906965,423521,850089,120886,856267,964476,86758,131490,505000,376368,329485,425320,6497,571979,572647,276190,736225,34444,752801,903471,619882,298590,416288,502122,159376,796423,840107,140362,615838,335937,426628,748159,203931,904498,630479,810027,456230,892628,203875,866028,805374,954916,808263,211709,263171,545130,582818,211657,267111,847533,327157,25018,798531,889345,639376,546832,721230,777877,122870,552426,360455,495860,19837,675784,9036,551373,499451,208559,607715,78645,628235,268017,655416,927948,824759,625434,901618,30901,31749,720144,170065,970643,857649,383133,349633,388783,539922,674570,132615,259080,680234,877273,244299,94919
884836,919131,104896,530208,402305,739874,906965,850089,423521,120886,856267,86758,964476,131490,376368,505000,6497,329485,571979,425320,572647,736225,276190,34444,752801,903471,619882,298590,416288,502122,159376,796423,840107,140362,615838,335937,426628,748159,203931,630479,904498,810027,203875,866028,456230,892628,805374,808263,263171,954916,545130,211709,211657,582818,327157,25018,847533,267111,798531,889345,639376,546832,777877,122870,552426,360455,495860,721230,9036,19837,551373,675784,208559,499451,78645,628235,268017,655416,927948,607715,824759,30901,901618,625434,720144,31749,970643,388783,170065,539922,383133,349633,857649,132615,674570,680234,259080,94919,244299,925493
884836,919131,104896,530208,402305,739874,906965,120886,850089,423521,856267,86758,964476,131490,376368,505000,6497,329485,571979,425320,572647,736225,34444,276190,752801,619882,903471,298590,416288,159376,502122,796423,840107,140362,615838,426628,335937,748159,203931,630479,810027,904498,203875,866028,456230,805374,892628,808263,263171,954916,545130,798531,327157,211657,25018,211709,582818,847533,639376,267111,889345,546832,777877,122870,360455,495860,552426,9036,19837,551373,721230,208559,78645,675784,499451,628235,927948,268017,655416,824759,30901,901618,720144,607715,388783,625434,970643,31749,539922,170065,349633,132615,383133,674570,94919,244299,857649,680234,925493,385780
884836,919131,104896,530208,402305,739874,906965,120886,850089,423521,856267,86758,964476,376368,131490,505000,6497,329485,571979,425320,572647,736225,34444,276190,619882,903471,752801,298590,159376,416288,502122,796423,840107,615838,140362,426628,335937,630479,203931,748159,810027,203875,866028,904498,808263,805374,456230,263171,892628,798531,954916,639376,327157,25018,211657,545130,847533,582818,211709,267111,889345,546832,777877,9036,360455,122870,495860,552426,551373,19837,208559,78645,721230,628235,927948,675784,499451,268017,30901,655416,824759,720144,388783,901618,970643,539922,625434,31749,170065,607715,132615,94919,244299,349633,925493,385780,680234,674570,383133,771319
884836,919131,104896,530208,402305,739874,906965,120886,850089,423521,856267,86758,376368,964476,131490,6497,505000,329485,571979,425320,572647,736225,34444,619882,276190,903471,298590,752801,159376,416288,502122,796423,840107,615838,140362,426628,335937,630479,203931,810027,748159,203875,866028,904498,808263,805374,263171,456230,798531,639376,892628,327157,25018,954916,211657,545130,847533,582818,889345,267111,211709,777877,546832,9036,360455,495860,122870,552426,551373,19837,208559,78645,927948,628235,30901,721230,675784,268017,655416,499451,824759,388783,720144,901618,539922,970643,31749,625434,170065,94919,244299,132615,925493,385780,607715,680234,349633,771319,674570,757214
884836,919131,104896,530208,402305,739874,906965,120886,850089,856267,423521,86758,376368,964476,131490,6497,505000,571979,329485,425320,572647,736225,34444,619882,903471,276190,298590,159376,416288,752801,502122,796423,840107,615838,140362,426628,335937,630479,810027,203931,203875,748159,866028,808263,904498,263171,805374,639376,798531,456230,25018,327157,892628,211657,954916,545130,847533,889345,9036,777877,582818,546832,267111,360455,211709,495860,122870,552426,551373,19837,78645,208559,927948,628235,30901,388783,268017,655416,720144,824759,721230,675784,499451,901618,539922,970643,31749,94919,244299,625434,170065,925493,132615,385780,771319,680234,349633,335627,757214,674570
884836,919131,104896,530208,402305,739874,120886,906965,850089,856267,423521,86758,376368,6497,964476,131490,505000,571979,329485,736225,425320,572647,34444,619882,903471,159376,298590,276190,416288,502122,752801,796423,840107,615838,140362,426628,335937,630479,810027,203931,203875,866028,748159,808263,263171,639376,904498,798531,805374,25018,327157,456230,9036,892628,211657,777877,954916,889345,847533,545130,546832,582818,360455,495860,267111,122870,211709,552426,551373,78645,208559,19837,927948,30901,628235,388783,720144,824759,655416,268017,539922,901618,499451,675784,970643,721230,94919,244299,925493,31749,385780,170065,132615,625434,771319,680234,335627,757214,764585,349633
884836,919131,104896,530208,402305,739874,120886,906965,850089,856267,86758,423521,376368,6497,964476,131490,571979,505000,329485,736225,572647,425320,34444,619882,903471,159376,298590,416288,276190,502122,752801,796423,840107,615838,140362,426628,630479,335937,810027,203875,866028,203931,808263,748159,639376,263171,798531,904498,805374,25018,9036,327157,777877,456230,211657,889345,847533,892628,360455,954916,546832,545130,495860,582818,122870,267111,552426,551373,211709,78645,208559,19837,927948,30901,628235,388783,720144,824759,655416,268017,539922,901618,970643,94919,244299,499451,925493,675784,385780,721230,771319,31749,132615,170065,625434,335627,680234,757214,764585,674570
884836,919131,104896,530208,402305,739874,120886,906965,850089,856267,86758,423521,376368,6497,571979,131490,964476,329485,505000,736225,572647,425320,619882,34444,903471,159376,298590,416288,502122,276190,752801,615838,796423,840107,140362,426628,630479,335937,810027,203875,866028,808263,203931,639376,263171,748159,798531,805374,9036,904498,25018,327157,777877,211657,360455,889345,456230,495860,546832,847533,954916,545130,892628,122870,582818,267111,552426,551373,78645,208559,30901,927948,211709,19837,388783,628235,720144,824759,539922,655416,268017,94919,901618,970643,244299,925493,385780,771319,499451,675784,31749,132615,170065,721230,625434,335627,764585,680234,757214,724555
884836,919131,104896,530208,402305,120886,739874,906965,850089,856267,86758,376368,423521,6497,571979,329485,131490,964476,505000,736225,572647,425320,619882,34444,159376,903471,298590,416288,502122,276190,615838,752801,840107,796423,140362,426628,630479,335937,810027,203875,866028,808263,203931,639376,263171,798531,9036,748159,805374,25018,327157,904498,777877,360455,889345,495860,211657,546832,847533,122870,456230,954916,545130,582818,892628,78645,551373,552426,30901,267111,208559,927948,388783,19837,628235,211709,720144,539922,824759,94919,244299,655416,268017,901618,925493,970643,771319,385780,132615,499451,31749,170065,675784,335627,764585,757214,625434,680234,721230,724555
884836,919131,104896,530208,402305,120886,739874,906965,850089,856267,86758,376368,423521,6497,571979,329485,131490,505000,964476,736225,572647,619882,159376,425320,903471,34444,298590,416288,502122,615838,276190,840107,796423,140362,752801,426628,630479,810027,335937,203875,866028,808263,639376,203931,263171,798531,9036,748159,805374,25018,327157,777877,360455,904498,495860,889345,546832,211657,847533,122870,30901,78645,456230,551373,545130,954916,927948,582818,552426,208559,388783,892628,267111,19837,628235,720144,211709,539922,94919,824759,244299,925493,771319,901618,655416,970643,385780,268017,132615,31749,335627,170065,764585,499451,757214,675784,680234,724555,625434,753294
884836,919131,104896,530208,402305,120886,739874,906965,850089,856267,86758,376368,423521,6497,571979,329485,736225,131490,505000,964476,572647,619882,159376,903471,34444,425320,298590,416288,502122,615838,840107,796423,276190,140362,426628,752801,630479,810027,335937,203875,808263,866028,639376,263171,798531,203931,9036,777877,25018,805374,327157,748159,360455,495860,889345,546832,904498,211657,30901,122870,78645,847533,551373,927948,388783,208559,552426,545130,954916,582818,456230,19837,892628,267111,628235,720144,94919,539922,244299,211709,925493,824759,771319,385780,901618,970643,655416,268017,132615,764585,335627,31749,170065,757214,724555,499451,680234,753294,260241,625434
884836,919131,104896,530208,402305,120886,739874,906965,850089,856267,86758,376368,423521,6497,571979,329485,736225,505000,131490,964476,572647,619882,159376,903471,34444,298590,425320,416288,502122,615838,840107,796423,140362,426628,276190,752801,630479,810027,203875,808263,335937,866028,639376,798531,9036,263171,203931,777877,25018,327157,805374,360455,495860,748159,30901,889345,546832,78645,122870,211657,388783,904498,927948,847533,551373,208559,552426,545130,954916,582818,720144,628235,456230,19837,267111,94919,892628,539922,244299,771319,925493,824759,385780,211709,970643,901618,655416,268017,132615,764585,335627,31749,724555,757214,170065,753294,680234,260241,499451,361955
884836,919131,104896,402305,530208,120886,906965,739874,850089,856267,86758,376368,423521,6497,571979,329485,736225,505000,131490,572647,964476,159376,619882,903471,34444,298590,425320,416288,615838,502122,840107,796423,140362,426628,276190,752801,630479,810027,808263,203875,639376,866028,335937,9036,798531,263171,203931,777877,25018,360455,327157,805374,495860,30901,889345,546832,388783,78645,748159,927948,122870,211657,551373,208559,847533,904498,552426,720144,628235,545130,94919,582818,954916,19837,539922,244299,456230,771319,267111,925493,892628,385780,824759,970643,901618,211709,655416,268017,132615,764585,335627,724555,757214,31749,260241,753294,170065,680234,361955,499451
884836,919131,104896,402305,530208,120886,906965,739874,850089,856267,376368,86758,6497,423521,571979,329485,736225,505000,131490,572647,159376,619882,964476,903471,298590,34444,615838,425320,416288,502122,840107,140362,796423,426628,276190,630479,752801,810027,808263,639376,203875,866028,335937,9036,798531,263171,203931,777877,360455,25018,327157,30901,495860,805374,388783,78645,546832,889345,927948,122870,551373,208559,211657,748159,847533,720144,552426,94919,904498,628235,244299,539922,19837,771319,545130,582818,954916,925493,385780,456230,267111,824759,892628,970643,901618,655416,268017,211709,764585,132615,335627,724555,260241,757214,753294,31749,170065,680234,361955,440164
884836,919131,104896,402305,530208,120886,906965,850089,739874,856267,376368,86758,6497,423521,571979,736225,329485,505000,572647,159376,619882,131490,903471,964476,298590,34444,615838,416288,502122,425320,840107,140362,796423,426628,630479,276190,752801,810027,808263,639376,203875,866028,9036,335937,798531,263171,777877,203931,360455,30901,25018,327157,495860,388783,805374,78645,927948,546832,889345,122870,551373,208559,720144,211657,94919,847533,552426,748159,244299,628235,771319,539922,925493,904498,19837,385780,545130,582818,954916,824759,267111,456230,970643,901618,892628,655416,764585,268017,335627,132615,724555,211709,260241,753294,757214,31749,170065,680234,361955,72398
884836,919131,104896,402305,530208,120886,906965,850089,739874,856267,376368,86758,6497,423521,571979,736225,329485,159376,572647,505000,619882,131490,903471,964476,298590,34444,615838,416288,502122,840107,425320,140362,426628,796423,630479,276190,752801,810027,639376,808263,203875,866028,9036,798531,335937,263171,777877,30901,360455,203931,388783,25018,495860,327157,78645,927948,805374,546832,889345,122870,551373,208559,94919,720144,211657,244299,771319,552426,539922,847533,628235,925493,385780,748159,19837,904498,545130,582818,954916,824759,970643,267111,901618,456230,764585,655416,892628,335627,268017,132615,724555,260241,753294,757214,211709,31749,361955,680234,170065,72398
884836,919131,104896,402305,530208,120886,906965,850089,739874,376368,856267,86758,6497,423521,571979,736225,329485,159376,619882,572647,505000,903471,131490,298590,615838,34444,964476,416288,840107,502122,140362,426628,796423,425320,630479,276190,752801,810027,639376,808263,203875,866028,9036,798531,335937,263171,777877,30901,388783,360455,495860,203931,25018,327157,78645,927948,805374,546832,889345,94919,122870,551373,208559,720144,771319,244299,539922,925493,211657,628235,552426,847533,385780,19837,748159,904498,545130,582818,824759,954916,970643,901618,267111,764585,456230,335627,724555,655416,260241,132615,268017,753294,892628,757214,361955,72398,211709,31749,680234,170065
884836,919131,104896,402305,530208,120886,906965,850089,376368,739874,856267,86758,6497,423521,571979,736225,329485,159376,619882,572647,505000,903471,131490,298590,615838,34444,964476,416288,840107,502122,140362,426628,796423,425320,630479,810027,276190,752801,639376,808263,203875,9036,866028,798531,263171,335937,30901,777877,388783,360455,495860,25018,78645,927948,327157,203931,94919,546832,720144,208559,551373,805374,889345,122870,771319,244299,925493,539922,628235,385780,211657,552426,847533,19837,824759,748159,970643,545130,582818,904498,901618,954916,764585,335627,267111,260241,724555,132615,655416,753294,268017,456230,757214,892628,72398,361955,33397,680234,31749,670309
884836,919131,104896,402305,530208,120886,906965,850089,376368,856267,739874,86758,6497,423521,571979,736225,329485,159376,619882,572647,903471,505000,298590,615838,131490,34444,840107,416288,964476,502122,140362,426628,796423,630479,425320,810027,639376,808263,276190,752801,9036,203875,866028,798531,263171,335937,30901,388783,777877,360455,495860,927948,78645,25018,327157,94919,203931,720144,771319,244299,208559,546832,551373,122870,889345,805374,925493,539922,385780,628235,552426,211657,847533,19837,824759,970643,764585,901618,545130,582818,748159,260241,724555,904498,335627,954916,132615,753294,267111,655416,268017,757214,456230,33397,72398,361955,670309,892628,680234,440164
884836,919131,104896,402305,530208,120886,906965,850089,376368,856267,739874,86758,6497,423521,571979,736225,329485,159376,619882,572647,903471,505000,615838,298590,34444,131490,840107,416288,140362,426628,502122,964476,796423,630479,425320,639376,810027,808263,9036,276190,752801,203875,866028,798531,263171,30901,335937,388783,777877,360455,495860,927948,78645,25018,94919,327157,771319,720144,244299,203931,208559,551373,546832,925493,122870,889345,539922,805374,385780,628235,552426,211657,847533,19837,824759,970643,764585,901618,260241,724555,335627,545130,582818,753294,954916,748159,132615,904498,655416,33397,267111,757214,268017,72398,361955,670309,456230,440164,680234,103344
884836,919131,104896,402305,530208,120886,850089,906965,376368,856267,86758,739874,6497,423521,571979,736225,159376,329485,619882,572647,903471,615838,298590,505000,34444,840107,131490,416288,426628,140362,502122,796423,964476,630479,425320,639376,810027,808263,9036,203875,866028,276190,752801,798531,263171,30901,388783,335937,777877,360455,927948,495860,78645,94919,771319,25018,327157,720144,244299,925493,208559,551373,546832,539922,203931,122870,385780,889345,805374,628235,552426,211657,19837,847533,764585,970643,824759,260241,724555,901618,335627,753294,33397,582818,545130,132615,954916,757214,655416,904498,748159,72398,268017,267111,670309,361955,578305,499372,440164,103344
884836,919131,104896,402305,530208,120886,850089,906965,376368,856267,86758,739874,6497,423521,571979,736225,159376,329485,619882,572647,903471,615838,298590,505000,840107,34444,426628,140362,416288,131490,502122,796423,630479,964476,639376,425320,810027,808263,9036,203875,866028,752801,276190,798531,263171,30901,388783,777877,335937,360455,927948,94919,78645,495860,771319,244299,25018,720144,327157,925493,208559,551373,539922,385780,546832,122870,203931,889345,628235,805374,552426,211657,19837,847533,764585,260241,970643,824759,724555,901618,335627,33397,753294,132615,582818,545130,757214,72398,655416,954916,670309,268017,361955,904498,267111,499372,748159,578305,440164,103344
884836,919131,104896,402305,530208,120886,850089,906965,376368,856267,86758,739874,6497,423521,736225,571979,159376,329485,619882,572647,903471,615838,298590,505000,840107,426628,140362,34444,416288,502122,796423,131490,630479,964476,639376,810027,9036,808263,425320,203875,866028,798531,752801,276190,30901,263171,388783,777877,360455,94919,927948,335937,78645,771319,495860,244299,720144,25018,925493,327157,208559,539922,385780,551373,546832,122870,889345,203931,628235,805374,552426,764585,211657,19837,260241,970643,33397,847533,724555,824759,335627,901618,753294,132615,72398,757214,582818,545130,670309,655416,499372,578305,361955,268017,954916,103344,440164,262372,267111,602733
884836,919131,104896,402305,530208,120886,850089,376368,906965,856267,86758,739874,6497,736225,571979,423521,159376,329485,619882,615838,903471,572647,298590,840107,426628,505000,140362,34444,416288,502122,796423,630479,131490,639376,964476,9036,810027,808263,425320,203875,866028,798531,30901,388783,752801,263171,276190,777877,94919,360455,927948,771319,78645,495860,335937,244299,720144,925493,25018,385780,539922,327157,208559,551373,546832,122870,889345,628235,203931,805374,552426,260241,764585,33397,19837,724555,211657,970643,824759,847533,335627,753294,901618,132615,72398,757214,670309,499372,578305,655416,582818,361955,545130,602733,268017,262372,103344,440164,954916,760620
884836,919131,104896,402305,120886,530208,376368,850089,906965,856267,86758,739874,6497,736225,571979,423521,159376,619882,329485,615838,903471,572647,298590,840107,426628,140362,505000,34444,416288,502122,630479,796423,131490,639376,9036,810027,808263,964476,425320,203875,866028,798531,30901,388783,263171,752801,276190,777877,94919,771319,360455,927948,78645,244299,495860,720144,335937,925493,385780,25018,539922,208559,327157,551373,546832,122870,628235,889345,203931,33397,805374,260241,764585,552426,724555,19837,970643,211657,824759,335627,753294,847533,901618,72398,132615,499372,757214,670309,578305,602733,361955,655416,262372,582818,103344,545130,440164,268017,504721,760620
884836,919131,104896,402305,120886,530208,376368,850089,906965,856267,86758,6497,739874,736225,571979,159376,423521,619882,329485,615838,903471,572647,298590,840107,426628,140362,416288,34444,505000,630479,502122,796423,639376,131490,9036,808263,810027,964476,203875,866028,425320,798531,30901,388783,263171,752801,94919,276190,777877,771319,927948,360455,78645,244299,495860,720144,925493,335937,385780,539922,25018,208559,327157,551373,122870,546832,628235,889345,33397,260241,764585,203931,805374,552426,724555,970643,19837,335627,753294,824759,211657,901618,847533,72398,499372,132615,670309,602733,757214,578305,361955,262372,504721,655416,103344,440164,268017,582818,760620,545130
884836,919131,402305,104896,120886,530208,376368,850089,906965,856267,86758,6497,739874,736225,571979,159376,423521,619882,329485,615838,903471,572647,298590,840107,426628,140362,630479,416288,34444,505000,502122,796423,639376,9036,131490,808263,810027,964476,203875,866028,798531,30901,388783,425320,263171,94919,771319,777877,752801,927948,360455,244299,276190,78645,495860,925493,720144,385780,539922,335937,25018,208559,551373,327157,33397,122870,546832,628235,889345,260241,764585,724555,552426,805374,203931,970643,753294,335627,19837,824759,211657,901618,72398,499372,602733,847533,670309,132615,578305,757214,504721,262372,361955,103344,440164,655416,760620,268017,842026,582818
884836,919131,402305,120886,104896,530208,376368,850089,906965,856267,86758,6497,739874,736225,571979,159376,423521,619882,615838,329485,903471,572647,298590,840107,426628,140362,630479,416288,34444,796423,502122,505000,639376,9036,808263,810027,131490,203875,866028,798531,964476,30901,388783,425320,263171,94919,771319,777877,927948,244299,360455,78645,752801,925493,720144,495860,276190,385780,539922,208559,25018,335937,551373,33397,327157,122870,546832,628235,260241,889345,764585,724555,552426,753294,335627,970643,805374,203931,19837,824759,499372,72398,602733,901618,211657,670309,578305,132615,847533,504721,757214,262372,361955,103344,440164,655416,760620,842026,268017,680234
884836,919131,120886,402305,104896,530208,376368,850089,906965,856267,86758,6497,739874,736225,159376,571979,423521,619882,615838,329485,903471,572647,298590,840107,426628,140362,630479,416288,796423,34444,502122,639376,505000,9036,808263,810027,131490,203875,388783,30901,866028,798531,964476,263171,425320,94919,771319,777877,927948,244299,360455,78645,925493,720144,495860,752801,385780,276190,539922,33397,208559,25018,551373,335937,327157,122870,546832,628235,260241,764585,889345,724555,753294,335627,552426,970643,499372,602733,805374,824759,72398,19837,203931,670309,901618,504721,578305,211657,132615,757214,847533,262372,361955,103344,440164,760620,655416,842026,268017,261470
884836,120886,919131,402305,104896,530208,376368,850089,906965,856267,86758,6497,739874,736225,159376,571979,423521,619882,615838,329485,903471,572647,298590,840107,426628,140362,630479,416288,796423,502122,34444,639376,9036,505000,808263,810027,131490,203875,388783,30901,798531,866028,94919,964476,771319,263171,425320,244299,927948,777877,360455,78645,925493,720144,495860,385780,539922,752801,33397,276190,208559,25018,551373,327157,335937,260241,628235,122870,546832,764585,724555,889345,753294,602733,335627,499372,970643,552426,72398,504721,824759,805374,19837,670309,578305,901618,203931,132615,757214,262372,211657,847533,361955,103344,440164,760620,842026,655416,261470,52544
884836,120886,919131,402305,104896,530208,376368,850089,906965,856267,86758,6497,739874,736225,159376,571979,619882,615838,423521,329485,903471,572647,426628,840107,298590,140362,630479,416288,639376,796423,502122,34444,9036,505000,808263,810027,388783,30901,203875,131490,798531,866028,94919,771319,263171,964476,244299,927948,777877,425320,925493,78645,360455,720144,385780,495860,33397,539922,752801,208559,276190,551373,25018,260241,327157,335937,628235,122870,764585,546832,724555,889345,602733,753294,499372,335627,970643,504721,72398,552426,670309,824759,578305,19837,805374,901618,262372,203931,132615,757214,211657,361955,847533,103344,440164,52544,842026,760620,261470,366655
884836,120886,919131,402305,104896,530208,376368,850089,906965,856267,86758,6497,739874,736225,159376,571979,619882,615838,423521,329485,903471,426628,840107,572647,298590,140362,630479,639376,416288,796423,9036,502122,34444,808263,505000,810027,388783,30901,203875,798531,866028,131490,94919,771319,263171,244299,927948,777877,925493,964476,78645,360455,720144,385780,425320,33397,495860,539922,208559,752801,551373,25018,260241,276190,327157,764585,628235,122870,335937,546832,724555,602733,499372,889345,753294,504721,335627,72398,970643,670309,578305,552426,824759,19837,901618,262372,805374,132615,757214,203931,361955,211657,103344,52544,847533,440164,366655,261470,842026,760620
884836,120886,402305,919131,104896,530208,376368,850089,906965,856267,86758,6497,739874,736225,159376,571979,615838,619882,423521,903471,329485,426628,840107,572647,298590,140362,630479,639376,9036,416288,796423,502122,34444,808263,810027,505000,388783,30901,203875,798531,866028,94919,771319,131490,244299,263171,927948,925493,777877,78645,360455,720144,33397,385780,964476,495860,539922,425320,208559,260241,551373,25018,752801,764585,327157,628235,276190,602733,724555,122870,546832,499372,335937,504721,753294,889345,335627,72398,970643,578305,670309,552426,824759,262372,19837,901618,757214,132615,805374,52544,361955,203931,366655,103344,211657,261470,440164,845033,847533,842026
884836,120886,402305,919131,104896,530208,376368,850089,906965,856267,86758,6497,739874,736225,159376,571979,615838,619882,423521,903471,329485,426628,840107,298590,140362,572647,630479,639376,9036,416288,796423,502122,34444,808263,810027,505000,388783,30901,203875,798531,866028,771319,94919,131490,244299,263171,927948,925493,33397,777877,78645,720144,360455,385780,539922,495860,964476,425320,208559,260241,551373,25018,764585,602733,752801,327157,628235,724555,499372,504721,122870,546832,276190,753294,335937,335627,72398,889345,578305,670309,970643,552426,824759,262372,19837,901618,52544,757214,132615,366655,805374,361955,103344,845033,261470,203931,440164,211657,842026,153555
884836,120886,402305,919131,104896,530208,376368,850089,906965,856267,86758,6497,739874,736225,159376,571979,615838,619882,423521,903471,329485,426628,840107,140362,298590,630479,572647,639376,9036,796423,416288,502122,34444,808263,810027,388783,30901,505000,203875,798531,771319,866028,94919,244299,263171,131490,927948,925493,33397,777877,78645,720144,385780,360455,539922,495860,964476,260241,208559,425320,551373,602733,764585,25018,504721,724555,499372,628235,327157,122870,752801,546832,753294,335627,276190,72398,335937,578305,889345,670309,970643,262372,824759,52544,552426,901618,366655,19837,757214,132615,845033,361955,261470,805374,103344,153555,492034,440164,842026,211657
884836,120886,402305,919131,104896,530208,376368,850089,906965,856267,86758,6497,739874,736225,159376,571979,615838,619882,903471,423521,426628,329485,840107,140362,630479,298590,572647,639376,9036,796423,416288,502122,808263,34444,810027,388783,30901,505000,203875,798531,771319,94919,866028,244299,33397,925493,927948,263171,131490,777877,720144,78645,385780,360455,539922,495860,260241,208559,602733,964476,551373,425320,504721,764585,499372,25018,724555,628235,327157,753294,122870,546832,752801,72398,335627,578305,670309,889345,335937,276190,970643,52544,262372,366655,824759,552426,901618,757214,19837,132615,845033,261470,153555,361955,103344,492034,805374,440164,842026,50048
884836,120886,402305,919131,104896,530208,376368,850089,906965,856267,86758,6497,739874,159376,736225,571979,615838,619882,903471,426628,423521,840107,329485,630479,140362,298590,639376,572647,9036,796423,416288,502122,808263,34444,810027,388783,30901,505000,771319,798531,203875,94919,866028,244299,33397,925493,927948,263171,385780,720144,78645,777877,360455,131490,539922,495860,260241,602733,208559,504721,551373,764585,499372,724555,964476,425320,25018,628235,753294,327157,122870,72398,546832,335627,578305,670309,752801,52544,970643,889345,262372,335937,366655,276190,824759,845033,552426,757214,901618,132615,153555,261470,19837,492034,361955,103344,50048,589984,674233,679548
884836,120886,402305,919131,104896,530208,376368,850089,906965,856267,86758,6497,159376,739874,736225,571979,615838,619882,903471,426628,840107,630479,423521,329485,140362,298590,639376,9036,572647,796423,416288,808263,502122,34444,810027,388783,30901,771319,94919,798531,203875,505000,866028,244299,33397,925493,927948,263171,385780,720144,78645,777877,360455,539922,131490,495860,260241,602733,504721,208559,499372,764585,551373,724555,25018,628235,753294,425320,964476,327157,72398,122870,335627,578305,546832,670309,52544,366655,262372,970643,752801,889345,335937,845033,824759,276190,153555,261470,757214,552426,901618,492034,132615,674233,19837,679548,361955,589984,103344,50048
884836,120886,402305,919131,104896,530208,376368,850089,906965,856267,86758,6497,159376,736225,739874,615838,571979,619882,903471,426628,840107,630479,140362,329485,639376,423521,9036,298590,572647,796423,416288,808263,502122,388783,810027,30901,34444,771319,94919,798531,203875,33397,866028,244299,505000,925493,927948,263171,385780,720144,78645,777877,360455,539922,495860,602733,131490,260241,504721,208559,499372,764585,551373,724555,628235,753294,25018,72398,52544,578305,327157,335627,122870,670309,425320,546832,964476,366655,262372,970643,845033,889345,752801,674233,153555,335937,679548,261470,824759,492034,757214,589984,901618,552426,132615,276190,115237,50048,361955,19837
884836,120886,402305,919131,104896,376368,530208,850089,906965,856267,86758,6497,159376,736225,739874,615838,571979,619882,426628,903471,840107,630479,140362,639376,9036,329485,298590,423521,572647,796423,808263,416288,502122,388783,30901,810027,34444,771319,94919,798531,203875,33397,244299,866028,505000,925493,927948,385780,263171,720144,78645,777877,360455,539922,602733,495860,260241,504721,131490,499372,208559,764585,724555,551373,753294,52544,628235,25018,72398,578305,335627,670309,366655,327157,122870,546832,262372,425320,674233,845033,964476,970643,679548,153555,889345,261470,492034,589984,115237,824759,752801,757214,335937,901618,132615,50048,552426,361955,103344,19837
884836,120886,402305,919131,104896,376368,530208,850089,906965,856267,86758,6497,159376,736225,739874,615838,571979,619882,426628,903471,630479,840107,639376,140362,9036,329485,298590,423521,572647,796423,808263,416288,388783,502122,30901,810027,34444,771319,94919,33397,798531,203875,244299,866028,925493,505000,927948,385780,720144,263171,78645,777877,360455,539922,602733,504721,260241,495860,499372,208559,764585,131490,724555,551373,52544,753294,628235,72398,578305,25018,366655,670309,335627,674233,327157,122870,262372,845033,546832,679548,153555,970643,425320,115237,492034,589984,261470,889345,964476,824759,757214,50048,132615,901618,752801,335937,552426,361955,103344,971225
884836,120886,402305,919131,376368,104896,530208,850089,906965,856267,86758,6497,159376,736225,739874,615838,571979,619882,426628,630479,903471,840107,639376,9036,140362,298590,329485,423521,572647,808263,796423,388783,416288,30901,502122,810027,771319,94919,34444,33397,798531,203875,244299,866028,925493,927948,385780,505000,720144,263171,78645,777877,539922,360455,602733,504721,260241,495860,499372,764585,208559,724555,52544,131490,551373,753294,674233,366655,72398,578305,628235,670309,25018,335627,679548,845033,262372,122870,327157,153555,546832,115237,589984,970643,492034,261470,889345,425320,50048,757214,824759,964476,132615,901618,971225,361955,103344,552426,842026,335937
884836,120886,402305,919131,376368,104896,530208,850089,906965,856267,86758,6497,159376,736225,615838,739874,571979,619882,426628,630479,639376,9036,903471,840107,140362,298590,329485,423521,572647,808263,388783,796423,30901,416288,810027,502122,771319,94919,33397,34444,798531,244299,203875,866028,925493,927948,385780,720144,78645,263171,505000,602733,777877,539922,504721,360455,260241,495860,499372,764585,208559,52544,724555,674233,551373,366655,753294,578305,131490,72398,679548,628235,670309,335627,845033,25018,262372,153555,115237,122870,327157,589984,492034,546832,261470,970643,50048,889345,757214,824759,971225,425320,132615,901618,361955,103344,328990,842026,552426,964476
884836,120886,402305,919131,376368,104896,530208,850089,906965,856267,6497,86758,159376,736225,615838,739874,571979,619882,426628,630479,639376,9036,840107,903471,140362,298590,329485,572647,423521,388783,808263,796423,30901,416288,810027,771319,502122,33397,94919,34444,798531,244299,203875,925493,866028,927948,385780,720144,78645,602733,263171,504721,777877,539922,505000,360455,260241,499372,495860,52544,674233,764585,208559,724555,366655,679548,551373,753294,578305,72398,670309,845033,628235,335627,131490,115237,153555,25018,262372,589984,492034,122870,327157,261470,546832,970643,50048,971225,889345,757214,824759,328990,132615,361955,901618,103344,842026,425320,851268,552426
884836,120886,402305,376368,919131,104896,530208,850089,906965,856267,6497,86758,159376,736225,615838,739874,571979,619882,426628,9036,639376,630479,840107,903471,140362,298590,329485,572647,388783,808263,423521,30901,796423,416288,771319,33397,810027,94919,502122,244299,798531,34444,203875,925493,866028,927948,385780,720144,602733,504721,78645,263171,539922,777877,360455,260241,505000,499372,495860,674233,52544,764585,724555,208559,366655,679548,753294,551373,578305,72398,845033,115237,670309,628235,153555,335627,589984,262372,25018,492034,131490,261470,122870,327157,546832,970643,50048,971225,328990,757214,889345,824759,132615,361955,103344,842026,901618,851268,82320,794439
884836,120886,402305,376368,919131,104896,530208,850089,906965,856267,6497,86758,159376,736225,615838,739874,619882,571979,9036,426628,639376,630479,840107,903471,140362,298590,329485,388783,808263,572647,30901,423521,796423,33397,771319,94919,416288,810027,502122,244299,798531,34444,203875,925493,866028,385780,927948,602733,720144,504721,78645,263171,539922,777877,260241,360455,499372,674233,505000,52544,495860,764585,679548,366655,724555,208559,753294,578305,115237,845033,72398,551373,670309,153555,589984,628235,335627,262372,492034,25018,261470,122870,131490,327157,50048,970643,546832,971225,328990,757214,889345,824759,132615,361955,103344,842026,851268,82320,901618,794439
884836,120886,402305,376368,919131,104896,530208,850089,906965,6497,856267,86758,159376,736225,615838,739874,619882,571979,9036,639376,426628,630479,840107,903471,140362,298590,388783,329485,808263,30901,572647,33397,771319,796423,423521,94919,810027,416288,502122,244299,798531,925493,34444,203875,866028,385780,927948,602733,504721,720144,78645,539922,263171,674233,777877,260241,360455,499372,52544,495860,505000,679548,366655,764585,724555,208559,115237,845033,753294,578305,72398,153555,551373,670309,589984,335627,262372,628235,492034,261470,25018,50048,122870,971225,327157,970643,546832,131490,328990,757214,851268,82320,824759,103344,889345,361955,794439,737109,842026,132615
884836,120886,402305,376368,919131,104896,530208,850089,906965,6497,856267,86758,159376,736225,615838,619882,571979,739874,9036,639376,426628,630479,840107,140362,903471,298590,388783,30901,808263,329485,33397,572647,771319,796423,94919,423521,810027,416288,502122,244299,798531,925493,203875,34444,385780,602733,504721,866028,927948,720144,674233,78645,539922,260241,263171,499372,777877,360455,52544,679548,495860,366655,764585,505000,724555,115237,208559,845033,578305,753294,72398,153555,589984,670309,551373,492034,262372,335627,628235,261470,25018,50048,971225,122870,328990,327157,970643,546832,131490,757214,737109,851268,82320,794439,103344,842026,361955,824759,680820,132615
884836,120886,402305,376368,919131,104896,530208,850089,906965,6497,856267,86758,159376,736225,615838,619882,571979,739874,9036,639376,630479,426628,840107,140362,903471,388783,298590,30901,33397,808263,329485,771319,572647,94919,796423,810027,423521,416288,244299,502122,798531,925493,203875,504721,602733,34444,385780,927948,866028,674233,720144,78645,539922,260241,499372,52544,263171,777877,360455,679548,366655,495860,115237,764585,724555,505000,845033,208559,578305,589984,153555,753294,72398,670309,551373,492034,262372,335627,628235,261470,50048,971225,25018,328990,122870,970643,327157,546832,737109,851268,82320,794439,757214,680820,131490,842026,103344,361955,824759,132615
884836,120886,402305,376368,919131,104896,530208,850089,906965,6497,856267,86758,159376,736225,615838,619882,571979,9036,639376,739874,630479,426628,840107,140362,903471,388783,33397,298590,30901,808263,771319,329485,94919,572647,796423,810027,423521,416288,244299,502122,798531,925493,504721,602733,203875,674233,385780,927948,34444,866028,720144,78645,52544,539922,499372,260241,679548,263171,777877,360455,366655,115237,495860,764585,724555,845033,589984,153555,578305,208559,505000,753294,72398,670309,492034,551373,262372,335627,261470,628235,50048,971225,328990,25018,122870,970643,737109,327157,546832,794439,82320,851268,680820,757214,842026,103344,711483,361955,132615,824759
884836,120886,402305,376368,919131,104896,530208,850089,906965,6497,856267,86758,159376,736225,615838,619882,9036,639376,571979,630479,739874,426628,840107,140362,903471,388783,33397,30901,298590,808263,771319,94919,329485,572647,796423,810027,244299,416288,423521,502122,925493,798531,674233,504721,602733,385780,203875,927948,34444,866028,720144,52544,679548,78645,499372,260241,539922,263171,777877,360455,366655,115237,495860,764585,845033,724555,589984,153555,578305,208559,753294,72398,670309,492034,505000,262372,551373,335627,261470,628235,971225,50048,328990,25018,737109,122870,970643,794439,680820,82320,327157,851268,546832,757214,711483,580003,842026,595951,103344,361955
884836,120886,376368,402305,919131,530208,104896,850089,906965,6497,856267,86758,159376,736225,615838,619882,9036,639376,571979,630479,426628,739874,840107,140362,903471,388783,33397,30901,298590,771319,808263,94919,329485,572647,796423,810027,244299,416288,674233,423521,925493,504721,502122,798531,602733,385780,203875,927948,720144,866028,679548,34444,52544,499372,78645,260241,539922,366655,777877,263171,115237,360455,845033,764585,495860,589984,724555,153555,578305,753294,72398,208559,492034,670309,262372,505000,551373,261470,335627,971225,50048,628235,328990,737109,25018,680820,794439,970643,122870,82320,851268,580003,327157,711483,546832,595951,757214,842026,103344,361955
120886,884836,376368,402305,919131,530208,104896,850089,906965,6497,856267,86758,159376,736225,615838,9036,619882,639376,571979,630479,426628,739874,840107,140362,33397,903471,388783,30901,771319,808263,298590,94919,329485,796423,810027,572647,244299,674233,504721,416288,925493,602733,798531,502122,423521,385780,203875,927948,679548,52544,720144,866028,499372,34444,260241,78645,539922,366655,115237,777877,263171,360455,845033,589984,764585,495860,153555,724555,578305,753294,72398,492034,208559,670309,262372,261470,551373,335627,971225,505000,50048,328990,628235,737109,680820,580003,794439,25018,82320,851268,970643,122870,711483,595951,327157,546832,757214,842026,103344,361955
120886,884836,376368,402305,919131,530208,104896,850089,6497,906965,856267,86758,159376,736225,615838,9036,639376,619882,630479,571979,426628,840107,739874,33397,140362,388783,903471,30901,771319,808263,94919,298590,674233,244299,329485,810027,796423,572647,504721,602733,925493,416288,798531,502122,385780,423521,679548,927948,203875,52544,720144,499372,866028,260241,34444,78645,539922,115237,366655,777877,263171,360455,845033,589984,764585,153555,724555,495860,578305,492034,72398,753294,670309,208559,262372,261470,971225,335627,551373,50048,328990,505000,628235,737109,580003,680820,794439,82320,851268,595951,711483,25018,970643,122870,327157,757214,546832,842026,103344,361955
120886,884836,376368,402305,919131,530208,104896,850089,6497,906965,856267,86758,159376,736225,615838,9036,639376,619882,630479,426628,571979,33397,840107,140362,739874,388783,903471,30901,771319,808263,94919,298590,674233,244299,810027,796423,329485,504721,602733,572647,925493,416288,798531,679548,385780,502122,52544,423521,927948,203875,720144,499372,866028,115237,260241,366655,539922,78645,34444,777877,263171,360455,845033,589984,153555,764585,724555,495860,578305,492034,72398,753294,670309,208559,262372,261470,971225,328990,50048,335627,551373,737109,628235,580003,505000,680820,794439,595951,82320,711483,851268,970643,25018,122870,757214,842026,327157,546832,103344,361955
120886,884836,376368,402305,919131,530208,850089,104896,6497,906965,856267,86758,159376,736225,615838,9036,639376,619882,630479,426628,571979,33397,840107,388783,140362,739874,30901,903471,771319,94919,808263,674233,298590,244299,504721,810027,602733,796423,329485,925493,572647,679548,798531,416288,385780,52544,502122,927948,203875,423521,720144,499372,115237,366655,260241,866028,539922,78645,34444,589984,845033,777877,360455,263171,153555,764585,724555,495860,578305,492034,72398,753294,670309,208559,262372,971225,261470,328990,50048,335627,737109,551373,580003,680820,628235,595951,794439,711483,82320,505000,851268,970643,25018,122870,842026,757214,103344,327157,546832,361955
120886,884836,376368,402305,919131,530208,850089,104896,6497,906965,856267,86758,159376,615838,736225,9036,639376,619882,630479,426628,33397,571979,388783,840107,140362,30901,739874,771319,903471,674233,94919,808263,298590,244299,504721,602733,810027,796423,679548,925493,329485,572647,52544,798531,385780,416288,502122,927948,115237,499372,203875,720144,366655,423521,260241,866028,539922,78645,589984,34444,845033,777877,153555,360455,263171,764585,724555,492034,578305,495860,72398,753294,670309,971225,208559,262372,261470,328990,50048,580003,737109,335627,551373,680820,595951,628235,794439,711483,82320,851268,505000,970643,25018,122870,842026,757214,103344,471399,327157,361955
120886,884836,376368,402305,919131,850089,530208,104896,6497,906965,856267,86758,159376,615838,736225,9036,639376,619882,630479,33397,426628,571979,388783,840107,140362,30901,674233,771319,903471,739874,94919,808263,298590,504721,244299,602733,679548,810027,925493,796423,329485,52544,572647,798531,385780,416288,115237,927948,499372,502122,720144,366655,203875,260241,423521,866028,539922,78645,589984,845033,153555,34444,777877,360455,263171,764585,724555,492034,578305,495860,72398,753294,670309,971225,261470,262372,328990,208559,580003,50048,737109,335627,680820,551373,595951,711483,794439,628235,82320,851268,505000,970643,25018,122870,842026,757214,471399,103344,116511,361955
120886,884836,376368,402305,919131,850089,530208,104896,6497,906965,856267,86758,159376,615838,736225,9036,639376,33397,619882,630479,426628,571979,388783,674233,840107,140362,30901,771319,903471,94919,739874,808263,504721,298590,244299,602733,679548,810027,925493,52544,796423,329485,385780,572647,798531,115237,416288,499372,927948,366655,720144,502122,203875,260241,539922,866028,78645,589984,423521,845033,153555,777877,34444,360455,263171,764585,724555,492034,578305,495860,72398,753294,670309,971225,580003,261470,328990,262372,50048,737109,208559,335627,680820,595951,551373,711483,794439,82320,628235,851268,970643,505000,471399,25018,842026,122870,757214,116511,103344,1974
120886,884836,376368,402305,919131,850089,530208,104896,6497,906965,856267,86758,159376,615838,736225,9036,639376,33397,619882,630479,426628,674233,388783,571979,840107,30901,140362,771319,94919,903471,808263,739874,504721,679548,602733,244299,298590,925493,810027,52544,796423,115237,385780,798531,329485,572647,499372,366655,927948,416288,720144,260241,502122,203875,589984,539922,866028,78645,845033,153555,423521,777877,360455,34444,263171,764585,492034,724555,578305,72398,495860,753294,971225,580003,670309,328990,261470,262372,737109,50048,208559,680820,595951,335627,711483,794439,551373,82320,851268,628235,970643,471399,842026,116511,1974,25018,757214,122870,505000,103344
120886,884836,376368,402305,919131,850089,530208,104896,6497,906965,856267,86758,159376,615838,736225,9036,639376,33397,630479,619882,674233,426628,388783,571979,30901,840107,771319,140362,94919,903471,808263,504721,679548,739874,602733,244299,298590,52544,925493,810027,115237,796423,385780,798531,499372,366655,329485,572647,927948,416288,720144,260241,502122,203875,589984,539922,845033,78645,866028,153555,423521,777877,360455,492034,764585,263171,724555,34444,578305,580003,971225,72398,495860,753294,670309,328990,261470,737109,262372,50048,595951,208559,680820,335627,711483,794439,82320,551373,851268,628235,471399,970643,1974,116511,842026,757214,25018,103344,122870,823315
120886,884836,376368,402305,919131,850089,530208,6497,104896,906965,856267,86758,159376,615838,736225,9036,639376,33397,674233,630479,619882,426628,388783,30901,771319,571979,840107,140362,94919,903471,504721,679548,808263,602733,244299,739874,298590,52544,925493,810027,115237,385780,796423,366655,798531,499372,329485,572647,927948,720144,260241,416288,589984,203875,502122,845033,539922,153555,78645,866028,423521,492034,777877,360455,764585,724555,263171,578305,580003,34444,971225,72398,328990,670309,753294,495860,737109,261470,262372,50048,595951,680820,208559,711483,335627,794439,82320,551373,851268,628235,471399,1974,970643,116511,842026,757214,823315,103344,25018,122870
120886,884836,376368,402305,919131,850089,530208,6497,104896,906965,856267,86758,159376,615838,736225,9036,639376,33397,674233,630479,619882,426628,388783,30901,771319,840107,571979,140362,94919,679548,504721,808263,903471,602733,244299,52544,739874,298590,925493,115237,810027,385780,366655,796423,499372,798531,927948,329485,572647,720144,260241,589984,416288,845033,203875,502122,539922,153555,78645,866028,492034,580003,777877,764585,360455,423521,724555,578305,263171,971225,34444,328990,72398,737109,670309,753294,261470,495860,50048,262372,595951,680820,711483,208559,794439,335627,82320,851268,551373,628235,471399,1974,116511,970643,842026,823315,674045,757214,103344,810518
120886,884836,376368,402305,850089,919131,6497,530208,104896,906965,856267,86758,159376,615838,736225,9036,33397,639376,674233,630479,619882,388783,426628,771319,30901,840107,571979,94919,140362,679548,504721,602733,808263,903471,244299,52544,115237,739874,925493,298590,810027,366655,385780,499372,796423,798531,927948,589984,260241,720144,572647,329485,845033,416288,153555,203875,539922,502122,78645,866028,492034,580003,764585,777877,360455,724555,578305,971225,263171,423521,328990,737109,72398,670309,34444,753294,261470,595951,50048,495860,262372,680820,711483,208559,794439,335627,82320,851268,551373,628235,471399,1974,116511,674045,823315,970643,842026,757214,103344,810518
120886,884836,376368,402305,850089,919131,6497,530208,104896,906965,856267,86758,159376,615838,736225,9036,674233,33397,639376,630479,388783,619882,426628,771319,30901,679548,94919,840107,140362,571979,504721,602733,808263,903471,244299,52544,115237,925493,739874,298590,810027,366655,385780,499372,796423,798531,589984,927948,260241,720144,845033,572647,329485,153555,416288,203875,539922,502122,78645,866028,580003,492034,764585,777877,578305,724555,360455,971225,328990,737109,263171,72398,423521,595951,670309,261470,753294,50048,680820,34444,262372,495860,711483,794439,208559,335627,82320,851268,551373,628235,471399,1974,674045,116511,823315,842026,970643,757214,103344,810518
120886,884836,376368,402305,850089,919131,6497,530208,104896,906965,856267,86758,159376,615838,674233,9036,736225,33397,639376,630479,388783,619882,426628,771319,30901,679548,94919,840107,504721,140362,571979,602733,808263,52544,244299,903471,115237,925493,298590,366655,739874,810027,385780,499372,798531,589984,796423,927948,260241,845033,720144,153555,572647,329485,539922,416288,203875,78645,580003,502122,866028,492034,764585,578305,971225,724555,777877,737109,360455,328990,595951,263171,72398,261470,670309,753294,680820,50048,423521,262372,495860,34444,711483,794439,208559,82320,335627,851268,551373,471399,628235,674045,1974,116511,823315,842026,970643,206791,810518,103344
120886,884836,376368,402305,850089,919131,6497,530208,104896,906965,856267,86758,159376,674233,615838,9036,33397,736225,639376,630479,388783,619882,426628,771319,679548,30901,94919,504721,840107,140362,602733,571979,52544,808263,244299,115237,903471,925493,366655,298590,810027,499372,385780,739874,589984,798531,796423,260241,927948,845033,720144,153555,539922,572647,580003,329485,203875,416288,78645,492034,502122,866028,971225,764585,578305,737109,724555,328990,777877,595951,360455,72398,263171,261470,680820,670309,50048,753294,262372,711483,495860,423521,34444,794439,82320,208559,335627,851268,674045,551373,471399,1974,628235,116511,823315,206791,842026,85001,970643,810518
120886,884836,376368,402305,850089,6497,919131,530208,906965,104896,856267,86758,159376,674233,615838,33397,9036,736225,639376,630479,388783,679548,771319,619882,426628,30901,504721,94919,602733,840107,140362,571979,52544,115237,808263,244299,903471,925493,366655,499372,298590,385780,810027,589984,739874,798531,845033,260241,796423,927948,720144,153555,580003,539922,572647,203875,329485,416288,78645,492034,502122,866028,971225,737109,578305,328990,764585,724555,595951,777877,360455,680820,261470,72398,670309,50048,263171,753294,711483,262372,495860,794439,423521,34444,82320,208559,335627,851268,674045,471399,551373,1974,628235,116511,823315,206791,85001,842026,554602,970643
120886,884836,376368,402305,850089,6497,919131,530208,906965,86758,856267,104896,159376,674233,615838,33397,9036,736225,639376,388783,630479,679548,771319,426628,619882,30901,504721,94919,602733,840107,140362,52544,115237,571979,808263,244299,903471,925493,366655,499372,385780,298590,810027,589984,739874,845033,798531,260241,927948,153555,796423,720144,580003,539922,203875,492034,572647,78645,416288,329485,502122,866028,971225,737109,328990,595951,578305,764585,724555,777877,680820,360455,261470,72398,50048,670309,711483,263171,753294,262372,495860,794439,34444,423521,82320,851268,208559,335627,674045,471399,1974,551373,206791,628235,823315,116511,85001,554602,842026,426662
120886,884836,376368,402305,850089,6497,919131,530208,906965,86758,856267,104896,674233,159376,33397,615838,9036,639376,736225,679548,388783,630479,771319,30901,426628,504721,619882,94919,602733,52544,840107,115237,140362,571979,244299,808263,903471,366655,925493,499372,385780,589984,810027,298590,845033,260241,798531,739874,153555,927948,580003,720144,796423,539922,492034,203875,78645,572647,416288,329485,737109,971225,595951,866028,328990,502122,578305,764585,724555,680820,777877,261470,360455,72398,50048,711483,670309,753294,263171,262372,794439,495860,82320,674045,34444,851268,423521,208559,335627,471399,1974,206791,551373,823315,85001,116511,628235,554602,842026,426662
120886,884836,376368,402305,850089,6497,919131,530208,674233,906965,86758,856267,104896,159376,33397,615838,9036,639376,736225,679548,388783,630479,771319,30901,504721,426628,619882,94919,602733,52544,115237,840107,140362,244299,808263,571979,366655,925493,903471,499372,589984,385780,810027,298590,845033,580003,153555,260241,798531,927948,739874,720144,796423,539922,492034,78645,203875,737109,971225,595951,572647,416288,328990,329485,866028,578305,502122,764585,724555,680820,261470,777877,50048,711483,72398,360455,670309,753294,262372,263171,794439,495860,674045,82320,851268,335627,34444,208559,423521,471399,1974,206791,85001,823315,551373,116511,554602,628235,426662,842026
120886,884836,376368,402305,850089,6497,674233,919131,530208,906965,86758,856267,159376,104896,33397,615838,9036,639376,736225,679548,388783,630479,771319,504721,30901,426628,94919,602733,619882,52544,115237,840107,140362,244299,808263,571979,366655,925493,903471,499372,589984,385780,845033,810027,298590,580003,153555,260241,798531,927948,720144,739874,796423,492034,539922,78645,737109,203875,595951,971225,328990,572647,416288,578305,329485,866028,680820,764585,724555,502122,261470,711483,50048,72398,777877,670309,360455,753294,262372,263171,794439,674045,495860,82320,851268,335627,208559,34444,206791,471399,1974,423521,85001,823315,554602,116511,551373,628235,426662,39652
120886,884836,376368,402305,850089,6497,674233,919131,530208,86758,906965,856267,159376,33397,104896,615838,9036,639376,736225,679548,388783,630479,771319,504721,30901,602733,426628,94919,619882,115237,52544,840107,140362,244299,808263,366655,571979,925493,903471,499372,589984,385780,845033,580003,810027,153555,298590,260241,798531,927948,720144,796423,739874,492034,539922,737109,595951,971225,78645,203875,328990,578305,680820,416288,572647,866028,764585,724555,329485,711483,502122,261470,50048,72398,670309,777877,360455,753294,262372,674045,794439,263171,82320,495860,851268,206791,335627,208559,471399,1974,85001,34444,423521,554602,823315,116511,551373,628235,426662,39652
120886,884836,376368,402305,674233,850089,6497,919131,530208,86758,856267,906965,159376,33397,104896,9036,615838,639376,679548,736225,388783,504721,771319,630479,30901,602733,94919,115237,426628,52544,619882,840107,140362,244299,808263,366655,571979,925493,589984,499372,903471,385780,580003,845033,153555,810027,260241,298590,798531,927948,720144,492034,796423,539922,739874,595951,737109,971225,328990,78645,203875,680820,578305,764585,416288,572647,724555,711483,866028,261470,50048,329485,502122,72398,670309,777877,360455,674045,753294,262372,794439,263171,82320,495860,851268,206791,335627,85001,471399,1974,208559,554602,34444,823315,116511,423521,551373,426662,39652,628235
120886,884836,376368,402305,674233,850089,6497,919131,33397,530208,159376,86758,856267,906965,104896,9036,615838,679548,639376,736225,388783,504721,771319,630479,30901,602733,115237,94919,52544,426628,619882,840107,244299,140362,366655,808263,925493,571979,589984,499372,903471,580003,385780,845033,153555,810027,260241,298590,927948,798531,720144,492034,796423,595951,737109,539922,971225,739874,328990,78645,680820,203875,578305,711483,764585,724555,416288,261470,866028,50048,572647,674045,72398,329485,670309,502122,777877,360455,753294,262372,794439,263171,82320,206791,851268,495860,85001,335627,1974,471399,554602,208559,823315,34444,116511,39652,423521,426662,551373,628235
120886,884836,376368,402305,674233,6497,850089,33397,919131,159376,86758,856267,530208,906965,9036,104896,615838,679548,639376,736225,388783,504721,771319,630479,602733,30901,115237,52544,94919,426628,619882,244299,840107,366655,140362,808263,925493,589984,571979,499372,580003,903471,385780,845033,153555,260241,810027,298590,927948,798531,720144,492034,595951,737109,539922,796423,971225,328990,78645,680820,739874,203875,578305,711483,764585,724555,261470,50048,674045,866028,416288,572647,72398,670309,329485,502122,262372,777877,753294,794439,360455,82320,206791,263171,851268,85001,495860,1974,471399,554602,335627,208559,823315,116511,34444,39652,426662,551373,423521,628235
120886,884836,376368,402305,674233,6497,850089,33397,159376,919131,86758,856267,906965,530208,9036,679548,615838,104896,639376,736225,388783,504721,771319,630479,115237,602733,30901,52544,94919,426628,619882,244299,366655,840107,140362,808263,589984,925493,499372,580003,571979,845033,385780,903471,153555,260241,810027,927948,298590,798531,720144,492034,595951,737109,539922,971225,328990,796423,680820,78645,739874,578305,711483,203875,674045,764585,724555,261470,50048,866028,416288,72398,670309,572647,794439,262372,753294,502122,777877,329485,360455,206791,82320,263171,85001,851268,495860,554602,1974,471399,335627,823315,208559,39652,116511,426662,34444,551373,753483,670135
120886,884836,376368,674233,402305,6497,850089,33397,159376,919131,86758,856267,906965,530208,679548,9036,615838,104896,639376,736225,504721,388783,771319,115237,602733,630479,52544,30901,94919,426628,619882,366655,244299,840107,140362,808263,589984,925493,580003,499372,571979,845033,385780,153555,903471,260241,810027,927948,720144,798531,492034,595951,298590,737109,971225,539922,328990,796423,680820,78645,711483,674045,578305,203875,739874,261470,764585,50048,724555,866028,72398,670309,416288,794439,262372,572647,753294,206791,777877,360455,502122,329485,82320,85001,263171,851268,554602,1974,495860,471399,335627,823315,208559,39652,116511,426662,753483,34444,670135,996712
120886,884836,376368,674233,402305,6497,850089,33397,159376,679548,86758,856267,919131,906965,9036,530208,615838,639376,104896,504721,388783,736225,115237,771319,602733,52544,630479,30901,94919,426628,619882,366655,244299,840107,140362,589984,808263,580003,925493,499372,845033,571979,385780,153555,903471,260241,810027,595951,927948,492034,720144,737109,798531,298590,971225,328990,539922,680820,796423,674045,711483,78645,578305,203875,261470,50048,764585,724555,739874,72398,670309,866028,794439,206791,262372,416288,753294,572647,777877,360455,85001,502122,82320,329485,851268,554602,263171,1974,471399,495860,335627,823315,39652,208559,116511,426662,753483,996712,670135,915812
120886,884836,376368,674233,402305,6497,33397,850089,679548,159376,86758,9036,856267,919131,906965,530208,615838,639376,104896,504721,388783,736225,115237,771319,602733,52544,30901,630479,94919,426628,619882,366655,244299,589984,840107,580003,140362,808263,925493,499372,845033,153555,385780,571979,903471,260241,810027,595951,492034,737109,927948,720144,798531,298590,971225,328990,539922,680820,674045,711483,796423,78645,578305,50048,261470,203875,764585,724555,206791,739874,72398,670309,794439,866028,262372,753294,85001,416288,777877,82320,360455,572647,502122,554602,329485,851268,263171,1974,471399,495860,823315,39652,335627,208559,426662,116511,996712,753483,670135,915812
