777156,84506,73585,334278,407204,838144,711771,306194,879189,11779,175030,233795,931760,872715,659571,542363,220378,940430,574386,721525,277592,947927,722303,374924,861092,612123,829673,369177,424934,150416,822654,457463,595537,396881,364047,999541,823368,982947,307235,756535,723479,653008,707903,170473,416869,258755,565928,535796,174309,713759,620714,991067,898737,222478,409983,956609,366893,197552,478734,489482,109791,565939,535619,855042,633476,501033,359901,223322,349614,328362,53321,693541,643401,699227,25019,535447,57033,901591,148103,270796,636623,26543,581312,26082,766051,191328,681559,32908,729515,993716,7791,902888,369847,535171,694372,291617,229421,166358,566671,685214
277724,919869,926242,280700,594015,633529,282558,111753,573720,977150,528161,770110,337671,586677,775039,946775,788761,614295,874464,388346,946857,364517,142497,82342,609942,756911,600722,280181,175658,853348,970056,552776,725768,984445,967458,696090,893807,780743,974051,633496,775613,702028,417849,926113,710725,960763,600241,505701,961243,112218,692109,529853,477879,632325,699884,665026,953949,568568,930872,715965,381072,854947,730293,715825,969710,457826,376631,626214,288132,353717,175217,697782,378299,680768,738630,340196,164855,462706,172980,960724,951333,8746,194780,483421,840421,146512,774798,410700,108747,259078,241719,942332,261452,387442,703201,415470,27989,693313,566383,476438
752530,393496,752565,203564,866263,752569,220806,752560,183152,448119,500138,752526,340041,752554,117794,203219,473295,687068,242690,667202,976088,29759,37014,461405,599260,337798,724979,453438,82614,321979,758613,752534,853903,268670,277764,395348,950290,453375,616581,598219,566092,880284,928787,137069,288360,275173,702291,246692,265418,130765,527478,627360,590938,711823,495287,850248,829326,726031,106672,169140,825362,17375,670082,455688,314400,832535,433759,853874,507429,501903,292446,477715,111206,233221,910654,545853,148391,286692,397503,141492,799704,504755,296692,929549,39406,789989,61187,247446,233765,752716,734866,772612,55219,326204,837150,528075,196485,378731,752550,240900
429876,353862,441096,299467,909915,978356,440971,25658,628319,385320,841554,64001,978205,243893,100087,502859,287714,278087,761723,839514,686816,175245,972104,336704,847251,372518,501771,601786,247566,612821,663712,401529,463898,168332,842227,419920,670970,700891,678076,981704,994406,315163,398190,71952,317873,577538,879435,780227,704684,769951,474698,363251,967686,488706,131263,412293,100784,686676,136205,70862,740474,75051,463370,353981,500962,419501,978179,234933,982428,410098,802050,308169,79392,783555,961808,84108,250009,629041,110514,852962,700924,678138,188612,47911,755339,411377,366959,759664,278128,663574,488709,836100,431983,243653,29655,611819,516124,554786,340365,902220
326943,619816,386982,647891,681679,29562,720075,350362,833035,404617,703886,106340,599517,42760,348521,223563,16537,769230,974352,98038,726471,609067,866802,582896,395982,491052,380606,610548,930939,840844,399986,958796,631452,735681,666640,450961,494464,889854,326753,842295,386978,814291,223324,30252,991145,395024,491223,638861,569432,21615,573242,28008,747966,32898,664062,959602,862800,778985,535726,482207,316391,18868,278531,353392,215610,958300,17401,192353,785862,898782,514114,534594,272390,223300,645639,548085,236224,33399,909850,717462,782252,983768,813240,833312,232705,952991,637658,640778,687474,434392,24457,426677,573251,573252,907854,160362,223428,67712,634546,632481
677280,246825,932186,251729,501208,999663,327731,163458,175917,514957,172983,771008,550458,641701,139854,504990,250484,867702,949986,279781,362401,415010,196279,54379,3947,629416,174257,465305,46242,730968,490040,693135,431440,847318,730543,544551,227149,697542,1094,1884,576860,189466,603711,835115,408031,889258,116706,53156,832492,580817,183065,258288,203819,473853,229949,248247,157733,458307,83681,278825,112667,121025,813339,698016,611435,697813,177365,22839,368561,610100,353490,391942,270018,196016,327603,353661,484907,735899,986796,683393,17920,998441,872364,524921,606744,826138,412207,900230,35414,863906,420836,44861,534556,145136,836284,617030,827627,978656,265364,267910
599289,175742,226051,559925,647507,713579,879332,641829,369428,703762,50180,652574,595108,157492,842491,326839,597776,284772,714889,606341,420378,904482,588146,739160,615300,479599,837368,808919,681683,4482,517418,439570,269496,119976,521729,594718,333666,124524,243569,511147,370956,338397,235990,837715,89811,5548,692435,179925,817973,816745,672144,101360,337861,191800,339079,406185,499605,343121,554189,224756,750957,887857,707634,341507,114852,268912,748741,429788,826902,563551,107759,144581,928438,190277,309478,752878,470071,948658,736271,597832,94359,664659,688057,225234,713779,305002,614289,786840,189126,762174,750271,451662,359849,678785,405295,189942,153115,148701,858373,303343
154166,539408,112533,713965,957840,607977,292541,355210,769477,710996,140110,62516,947404,703109,641252,778029,641248,139408,683765,821211,320947,410393,341204,951465,787870,708716,140155,450355,83393,124624,328419,483721,631707,179952,931158,972190,348064,618336,742821,45952,169425,854582,122364,333780,445180,317597,820988,811021,836664,536760,973788,825712,343282,517442,702904,122212,720071,505072,894417,638056,8029,94555,738201,532721,626142,765514,103107,274272,843313,404141,947358,238236,894691,26824,203598,39283,448404,1027,495020,482943,572945,513431,910215,621893,327879,883193,268640,528629,455732,333796,854485,125619,886822,71337,135866,173676,919589,242948,19331,243987
23709,246338,15222,833861,602277,316959,232284,579553,798392,681172,438816,412876,262368,696666,487159,442878,318594,122557,884548,541822,328296,105166,554679,657377,138309,865837,413436,15644,917102,753757,719630,991154,915838,798354,540601,262200,93928,437161,104840,403465,978606,364924,400492,368891,851974,338300,289320,554202,823754,189249,825286,808800,306646,100202,438560,479269,108902,95083,405419,198978,606700,334480,145919,156023,643797,90606,488049,87991,759710,136367,542033,10616,931495,416079,136821,736413,902146,457822,52790,8126,87948,924438,228284,724535,569493,883204,286210,863726,345809,309037,921932,225217,634175,881520,543724,223166,156089,538216,386106,337277
706070,860899,534813,59652,28066,102029,716893,910880,451868,254789,24177,663868,7064,641094,311124,393171,929813,502248,68566,893302,825602,806606,668555,21789,576656,485331,859454,885595,492327,777501,885928,28071,60647,833122,985256,6823,897260,217210,143047,523596,195176,842667,84461,197284,940597,169420,998394,782075,736861,778035,193426,247632,243448,943668,734959,210353,282406,752041,642884,23176,532084,233436,342987,426327,327317,892584,681456,917911,45758,378352,794421,145778,273291,6815,945715,363183,866152,738727,904295,382408,695720,732687,492573,388029,28059,910058,86545,860999,165369,421407,871617,155944,399021,559237,194812,518965,522045,401039,556689,626673
77076,31394,381270,38847,780202,74266,987208,249888,934982,719281,729032,420766,699997,569233,174256,769680,194261,630968,469448,332986,109281,98103,210586,612299,193081,202926,714394,212464,829092,769750,173640,768450,342215,212544,194507,972090,680334,375389,744944,333217,226733,792915,548728,511934,477463,211405,973084,185473,839691,67175,977258,864461,102032,457433,682924,457367,814095,488909,506665,255318,56597,79366,257463,477939,249392,816536,872813,267655,255219,46987,18559,745816,256450,991670,814590,919721,719231,317864,991525,60447,101617,621456,721449,388109,319521,403539,333492,219795,908787,405979,837822,569374,299837,819332,948978,393357,665151,544598,770444,113818
803299,608880,794343,107504,592495,649747,447559,453011,481736,449754,541820,360375,61478,968210,534026,638280,88715,352060,922784,577301,474014,339698,276230,78493,191108,539313,766669,84026,243468,778683,169130,815791,113620,388175,944260,76589,144854,872705,777742,905365,355746,192117,555361,282518,318516,565699,455651,988413,755769,386761,335732,850436,785695,412232,309191,779231,646892,591754,825854,792557,618358,237251,990179,608885,684778,608687,833302,817092,208113,176871,393084,235300,930889,21754,836135,580235,591702,10767,406195,234753,608768,254599,944196,194084,649847,831639,164328,945386,38622,508883,557933,405690,531445,371098,921154,891872,439003,52077,635578,232089
789929,849880,790356,413992,610151,869100,861773,13330,769715,797257,297109,574037,924599,718557,926200,29938,870696,483957,325891,305951,114331,377594,273411,986496,245164,542362,646297,566045,43902,109308,111629,477875,195858,39321,361409,902551,847478,861700,158232,266362,37151,970367,32082,240750,410780,308260,985432,480100,220326,229850,175250,94709,580519,861753,634470,867330,981151,393021,361472,117663,490265,115386,991189,298684,670031,642947,642390,428305,861839,326844,251529,407601,984696,665673,940339,653556,287987,216629,493455,983638,166820,175940,732151,681221,362086,268092,812133,677348,653722,735889,253669,620897,536896,172940,782538,714976,503905,419143,796047,549347
603429,706731,956475,778039,734316,527805,282330,406288,74379,493644,892090,779552,575670,536293,640316,805495,173139,913730,706721,90,509986,468797,14999,921710,61791,621936,621589,794525,530452,575891,392957,11976,185042,593564,338191,854429,970852,174022,991382,886133,173162,398790,621943,242037,937083,990892,357191,888111,361373,913156,568130,906219,14419,162109,115646,891949,862843,163244,262972,571021,55786,48658,747419,259435,544885,575882,166072,633715,575970,925454,322899,65292,162083,909114,796191,728003,32556,778764,892907,778512,489845,361483,977595,575713,101148,420919,167414,983035,345923,67334,568040,283456,575817,654918,890532,614007,889933,56649,613992,984784
312140,625859,659146,956711,351251,896819,847811,51253,205930,896813,999126,187248,181596,862619,302535,422286,699277,695057,194689,757272,454349,27930,527803,451345,938495,960652,298603,990065,280654,811038,603134,469801,645414,956865,908770,896573,266238,996406,909245,849316,616124,322092,575499,603298,306661,823976,235941,464517,782421,991943,390859,544487,357049,524728,335712,806297,44203,13175,45271,267684,845285,774065,660507,551371,883389,304400,972483,55456,629793,874813,696719,864073,552321,60195,188627,514959,874982,938987,659230,836809,982902,530035,742239,197980,79372,904145,501898,22457,893202,696213,597004,121653,524727,786538,338111,759118,194960,217114,67264,132611
609154,657039,653626,933497,133413,194719,303969,181140,329866,687609,292044,175298,151997,704440,644920,786015,871946,292041,291702,491577,302617,244729,852029,329894,780103,309861,174336,272023,711132,412709,781506,316806,403384,915753,742882,230555,179555,913950,317318,33320,266454,991773,971923,958522,116897,559812,317441,489511,982689,963946,88455,2121,808582,400086,5490,789053,303342,650018,28936,301701,563850,821410,523403,88511,562619,887288,719043,373581,184215,882481,553104,81926,329901,598050,536547,914725,88677,787272,969392,372102,624023,69056,174562,24076,130395,985048,841320,523933,751483,200989,353146,340981,325083,424446,820908,624691,565220,475757,831253,402337
747550,56135,739418,603047,780913,398889,969052,139505,66729,802382,532529,305555,671757,842095,68394,121837,961038,719460,573813,884477,448111,719622,588405,522718,56168,376537,148245,823250,388269,926102,604451,746190,969218,684821,937783,619121,548778,975897,645532,283605,762195,672017,310604,995626,44261,142786,734682,827876,564951,403738,622279,909077,293733,432057,930114,119603,181656,210935,437742,221451,697564,593465,969049,663563,518784,487547,2065,457351,104567,50399,940236,130613,413912,51677,656697,687419,176537,739406,115763,610476,192096,839440,916509,818534,203639,604058,506290,870120,267491,617832,969056,352728,249957,542567,688370,837178,476004,522871,573705,462947
458862,434761,96819,52510,578446,440768,458048,731936,503992,109996,229267,352238,358529,343843,853632,830397,290632,172523,263679,402008,842053,578885,967812,995478,864912,448438,815461,943139,427923,927645,980406,831732,692865,678135,184804,605732,57785,52090,360035,425355,449811,824786,995462,841945,121352,588276,945061,9206,490556,681533,427382,846010,759049,480473,192204,442473,454286,648238,429240,102425,161524,528993,950697,240438,135323,370879,964700,986663,627665,149218,426522,128748,565755,824787,964728,807990,578608,482513,765551,850367,811402,677617,144288,883156,455116,23129,151725,864276,452756,576900,481508,337020,790416,692646,674762,193703,233176,310453,724001,555185
182654,444848,119299,559727,454635,760996,189010,643176,710613,872287,340370,595061,836600,737059,90524,264644,643001,623941,586882,588289,258718,440856,811947,243334,108608,348592,282480,309984,40070,976845,215985,770330,164104,524455,586186,2320,115195,35944,229833,973096,169095,143843,816934,406643,439818,390134,189544,271326,734531,104157,94655,627570,860265,56586,575341,17632,576834,775488,651498,200000,390042,872814,563791,595404,646623,127801,471035,314252,907257,473445,429103,491225,417036,335641,164179,411660,642960,538662,430079,815262,764061,80003,689729,875405,404431,594460,123831,217319,226068,55286,647425,878952,13192,703523,730689,837773,41577,436010,781335,790234
399664,283058,532993,974337,857580,3773,351259,799493,366687,626460,323943,172838,861917,116380,260696,577987,323913,170027,222067,778932,828729,960120,326662,375003,678724,396828,558712,119194,317582,811918,811566,803221,223772,913523,53440,256275,18919,172893,741768,461217,172905,959256,391281,535895,776322,885562,179946,723474,672909,397220,962875,951565,602526,680790,519997,113092,577998,700672,977848,957238,410718,759313,73807,139874,948755,902300,231348,698008,535776,375139,288576,406268,579533,520723,342599,307050,892887,776099,509754,236483,420391,999464,263780,905562,226863,959332,633714,636,53079,15293,328727,454160,596182,875222,412700,520013,452496,90795,397513,632664
516367,171105,704325,236467,414749,143034,128392,968145,171729,907669,528787,604471,472051,562142,815563,233232,751768,214731,670236,211983,67074,358870,92347,600287,600627,561934,421,256287,498275,720614,485271,411415,849141,663501,690425,887687,827929,815164,257762,171162,330171,344582,452393,114989,772620,290296,422296,761882,470971,820586,453307,344810,25372,821231,770470,768170,485266,704493,733703,226332,42310,962524,589046,890875,607435,669218,452017,210680,962086,415642,618522,605435,92722,900346,344243,869566,440231,610623,135791,348900,223966,937586,771341,60241,503880,604230,528683,567185,40109,604226,10351,400819,425490,743848,214821,976431,31048,261870,467665,276785
60950,275226,457598,632945,801120,749114,105200,541464,358447,260410,326459,995131,883769,454483,525141,123672,549589,808648,921317,610048,715003,387988,119648,300339,516224,107658,606460,567126,893440,275474,913982,713661,61832,34987,895183,194156,468066,346473,4226,335882,15795,875598,169904,713006,58023,189064,956019,749413,918553,674791,363733,194594,522710,419228,160001,692178,347056,241240,6866,155463,334736,597526,576450,524556,833648,239043,253482,358349,918185,232684,682104,591023,863435,990428,898974,812814,283844,449632,982202,308157,408149,735612,224969,612990,197581,127985,57701,158658,178233,23034,204486,562775,951539,166906,687512,463833,374146,481774,449932,57367
846025,149487,460027,730650,902317,816997,161269,485789,40029,119934,108229,821570,653702,668168,841634,821855,867737,993274,281646,110965,568087,822558,965752,699225,140948,499322,600644,309473,53871,187154,297437,297328,926724,978890,579732,343764,361306,87614,229632,906858,269714,180482,524996,705433,309211,911332,392178,55103,111794,366608,929657,827318,92169,586832,210444,464646,59364,137297,578748,624646,383846,31868,355322,947729,860708,811192,592337,655695,15543,321717,779405,60681,681799,271173,52786,278312,450254,602664,464551,164519,815199,393271,122738,558365,200694,429056,427421,13843,777697,17791,238710,234884,980407,524489,322426,229701,145173,217388,836493,450629
189898,562083,20337,594887,913539,721238,20263,412434,613006,463561,415289,740064,643227,20270,226815,74009,563212,76591,742674,639966,412592,325182,610401,402758,278134,626853,412332,524925,249987,412674,326014,166471,129319,812351,737673,757338,133749,389246,639700,596354,167615,535742,524211,23888,299643,324075,376581,737961,961433,316854,936234,753180,19863,395073,20309,572746,771239,856401,543113,843239,823789,463777,843468,761527,161379,20268,284259,546047,698125,292151,568639,89555,362710,631050,232391,997576,283309,284283,513547,252949,249994,692022,757663,232242,266538,83111,168566,201875,879357,63039,629186,849157,926137,87337,347235,906590,996246,132205,831982,268754
869243,236316,802307,764906,189172,273726,643162,121087,687703,309329,423703,471807,283422,109229,65195,948552,213970,77355,432022,550282,643677,593241,817513,366671,424615,2697,999759,202291,931524,218195,442060,962229,553373,821485,98470,396275,952547,222327,76043,79331,940276,308436,566088,721059,663080,897495,514265,319946,137517,187603,464255,130494,310307,985029,852136,297826,168875,878191,713541,587772,651307,19889,354920,811487,709017,639291,284060,98337,643329,344371,715641,101909,618921,183932,940620,823929,200590,745460,66436,796278,161572,265542,636883,730085,135484,613408,375684,169897,637335,305409,645069,805155,381374,620515,799980,666064,552668,962301,654201,960169
858094,482707,652469,338483,508687,697227,41333,229419,992879,402637,620536,684298,608756,208537,342880,662159,34570,354596,625133,677516,218360,923485,37016,64549,799314,703559,406969,940318,181587,301099,809948,115364,955746,412747,832508,391495,208530,248341,624854,844276,478474,811413,431037,721259,672210,36439,717037,701105,487753,535241,178871,99681,713989,277266,16101,178905,976816,905532,773146,208480,521035,424840,783871,342400,902678,456849,206587,202511,847229,706896,354885,711524,24061,812665,385348,803835,966163,831805,366941,124388,836510,710300,187258,76541,334487,686308,250140,918065,707420,922377,535257,960006,504576,864172,342059,551476,661565,225126,32800,442849
331157,331165,330645,330625,618118,618058,618039,330656,618075,330628,618059,618104,618108,618106,331172,618037,618092,618024,618016,618077,617998,331136,618103,618026,330653,618094,331145,330630,618116,331134,618001,618027,331130,618107,331151,618002,618057,618040,618078,331147,331161,618098,618051,330657,330644,618115,618023,618000,618100,330668,618119,618003,618019,618117,331133,330629,618018,618072,618032,618088,618105,618112,618025,618080,618114,618052,330642,618089,618109,618120,618095,618038,331191,618067,330669,618034,617999,77999,618093,618129,331131,618071,618128,893597,618004,618017,618086,331146,618022,331162,331152,331153,618005,893599,618087,618054,331173,618073,330641,330652
396934,914268,299395,904897,988297,36966,795641,360257,745844,205522,120231,792100,762070,749092,258243,368545,738801,549229,232592,117313,926398,303496,929790,896424,706284,197881,202535,84308,547093,371910,224893,299791,808582,745522,84231,177550,100480,516278,354156,546849,705258,760830,666976,616399,554158,847108,918766,40497,157931,775460,18623,632031,797263,952857,604260,243194,555879,84628,351588,6494,985445,763460,991773,433672,629902,757113,274123,6662,124715,479512,45985,303628,471545,720620,987234,332793,354257,116231,298646,238731,81931,274688,46208,814677,257797,317216,356951,538388,175034,517415,139199,260469,404926,256676,288753,161346,728879,195096,178472,32647
155045,591273,921209,529813,399741,46981,890621,779618,718654,244494,515839,645465,848968,900748,46924,913865,620288,211978,745216,304372,953039,836360,711363,436057,813360,212916,554526,864112,902903,33038,114967,933294,765976,277276,537323,635353,818842,806787,319639,46910,537214,630546,364985,57189,721112,522457,754922,600704,511646,73299,804576,202641,562139,721381,193863,361687,128948,983114,550770,630943,117960,797858,46299,646063,461049,319186,389465,201117,947708,99581,122014,650644,481762,850121,348622,589045,64750,530196,733657,553467,385884,928104,126172,242600,119117,652451,836124,564391,608337,277015,725985,564541,121816,868349,987675,207322,129094,523142,728666,317263
275553,491556,420448,413602,90188,646958,919052,444190,499080,528636,464882,447464,212960,826962,790995,420480,655197,183672,85128,675939,599602,984938,686561,807776,935571,306406,833052,828776,931930,638377,247417,11734,60295,633132,956604,702203,158072,252373,844310,230217,413919,228154,653121,810725,914962,873126,832899,700738,287173,949780,452445,287010,240577,147487,182493,880074,368966,615692,126415,333170,678018,254255,286902,387802,369549,464617,663906,136900,790099,642549,278211,305326,760798,833753,86890,744761,653148,460367,290514,227897,28541,925681,227896,213324,729915,831583,478917,382102,93486,577039,958376,771645,372447,797801,21782,635581,401123,558433,955559,464602
434724,677551,676564,202534,775825,359563,202505,819241,114079,151830,977595,775976,878103,429991,266478,323180,202312,215019,450643,653190,955436,586665,798760,588638,398790,878596,574740,563491,820393,785303,906953,621630,24276,874135,463193,293445,2787,284383,17232,309036,173139,553933,932576,292366,260650,809715,383738,450396,775837,354398,865573,545709,409715,157015,519552,227477,824408,275780,21370,420917,15448,60115,181909,241666,506085,481563,531649,843469,527205,816011,290225,411472,364945,925835,269050,817021,251300,171200,488233,320359,14766,176587,878237,276985,289340,204469,561209,942912,163260,930966,198493,892841,402360,881707,46446,384524,84811,785965,959565,325548
409952,352548,45111,588236,4052,66089,693762,567633,857233,366518,471550,405035,507062,454038,928131,518054,838453,51853,464690,420227,289281,826545,356362,561305,488172,870731,890743,576295,197701,193663,143158,548797,199640,445790,181845,53695,619396,278885,141767,190148,424748,290176,835662,567970,816037,885860,806415,112055,853457,131283,389657,350185,325852,519365,410173,774131,918903,724656,576143,519470,844301,107280,512712,518304,824584,122362,953328,164676,455033,459209,344395,740744,130960,945108,366190,269548,445679,566490,586272,809055,678166,419967,253018,388919,919792,957886,334669,628041,628820,17773,745760,806497,288888,430376,559656,381601,411194,184270,331693,634234
998850,251337,562357,22818,657165,164216,505885,649982,895707,665416,370615,88053,313147,123482,875569,485074,948361,429036,601978,282400,439979,18418,851638,625014,222304,993528,720482,520362,710904,431143,977471,796587,488996,134133,906092,595901,19566,42751,371481,554835,541932,457243,674431,38239,3770,973396,452061,192763,772169,609894,458355,486267,401626,397682,323382,183024,652402,143770,149303,325561,94859,6169,962780,523462,944640,179315,305646,985318,349960,266171,799364,561790,519535,534804,466471,338277,674001,282604,851098,693349,714739,635399,19084,123336,194075,689101,913881,446769,400862,449140,526205,635749,893444,704468,22505,118362,539273,509785,104142,806687
571390,590089,238521,84720,738276,413999,103245,848365,635695,430190,178409,649686,524952,994782,956569,115749,565473,601189,977571,745912,346376,338824,426557,122468,204535,400412,310401,743436,947761,28028,63826,982876,285788,675755,352725,907411,651806,63842,923842,587747,570951,681627,916449,679584,633331,505997,959866,794632,92541,12553,321058,186426,22029,856071,63864,913603,418001,897526,405837,396891,128075,983247,462157,278597,967738,265828,513673,902218,339604,665994,483751,826279,220742,223352,433102,987391,256799,190375,488767,544099,417985,522061,328224,424577,196590,589736,881936,537401,677892,827846,168685,539176,870781,171096,637826,882546,940713,38589,95694,813448
636955,779586,567574,636569,478037,993578,636260,636898,621220,636946,628861,943818,623655,636911,741587,37238,636255,63456,636809,636494,636836,247543,892344,628927,432762,628789,55645,56721,358133,67629,576298,568059,403531,636453,995870,108225,741768,37244,350641,741448,426883,734170,568112,181774,397513,149603,118951,628925,18235,181995,636971,42261,74367,919804,708503,527441,637009,184979,321549,889960,792878,636856,636435,516920,636903,169323,290578,500266,628808,403300,78062,628923,741450,823537,880717,403530,738820,636262,807196,162453,636263,636450,959256,734097,235823,432452,567653,654946,628610,140555,741738,636902,403049,240987,509710,636797,872050,335746,109483,892477
685330,248197,853929,212393,456406,920633,995356,806520,212407,250895,170119,810600,763887,836652,317839,103371,221904,244180,888637,716501,253140,753179,895328,991865,795227,925109,221898,882548,164806,486779,400993,862830,331367,375450,557471,558529,331372,334713,363723,19580,452509,257321,862887,470201,876869,373049,522630,72390,516449,171663,469893,264593,537940,139802,629548,700436,371428,970280,230573,180577,115562,642708,990060,289064,65756,331371,61499,139592,247334,290401,908144,217358,474982,604353,904586,151068,984453,562226,545143,234461,616662,166142,127726,805102,150939,74091,460124,79730,43520,49043,115868,570312,423733,334241,782030,401241,452554,209647,965153,49042
848652,890421,902658,902681,849740,890416,902663,344535,139599,30938,139404,891399,902661,647189,377699,963450,890433,890423,849744,167165,30339,6686,746958,249108,838969,896739,527686,792355,387407,39625,340129,849759,636927,902684,697316,376249,767027,950651,67190,890435,484914,340118,485258,340116,636506,297900,324119,636886,319272,690101,869441,111729,211703,285428,532491,944952,880189,89550,340125,387624,694610,838967,495877,942086,635488,161864,636984,904608,808577,676653,636937,692602,782695,849762,942432,862276,121154,9720,245414,683571,32191,340114,511943,796285,808116,924906,900158,377614,366993,60288,980582,383135,322537,760870,188467,557005,567015,918850,19382,831048
22392,648598,674710,892697,137909,578428,401061,620188,61832,684471,917864,925793,296778,935585,577120,264918,769225,141013,148393,80053,367808,808326,465155,270444,386221,917631,119830,613860,649032,756019,497415,682627,405917,10627,232732,327108,232074,919323,95730,824840,358540,95894,384472,466457,694436,569742,314695,725241,311895,642111,939932,197409,870666,517957,540830,641375,228821,438045,784763,651875,517300,429131,910062,122622,358519,329370,966586,832272,401319,272213,383119,897201,789616,525836,458901,304648,353176,254636,910619,928925,606667,151508,606981,884846,928882,317195,934453,286598,502121,599304,759809,840525,22002,245030,125672,880273,229230,163193,826209,852046
459521,286577,601703,35379,806413,380148,980115,832862,396025,968517,660830,932856,130233,48256,476216,363289,277627,662056,354846,679964,586658,941186,868261,203895,137993,970940,427926,370714,951377,226032,935790,307414,959002,403394,881842,861150,976748,631307,193629,888453,23042,72704,301600,347887,514795,523214,565468,642019,527030,308946,210751,510020,244545,89147,428746,580744,771837,646877,560065,200945,60880,922676,795149,912884,526629,107311,546358,124576,88756,84287,312673,285305,396368,817930,3995,60819,658244,24330,57314,507086,602565,552947,801531,262539,204474,982148,152859,387213,741618,725352,365206,323138,645261,378583,883132,156597,272848,160636,747185,209748
628540,860741,638745,353784,904915,100086,909207,504215,645041,691858,863775,761724,17719,819220,593337,110213,547741,687008,611240,995433,503685,20957,363659,429934,367044,770230,965396,266013,720776,147603,865158,380000,607877,485832,234971,215533,995424,295227,694352,956299,395833,352902,577626,395337,842260,19302,815663,130526,665000,508738,476342,874709,861152,545604,888318,687253,172835,333263,647701,29015,57550,566480,838226,669236,62771,511922,554781,566130,735716,93146,657403,181959,801835,888346,353976,666730,964410,901610,308234,875810,761933,842523,401663,191294,432052,342997,926643,627876,13806,295585,603140,956433,45282,358676,336775,114342,342650,627752,387327,513385
66800,664321,280276,49518,695350,274993,707225,228096,912474,282246,152166,538594,223241,686394,215473,442136,612973,52725,686472,518588,433641,597219,70622,580271,780865,229800,892966,859370,598981,890947,875403,360127,763880,375206,683497,542210,259072,766358,926421,486057,858873,84560,763682,960964,931065,379260,975473,822561,300253,717520,879511,2042,909917,968386,251539,66854,691793,957546,352406,428282,832370,826371,224627,730455,281018,587380,377064,53614,320895,993756,389633,821161,464770,680422,249558,509841,188048,308633,637084,789742,463697,653945,152179,572653,965204,76831,92657,89694,277537,791140,985784,638999,828926,130899,996900,175058,604571,689605,130599,524735
149003,893489,165963,64177,103085,479941,147590,432956,139777,973383,151161,490781,893554,349662,820295,462349,33019,621675,574797,757088,33354,629445,550278,167381,740395,226369,480165,572226,51467,215257,738839,906786,726049,464019,553263,68756,339585,651042,850914,747541,699113,357317,488058,84668,589026,432785,895333,217062,640985,548039,449815,184222,851382,783004,243781,946299,921277,351133,973112,84112,382691,772396,653482,283339,990205,49525,199203,55667,166913,292315,757331,848410,654458,509641,942578,651100,460998,901972,646701,929081,489567,851356,755074,359958,491076,147389,433881,81619,120552,812079,838640,199158,941959,190852,948793,806100,685011,782141,166950,425008
563903,734469,259486,732120,638900,232020,828583,938722,108195,586473,675608,218091,951449,257416,955751,461332,566638,854060,117595,232502,278037,460321,263304,623846,269598,913050,800124,745194,145350,158216,153870,21019,236079,893843,822223,137974,444366,70705,219860,757617,38285,831000,13622,263275,424425,381857,755358,809936,460337,299705,299309,693952,965477,757820,50895,299682,699118,265061,498205,404570,541008,783520,194963,610715,56833,845190,933776,161144,991235,407107,635018,215768,521437,78958,563827,247736,952779,174366,362677,741254,772372,847955,170766,573348,175261,327966,371046,677965,139860,197743,977347,309737,33585,468742,899432,308998,487825,67084,751355,323022
554330,718669,340905,762599,910684,212570,274103,516293,391023,495647,607576,121552,954409,104689,497828,371491,480979,305121,705852,719693,958219,359520,415931,139187,59902,252009,651264,511474,976723,745278,9954,569528,439579,615442,762179,42571,694769,319069,805233,785129,603968,634027,868244,844955,547775,524630,391189,80435,272141,505012,434944,623434,679986,302652,872891,45487,61653,837518,442138,128919,597697,710711,488068,592558,4655,317089,51939,561920,388413,988429,691882,990516,139524,703866,258399,134588,359864,804720,496212,355902,513423,486902,470154,538719,212495,788181,300624,944084,646357,756428,764761,474452,877059,786099,101959,897375,329066,663932,575524,66540
366082,395611,673267,322724,947398,286457,759096,654227,111694,58228,480074,366760,474612,972712,936465,112072,569573,974421,638312,672057,206204,360857,729747,571256,529941,417101,315022,311349,678564,223710,394296,367383,110740,185472,800447,991922,13037,379269,981155,657466,244246,500339,572761,654891,16026,120515,118868,143675,947262,517537,872069,655288,338156,180314,387241,370444,989864,939541,964548,955452,926301,286641,456577,463219,600990,485648,973796,760961,643927,205337,535331,698035,353620,657468,861549,959856,179798,877824,486578,493720,52419,832571,965498,588082,293712,535181,607481,237465,700864,677611,333757,892919,49240,933275,457473,162948,545867,677971,661071,475285
14072,474199,781292,3085,545373,461533,735428,594784,871342,599720,872679,530591,374031,862525,438628,46852,621242,184598,160989,435700,898722,989772,766623,932099,793641,462344,323696,381787,354711,287526,937865,857730,203665,130999,600283,670981,212831,718459,610247,926315,377152,821106,862683,356865,215313,912351,226486,362314,786890,687978,102772,862510,127654,575576,503971,373636,157214,515376,245119,159141,897682,305882,895315,213533,963592,331547,113188,136873,486679,946711,708315,58319,609646,47111,770095,143000,862527,504709,597055,854433,497573,335839,407386,210979,628058,969878,872795,862518,429920,794176,818784,685286,787134,331516,855187,130837,936769,51114,571307,354813
992268,781160,811578,542248,608444,982005,800739,956122,351601,864804,118437,851226,83111,699886,750815,262604,762078,872758,108054,253279,324548,779688,190846,45022,362178,114026,375195,613246,509570,277917,301748,385654,152571,263310,278882,967912,277698,984719,73794,726383,926430,761083,291663,114015,373343,79668,485846,660656,688086,544928,25856,545631,345504,639764,956854,821054,614828,890217,730453,12997,714242,420267,861940,653985,291309,47120,68777,299443,961549,819634,864937,508628,595151,70180,531224,45158,253587,619062,366972,639741,506976,596884,826987,794704,13047,827216,351411,860155,249994,83096,265555,271512,958006,972703,602080,897190,53601,670708,13682,161769
120429,561647,775613,202320,429880,275353,594015,952859,75782,984633,425943,40468,413655,587656,425258,358782,626214,746144,84018,595750,653656,649903,264926,822027,764743,216369,243416,241615,114359,397483,892192,799057,679403,258883,725321,953250,207252,222256,981090,351379,942577,862215,327775,491975,304107,350667,189646,379119,241613,812755,241425,926791,185925,370594,537615,960167,176367,610925,140178,280181,977660,690701,480553,490766,396872,754856,477236,176441,949038,892109,449267,857861,203667,58210,981094,197728,902513,284755,869380,704322,528363,275036,999606,507209,910957,76761,854734,77401,480529,536813,626547,36988,952796,926218,572674,140640,537569,163529,871722,862230
28211,213623,717618,595475,545205,516274,92225,136631,493293,639160,940238,310013,477430,454290,411099,418695,69919,757872,170622,54724,231987,23239,456758,374861,580109,937552,476282,138855,35173,547292,173709,522882,975492,496073,405101,602283,281640,40505,785377,540863,692597,579549,341325,573768,518144,416219,15544,170964,768593,920254,305161,353293,123451,859463,666157,127150,320907,630403,425492,200854,355536,730562,786064,311319,558901,557549,577104,335144,939732,97169,797371,8687,734132,474997,757163,215647,520991,370571,458887,801433,399573,63505,97711,407978,540070,931664,142128,793243,471791,832469,935936,559249,218700,39845,927356,3835,611987,257268,557627,126684
625966,59423,644574,620556,644641,631232,507145,433630,420566,987367,140079,409321,522568,120765,326124,563576,512472,126057,474150,998503,529795,389990,349281,552052,943642,660159,104599,297488,71003,480890,658354,832619,905210,968003,887899,552333,318815,120844,381240,6803,626456,917371,132948,210476,248930,529962,342317,66028,413916,197056,414492,392343,16425,628620,311241,273688,553936,561154,365370,619904,589432,638636,947304,960544,198052,322787,754127,570489,518212,257093,428800,581385,65114,944860,50976,506377,430227,204464,504679,792874,721683,298985,102011,193325,525026,270868,228678,652075,14563,682431,826025,924945,563330,160565,628752,869260,641542,72505,6968,962783
488070,248510,669193,190061,228750,231005,332374,141124,180548,989445,146142,436198,163375,938469,598617,794908,734722,140963,570039,927116,269039,451711,933133,925756,227107,538296,195688,611268,465198,886792,8088,832642,173718,286743,560886,840541,387784,465842,515754,953136,734490,935295,719086,756240,943726,998223,918729,328940,75942,736447,823514,381775,426160,43991,495289,381749,428188,231100,569426,656100,914708,765520,692968,511948,363470,748371,547347,120220,898376,85712,438445,712564,467236,400789,298205,383876,106099,720990,36066,286849,503070,11212,400479,122723,135629,30034,169466,184922,86960,43900,821715,264988,423413,957709,690167,123247,201950,936656,203161,421004
789491,981296,186740,610462,92640,156647,7062,947165,790154,752198,877651,652027,370492,674962,467048,256436,519516,965342,918244,395524,738048,713620,959979,590028,110637,670121,538078,326895,142188,34137,264744,180042,861866,82495,452799,721315,990475,297272,415799,361532,259389,858778,789115,310144,862729,268262,681983,64399,918246,417689,3262,917462,597159,63376,45254,891518,830420,940274,877567,736534,606431,925620,404718,994709,471649,163095,276527,74695,981863,165438,336286,497610,282278,161614,589513,566592,99751,220537,82977,621049,249169,461221,391075,847104,946722,434939,709977,643218,218649,621674,855278,560895,934320,476379,508803,940571,427437,128099,823886,781845
544746,186444,788166,958644,370361,610229,207739,197629,231985,998225,86179,402636,599840,367746,863692,291640,863256,633968,155584,232031,460205,792332,988404,151992,999087,641012,981583,972624,375317,683656,731589,996590,91231,753113,273049,749374,115387,166182,252458,832119,165149,667811,699793,891806,811423,177554,90939,560309,416615,381685,74924,331603,79889,622310,931874,999123,591592,745925,384618,392115,45546,93247,276729,400881,91714,567444,218501,596121,876480,903105,89326,91672,649153,934431,688462,828116,984868,601774,785852,570090,70936,597500,309258,248658,15772,34588,448449,682091,307198,740774,774816,608889,496646,251358,19250,764566,177871,879321,421723,856154
317068,315282,620339,413839,821464,879122,51906,509326,135420,763255,362513,573457,553317,834244,942579,340615,904185,292152,862684,644484,543317,100935,931021,513495,847670,211260,754162,818844,159983,639658,837620,215270,226632,6123,700193,755164,6615,657821,185377,996375,723929,573623,900479,251594,646524,543298,27956,403282,810374,478141,710685,543361,900407,468883,322363,789817,608476,925406,237751,974934,977572,54664,277965,297761,384155,751388,340478,217193,27109,574336,98441,27289,877002,747542,631080,814648,114346,466615,521024,970112,503963,977278,238598,834484,848744,333674,343065,747403,477966,747284,78765,911064,28749,342136,513624,444180,123493,221697,914370,180490
503532,151465,151463,842673,414527,31494,27543,661336,414570,956785,525148,310944,205619,776451,914900,642601,969331,780274,712587,435142,967575,917939,958696,967095,869497,681939,272126,216006,23888,586395,341657,843410,296621,688509,587569,87654,31336,226815,94778,4746,874927,886024,779669,737426,766678,273786,986206,268849,150814,201759,649664,97546,247698,12705,415054,130612,594687,306597,548199,56976,581410,282153,975710,694961,4700,820841,804638,337070,321186,876325,462449,265385,196413,45226,281065,476261,626112,989390,372100,800761,666260,450245,293170,414332,889502,170547,411336,278066,462276,890057,383252,86167,562083,966660,25705,141269,772916,638472,128539,624057
273985,704374,628646,246650,131483,568992,283244,536855,66310,628649,252783,568988,406879,704316,743132,231117,628647,331143,230465,406875,870752,468784,406319,406873,751312,568994,933411,751311,331155,374848,546035,385988,546039,751283,828173,877499,751262,806994,568995,406895,406874,219080,472996,704373,230634,640547,217645,512759,230540,586097,744112,161874,995081,699361,261007,231060,586065,131482,131481,512757,406894,465107,406885,406896,74261,624155,717892,940293,751302,744113,618700,928387,472999,231116,202381,246392,406878,465106,425589,704375,717901,31385,374844,907968,465104,269279,331103,806973,406881,751301,699206,252784,704372,352602,220874,693530,671108,352771,283243,751261
63027,209733,812961,102847,106858,750053,239313,724688,160075,613606,71498,432062,98629,970365,771775,449705,239462,365534,181727,82826,831040,546137,143091,478204,264524,912304,141805,737443,613407,42122,974825,100926,71356,745989,97255,316636,328643,645433,263130,55379,176716,976809,860295,340578,264290,726741,239996,694015,112241,588213,913217,297786,868793,352880,550219,501154,726752,345440,632016,867260,827559,688113,306445,413945,215762,322138,678087,121199,893662,913032,157416,770597,885333,636922,680497,189296,724572,683330,867085,205243,572457,175048,121021,656920,659380,574076,565055,266468,60475,600978,994906,838230,404469,687645,992302,885126,910408,70923,490765,803705
763777,85499,924566,753970,641457,439927,288457,368146,762415,811216,455143,797143,190370,889800,327926,760982,258010,902431,653982,859109,185248,47568,541169,79314,505879,43961,646716,388158,160942,70679,561516,823460,479275,577557,149626,249784,363990,176137,366816,797976,978157,945342,588026,990884,745366,645233,168072,629826,913055,663559,736574,915081,699868,614600,196097,995346,317806,848376,869526,563723,113191,507846,978365,821954,564592,226236,826993,424551,902957,775357,285000,130190,117875,162185,255816,695087,34709,545903,106797,397173,440192,51936,577934,812729,895257,190108,462193,418003,297795,895919,537478,911387,352079,683810,355698,827927,436423,460169,11959,332783
113660,533074,13027,777159,143975,644609,959156,202578,760579,378218,756606,499259,376980,96641,376514,452560,173028,629407,629778,602076,412269,589657,359614,876884,213356,823601,324362,562266,263619,541188,266095,963052,748076,31714,887535,248905,734053,207239,176825,619038,643403,901111,488135,130549,462011,75178,398886,565441,510005,487418,321724,693969,531140,377027,331892,111107,959666,759631,434384,630948,943689,20920,814794,212851,487034,20510,839378,181193,965578,537075,362500,391907,353810,433212,694073,369338,174141,369345,398781,629190,406481,928116,587377,98089,930456,916062,211780,548079,692623,720782,429902,284112,212677,555672,445607,841317,327086,919769,473453,760660
434641,708611,708330,695492,839319,311426,259270,751680,42670,151152,895264,388468,311357,718298,174894,612622,911515,611910,673921,863063,971250,305980,718252,299094,388685,750696,708421,434572,717978,507843,708709,311361,311406,572455,74673,181404,691615,837522,547720,754104,612574,47102,299979,179754,721167,258854,536434,932529,261525,612529,311392,299998,627196,129645,612624,612572,800225,299970,477657,612785,311355,619093,407487,805339,499715,568537,691475,43039,576895,299988,687698,619031,500146,612531,311444,932448,431053,226583,687759,708423,981611,725773,503981,759656,620359,970237,970950,921611,695373,940987,982511,457325,746497,631294,680195,854299,2458,413046,26445,718295
958651,688573,311983,429697,162587,338990,428358,36320,28310,455986,617848,761777,233906,106117,88717,678694,928965,429806,454367,297338,243076,88721,429086,720289,47516,370020,530939,660183,529168,88792,240327,632594,107966,607196,106208,225010,988672,234429,93948,717363,240443,627404,761775,505713,492741,178232,10714,735362,88688,813364,227424,638805,8115,804355,301273,88893,889152,457598,384866,789743,775960,511519,917811,88702,625788,123442,578417,86147,749843,117239,65298,737258,562005,335760,753850,874679,29778,844355,225072,4893,438857,256594,518215,972380,481999,419262,568005,515918,101884,383821,105983,880576,855368,541866,106173,374411,110857,539110,986369,400070
212474,622334,283366,135775,212475,517350,135777,508494,384041,770454,740038,622332,984239,868901,31437,212504,667014,519820,639895,748922,509120,284400,614282,78839,135774,564002,621902,916212,484427,484608,384141,212477,984956,232529,258091,257455,656243,484420,129912,32438,899214,212486,405207,907282,40538,748437,435628,622333,31977,605959,861512,256946,84285,31429,623626,418669,647727,223769,175268,605954,621552,484436,212479,688054,940731,372096,631823,257395,118400,639891,992290,794247,605955,822053,605896,32500,212484,484543,861460,861449,622099,101363,894407,369121,484635,494160,508642,798170,686147,916004,258374,467296,284390,88138,985020,484654,671093,32138,751555,32283
2089,821823,767753,233975,647255,916162,425447,768029,48574,966773,861228,516295,368060,671467,734776,861350,37148,609725,294784,214466,737988,665967,485343,662016,681111,65488,647262,234455,162258,126966,344430,955781,69091,33218,711592,715436,67262,710455,970336,922749,49057,614337,691253,49050,786292,890808,745562,615160,215513,69403,433146,620978,49051,162479,214470,555051,330444,305353,909423,51173,760614,862343,978036,830180,369583,49048,3678,970633,284500,163945,207639,805412,294676,691301,603271,187424,805805,162485,338502,116930,311164,418966,815240,491432,235403,221551,431379,544470,236613,49049,726241,351666,941582,132643,26053,653907,69216,484752,367297,744443
8859,419154,877038,553728,419152,728069,813643,802113,982597,390691,175295,179602,754741,770189,299340,749618,182581,955052,899165,311539,981527,552810,486433,678383,179514,59134,419139,222458,452888,311396,114547,490792,417138,161096,188183,273658,273449,381123,547612,377251,380701,311462,182300,551484,311459,311443,311485,754742,883171,222309,545419,546357,911501,267571,608979,687363,486432,844558,547666,20744,110526,897520,311489,376896,182826,505058,473922,877030,350772,380699,321132,176170,682753,694053,765106,662831,58904,414034,362935,908631,721479,174974,138561,273596,963082,739634,871058,565252,179561,780270,243798,419141,499065,206101,854714,959876,486342,716545,959149,730418
91035,301923,159228,16754,860089,6067,111766,797209,801968,37035,339382,446400,878137,809631,670174,323094,388171,272749,458136,515754,847596,770354,155838,86213,367729,914897,902558,881025,704007,69304,413908,382661,766088,411476,43174,495092,374196,188466,312599,328950,169482,891784,372527,37297,660016,672733,743255,89789,9412,235066,504202,313828,989918,983176,803652,785347,963436,645366,635601,914468,526065,309041,240079,313854,934968,111857,269623,76301,231262,209150,656454,673574,483165,266596,382208,228625,426869,421557,734435,365459,632508,518618,544934,229159,132490,795191,231389,866408,849704,597782,195302,692604,732931,963368,552211,254186,758427,459158,91411,90488
306838,564774,247958,971684,240367,757121,392258,121331,958820,145619,88617,288736,939818,172654,502300,756060,887258,923453,447047,846929,207627,252862,467488,650543,959953,495141,936845,9037,190508,365262,599283,317039,705918,826007,182807,414185,242934,825979,539275,679033,199385,243981,45141,820715,275727,887587,190502,241071,939863,279239,297124,289506,475485,570758,912139,430014,130368,633698,425211,888006,48161,164685,922979,503340,551144,505863,962714,666563,786588,866913,941551,546816,195931,721982,599527,825853,640569,956434,124501,783706,429778,837703,556482,455369,23324,37563,908610,187286,261199,320604,337143,556072,231337,105026,617551,653128,438559,761703,322628,571048
343275,512296,339512,224254,394380,675658,851854,186404,223638,712932,588346,156208,552221,51730,210890,753364,247498,556668,986183,617010,831590,940973,727261,59387,487459,634659,899763,793638,48960,549303,33339,235815,155538,792967,95754,398652,955845,89963,327026,474979,996187,694388,343041,858745,311176,846924,294478,35403,55501,408590,987695,532227,946675,9809,427330,260643,701852,906133,193747,164459,873632,148026,842120,264751,194028,261564,954176,587990,476554,664359,245459,690907,177262,149195,312921,787894,485209,277931,978363,682362,850295,477614,426815,706969,903587,483175,164660,246849,341796,497210,664963,978244,424480,674096,580820,643217,949071,421456,880517,923919
597545,157040,934222,481823,276770,295382,125567,730145,192537,383003,880806,861580,186741,276674,844309,481096,21812,430999,800036,718399,52980,538484,803972,702254,278924,346088,369522,511039,802217,955871,287269,977699,885337,370008,597606,36815,476867,721825,698443,253511,524569,307453,949751,692884,53518,487232,670928,753628,930969,998982,579495,602699,14825,732764,773013,286791,826439,728809,594325,52232,804084,946545,836141,60938,545000,535775,265396,327225,175446,989856,880575,948742,938546,980731,600098,338479,194955,497588,819945,604413,35402,749972,694863,598201,953158,878595,538842,644994,669674,999246,201549,203373,633692,861037,315328,680732,692940,978329,713652,992840
433865,433960,593460,182190,809774,578831,315737,640864,523685,297629,930392,166136,909679,816000,280690,705982,337151,491998,709814,358267,379940,924977,682144,556653,806294,927657,239842,191355,537412,168451,972961,335259,420336,9149,633458,867458,458036,706241,488792,742805,761411,915881,183385,728859,997455,657842,411388,221536,682206,998275,780033,904160,550552,243344,355141,223447,550630,948414,25524,429730,208112,210827,881677,727740,603415,186134,86467,846607,662293,330342,520987,462546,268294,300339,237644,912012,792844,40731,714604,180465,395588,510241,845650,710103,334478,420068,669471,785857,654434,710099,135707,748584,111971,463498,935143,384427,623827,824477,604366,702015
813630,264741,677002,121653,974045,700193,258991,651873,6838,563131,93741,41781,679575,780922,910367,925406,789342,123666,244180,565789,732584,646669,895435,50953,587006,845935,862603,77516,371324,482538,680969,949081,441354,904445,512947,159425,135202,818536,591497,152677,847738,714529,516322,879009,249041,645974,326799,154653,747580,967642,272458,461025,874294,41761,785781,646664,214498,217817,508557,843544,308800,819208,729405,644056,737225,694025,554779,411366,288866,381362,448043,218450,685466,871536,689928,843000,904474,262504,39923,148116,745993,566571,123185,614091,420556,756427,153930,485186,720408,617794,981037,618288,325490,310542,54899,713403,607449,576995,205658,77163
477115,752807,788024,849649,116511,362781,49115,624581,663290,302435,181666,394717,186019,639227,865458,337675,342387,460331,930695,138848,673776,626819,518592,464425,433290,456167,941519,60842,509151,520483,186127,200793,364331,80161,926642,638138,893017,179402,427491,79877,852699,71831,45093,996220,414420,899967,742883,552185,556411,303354,646298,728607,621175,731978,563120,747575,742893,864384,155578,250782,295593,531646,783251,607753,556878,78086,726267,580300,941313,59303,84531,83137,791657,293844,537380,542178,694194,542087,605240,857164,994203,819075,967096,53450,979010,78149,489569,612119,879316,736443,111536,81300,225308,391325,730658,273545,150021,130448,981346,81390
909179,235766,897245,682230,229373,536542,554891,858016,554834,657378,235834,28899,956251,86177,32261,378758,639249,574332,863822,168476,20186,680722,158686,360225,19787,524139,227398,271735,32487,386858,258364,688117,512836,417569,689559,82717,773233,355426,609717,684958,348205,711347,689782,696914,208919,254800,720488,71704,546103,465356,550586,76336,795696,206036,439528,455630,224301,739856,213017,224346,725138,952659,424447,616515,121512,32441,279760,421814,453075,696630,781014,705139,291405,347477,744921,211081,48766,934025,714439,538343,615376,765802,798136,310003,129816,280738,839269,471480,21073,45435,933485,122882,281051,460320,930213,991670,19865,81903,392282,948657
106279,919937,530662,474919,367235,202530,59747,35347,745859,256620,252065,145960,965441,45511,913817,757341,986622,633786,536645,479101,605690,721382,190115,624897,514199,572079,973695,918513,326660,526883,179104,914254,573063,808402,189814,735065,876798,203243,741860,491675,842293,320913,990852,377569,404272,422853,866150,230605,27863,803833,582065,54226,734114,730501,639271,2955,929828,679313,844576,298561,589864,133641,140396,261362,631177,194717,148642,617299,29340,431912,860077,964926,418570,155027,53444,899154,62412,713672,39031,427840,967102,340242,799834,192406,568544,781916,730485,405070,660674,755596,289380,552816,921393,97578,237658,163036,741141,427485,73195,637699
757415,42220,440237,362442,602452,823533,704138,43718,165642,347588,528969,760869,900702,134407,740529,823426,609260,315368,497225,991275,724986,655669,457447,419585,902005,697038,545891,446439,12530,468046,435185,141518,713389,360985,189322,62105,427630,207425,213233,406917,96201,565803,170788,102984,447532,851447,564024,415617,841241,947301,265399,238235,303955,552957,316480,170616,663719,240663,333514,872979,609460,18575,952095,169037,193236,787353,238724,658557,386786,219740,174391,561697,972342,608674,402856,973063,926487,415260,831338,745689,222551,609798,143151,577679,536490,63958,651553,174528,847332,427662,31431,117307,316896,173957,704037,193491,702777,726056,44289,909676
685854,517229,278401,968320,455508,998903,731163,231685,925726,931564,945220,539686,784762,910392,976485,905743,193408,701794,689690,720657,126240,153615,405989,523045,945813,731650,205348,283314,761348,655224,269193,144966,189514,662056,356665,129079,344873,556493,223940,324951,85787,239889,182071,959038,336013,750781,363373,559712,365841,501470,647214,18082,554511,902273,769592,231263,390332,229263,60053,325188,852623,666249,551780,730810,711052,689297,120080,570532,828380,971678,692866,431521,939736,411343,379098,18279,541620,375679,908882,374925,203150,35379,740000,86438,156197,338743,470595,262402,669456,455958,74180,240277,611417,192667,907659,580681,459756,127699,428017,237527
823155,231411,988183,871473,181319,996804,399845,160934,416418,56610,295435,322181,821583,563236,562184,65391,905459,222941,517103,103274,722675,591868,892526,143773,831892,952793,310802,215870,367167,386425,340873,202365,869124,543518,531932,413793,748710,655299,502917,284859,954906,925258,315393,200744,506850,805227,734434,73378,982893,520545,985426,412420,860908,246282,213634,145513,188609,751461,722567,725855,243082,898231,252609,617842,486650,292279,850553,296582,155006,570174,688016,124216,748696,47706,306923,43217,405940,182664,378670,339038,205837,452323,309248,267785,617845,696,324438,371858,371395,513298,499256,124954,669882,241423,360855,163682,268499,12062,125896,790420
711467,838619,859764,859327,397169,307868,128511,749069,146487,190036,72299,70461,45015,222067,508715,494011,566769,920071,748494,144332,911977,916584,961371,729095,86746,390981,447710,230134,128891,146697,839676,831142,414472,115504,755506,943589,866965,999464,656865,793234,133399,641250,851892,703622,889442,235805,964735,265904,837452,776980,75352,854880,763094,818587,2474,979821,723198,20527,727124,544723,766898,584079,520575,696462,518940,112697,871708,318556,763414,476852,467647,861917,852124,127921,268753,187593,115896,749149,954820,654324,166173,952629,727840,54488,397170,766471,960233,499506,64541,685564,167504,757076,778932,235753,132855,463269,13014,520510,264261,931487
856055,529747,283797,529742,420509,538265,993051,498550,856064,369789,725775,285546,171635,466242,879028,46434,695393,141940,141757,500968,15332,739097,223313,289622,729363,148264,831553,512613,60050,282109,322504,529745,983680,549735,501464,706596,295392,194381,84332,17794,101064,729556,501719,252801,962409,341998,743750,335855,294878,464359,890951,177,318169,938415,71400,994654,400381,800060,653644,319270,389670,848841,12688,250513,711062,558438,295234,764502,501346,554941,206022,737307,361165,946801,627063,962184,852384,553984,507316,261718,498228,466919,532701,429877,599874,755266,992154,220575,735782,580486,432898,409648,802002,346229,163691,270328,581351,775857,282838,557771
443880,279270,445602,759393,745640,368406,166160,20449,823,362267,265536,33148,28566,494677,844774,614537,518375,830669,555465,252641,117314,246374,25695,555730,122571,146122,431955,105971,379110,157474,686698,825589,978862,60932,285645,182202,453356,833541,851538,413632,732404,379175,596512,146714,415448,366175,10677,344432,92055,369859,761775,64542,962084,823623,847621,102351,20706,541624,700030,403301,901676,254274,933463,985893,533815,337529,507721,64573,317078,688291,735461,285927,25019,673396,153170,375157,695998,43163,289899,721092,359853,921222,136903,282090,864829,774161,236266,105983,325746,536987,830064,472408,261293,913351,115050,730907,285856,62493,548989,410533
68923,57816,940446,472353,75754,29792,942329,802406,84916,654258,2348,678315,132411,802812,68855,969238,654204,561221,103022,470389,46675,786271,278624,889130,33096,425868,699109,879432,323411,626822,295023,23765,24020,665855,401737,100460,321555,155151,624756,133652,14862,779355,728789,408442,974571,755813,425388,283485,986550,326118,384083,472283,345953,815384,904142,359935,574533,60525,561218,869360,47244,256517,173099,629017,65491,665860,228649,18080,168934,204435,132323,46673,34292,351611,487282,43628,941468,722360,18826,548583,121273,852432,8239,636116,234230,978989,371040,278080,563099,18441,123891,903757,147226,278025,629655,801689,439695,69084,476523,55718
577904,545817,749614,663997,628474,433165,757692,602084,820553,627123,507893,999836,44895,339208,450721,390643,530683,387565,191304,508456,813874,448038,663998,611144,979994,786900,500771,619103,352076,330036,499688,602088,663979,243848,887345,552617,756414,395652,58250,206407,180029,742610,577708,664089,336916,902220,500460,202184,514842,94754,780227,179941,419501,25658,879435,528327,56128,353617,180160,635430,220108,351845,299618,46194,795301,842227,749713,667258,336693,181118,991798,386471,885932,285282,121195,550969,163097,617683,700891,376499,574178,45200,347878,100098,563363,205865,977288,427845,778984,179949,836100,387844,752005,761059,516203,255031,619058,266412,713400,363351
228453,445574,599948,446968,854941,535833,490250,390086,40279,198902,490409,657789,507391,564423,991196,691211,902102,754243,356371,946703,630512,100136,275595,493031,703679,868429,133014,947046,23366,588239,405503,988273,346140,798315,945842,594330,18275,243282,390977,459571,867988,966101,491904,898097,460375,346047,769221,764476,694262,394381,397105,912823,104170,594180,780380,149547,358074,761061,448498,793228,221818,199077,63991,962601,913038,56829,1582,199443,958078,494227,123497,699168,591099,798713,543160,974598,962163,444008,115859,608717,181487,331768,755215,245950,865254,277254,114418,725820,468927,77402,642519,754154,490538,538191,798839,803061,980803,490024,227155,558450
672811,834839,310284,929832,214446,82606,700029,989536,592040,851628,283935,619766,67245,600860,295268,783021,637719,334680,769469,851650,294625,370111,678070,260495,82394,301483,660331,122767,980462,116597,230952,82924,600846,165906,685020,74712,223375,197527,296248,335193,158774,862903,214804,279330,296276,992131,831070,783253,185979,613952,794534,184594,964952,102499,950453,84494,614022,350066,270327,560020,282023,560774,375060,621662,296298,578256,373056,453385,233521,308956,102510,869047,218181,432991,898416,771776,165125,614166,913273,691448,10808,943959,468150,214586,27920,916139,947173,695250,127535,633121,464233,853305,564499,962064,560316,767937,295822,49806,673667,953362
915398,944012,277413,459015,397689,617096,277557,472378,331692,220070,345829,653814,971477,900642,586417,541261,70533,226927,304112,714612,771950,342479,150032,443186,769921,378135,222604,160085,664605,103642,67676,937773,926497,658428,700258,186670,577319,142313,778995,400769,901487,127818,541202,151056,184175,99819,24854,889243,362474,678067,42821,952849,129626,868482,251763,631738,264141,10318,563614,844952,901583,240658,577949,112612,556603,498102,721292,739566,553706,567398,878741,386099,64539,763051,70972,54522,32377,174735,860338,508379,434560,220503,414990,749768,399277,735776,473828,248051,599722,673903,364721,351002,759239,749571,898519,376325,25859,969132,772012,725408
305456,862208,164586,41431,41484,41321,41453,898977,41263,41154,41325,622950,862209,370103,684479,336517,41316,41286,41319,41505,336489,41350,336512,41200,41402,845069,622953,41241,41217,41489,955972,336487,41462,622954,41454,41267,41438,41472,41301,41215,41445,8967,41426,41315,41288,41446,41441,336516,41434,331963,568604,595839,862207,41449,41186,41318,41228,41197,41227,41224,41204,41469,41479,379874,41487,41477,41451,41394,41440,41490,356729,41448,79511,41480,622958,41320,860164,41349,622957,41403,41225,230894,41303,862206,41323,41257,41384,568602,867558,568594,41198,41379,41488,41473,41385,41178,41324,622963,622877,41314
405609,101755,908582,37,621813,938116,47076,496381,528269,843993,268376,161334,128954,883697,444767,615109,71211,932061,235236,625795,46864,545491,381729,234442,528270,984047,688749,353235,705688,32,615040,2057,993778,371111,46867,167212,46865,95098,439909,46843,46878,46844,466595,160869,210589,353236,434958,46845,283937,46895,46842,46892,946404,405607,734642,46866,46877,46879,729071,46876,46894,46896,945355,838878,328612,728353,165320,168674,908579,46893,46891,321542,630689,480178,668588,423511,381817,396310,46850,850698,651899,203525,908687,909017,457724,387822,835812,46906,381816,46908,639133,859706,721551,121817,303188,719877,498814,122340,439887,728356
544272,381787,762663,263724,454391,360465,765305,695053,547197,836321,458647,544171,497315,813538,554937,193880,923912,824687,474630,240973,575516,915803,78829,458703,931253,732530,566909,722522,844449,981907,385533,853491,539804,824221,87252,448539,93866,806576,430987,209950,599566,866922,707392,987430,335772,527904,284519,916592,399914,936397,547403,505713,689518,335330,372883,305444,809196,122655,24240,670454,688562,702846,617848,35502,664662,676448,352278,106741,234623,532398,844774,766067,438256,924252,496114,785496,216239,208594,935312,437073,666173,600799,704280,714132,330528,718227,859578,504686,768000,842040,491566,383443,375555,639343,815079,921853,709465,487891,454807,308929
816191,898278,485004,435174,10976,263702,263703,77463,674122,158890,900590,29131,611360,272502,414784,414595,758325,341601,606165,971091,414596,898277,805131,165338,947201,310128,775564,720841,826875,636266,747427,465948,271713,298436,267696,414795,296199,414659,606012,157025,666476,932638,775375,214296,567390,729426,849047,414661,971090,161615,671934,211268,977184,392331,326906,453385,751649,322119,248843,633007,613941,632765,538069,505074,236616,186699,794518,614102,414772,414549,77466,606082,67231,526913,768275,918892,427551,687893,526934,977700,158710,971089,263701,947200,513122,155589,614159,775377,553531,666483,389413,862910,263699,215095,410209,774872,794519,906822,361605,162004
403695,418022,70984,165292,529008,242500,396475,860786,587331,511230,291783,247286,691067,373388,462710,67574,867086,427485,405771,184202,19935,146288,425502,332619,175243,625446,767699,380442,548566,384133,406137,141483,698483,650282,217806,406666,991614,28619,559722,303131,940778,349536,24100,70830,626434,781252,766040,450873,32452,552740,273833,406629,52135,849188,67631,832053,536600,707310,511594,92836,656188,471805,216285,757846,326231,119853,721382,514199,720801,435127,743516,155201,471515,930834,252505,68564,806374,985275,883045,799020,430879,853411,637874,200723,613467,775761,104765,29340,378152,863771,656559,907349,381393,642298,369601,934627,814322,349733,115279,84001
898839,976713,97355,528545,318269,117446,714671,947355,455451,402173,132475,395159,456258,745061,260542,736034,755355,953970,360342,952726,573913,417777,775764,490615,263174,718865,390153,41769,801373,258902,315458,633750,720817,434781,695461,487799,542725,749192,263908,975833,867165,976224,979674,885729,630428,443179,135832,644780,304571,430758,893753,549065,976625,627304,420488,882441,51207,972631,507127,427725,613390,378789,759244,492247,574032,291517,213234,574159,862783,77295,277843,464917,736826,516623,283926,734000,808135,927435,144805,148483,33536,249490,414903,177839,501000,62319,6894,769130,320704,989172,77108,700219,972633,789717,390422,852185,651867,701973,652987,345547
914905,992837,9396,293777,563492,288261,678360,945911,938563,725916,798759,294537,992620,706993,727611,996800,274898,433133,464876,561477,400061,214781,405302,979759,834858,686687,488313,632852,419891,107601,598122,552991,52879,802518,339678,424254,598310,121618,586262,401608,925304,335185,456534,173320,568491,978377,710425,539702,557303,633213,255024,344303,997470,578719,565629,137179,344819,130846,586313,859166,694864,834159,346232,328771,852290,315494,778497,177838,364009,992995,575688,294233,368324,172009,914861,58005,980460,449758,324770,184525,162598,476548,229169,466915,229005,642550,992840,873782,675740,426251,493417,950803,826977,318287,941469,826763,140801,713085,262971,4392
178396,632047,5376,867886,22571,601649,136024,394238,452987,68800,785903,932765,394138,113336,513445,407211,61370,935648,169335,616884,768,467292,974853,424831,782003,346434,817508,392545,564054,878402,953205,439216,223807,324860,333483,201145,724238,569524,641729,177523,703845,629417,357306,570487,972556,809075,998640,38195,570113,333346,200529,317120,255850,547320,591989,417562,692294,328142,217692,411240,324995,411311,104387,527063,22569,327907,251832,340085,926491,499173,191026,989310,832699,797920,422336,591674,744964,999472,276943,287250,151994,668175,547234,236891,781974,213929,463675,438503,266278,683742,135764,416062,932992,982686,809406,237846,625648,617810,170297,844470
896726,162859,203917,942183,485535,911233,70821,962851,203937,276910,284447,900416,146513,203936,206500,742699,23758,495856,410543,402311,672230,910569,176176,323729,96135,115460,387748,905229,911279,103996,876503,960408,210606,511640,911281,932685,198258,17602,929042,543173,167058,203940,126696,523087,644113,760680,194111,907941,588021,836833,95867,120188,199691,203948,780178,389452,525972,520375,203928,247004,788148,618637,35626,369148,884847,45856,132000,823815,794771,875988,230637,62193,356634,203962,688998,39586,511767,194905,575264,543706,179541,911330,466654,243508,529842,836828,653778,27129,203783,145790,863868,560105,468446,27654,298176,936908,377037,401553,470719,309538
201252,695895,239239,798925,984196,721157,26392,721383,933301,381756,796988,760595,933621,354364,818427,746891,857298,720637,381791,205529,466397,86650,470465,298489,442455,797933,434484,224435,918767,968293,560983,328904,918719,317863,868562,439969,304834,414272,176392,204423,175091,236891,482599,775320,357832,145357,982662,316082,328223,61653,178535,646196,703190,135764,5167,667960,423678,200662,482213,639109,199868,688897,813507,405263,837739,652530,3312,838109,856040,1051,304738,402593,946182,125414,937064,202398,497930,766138,388729,987835,965693,208982,931489,544948,988082,210570,398737,804415,706168,574161,875069,360604,113336,86755,340794,531785,743102,989308,188657,5161
303545,231047,305988,260572,176334,97204,923092,92339,608665,881993,742470,354091,859090,587724,948593,690261,844420,349953,214073,70566,711839,212512,512834,470644,275686,86281,618879,569124,298666,899650,620224,736938,547325,879105,550032,299298,82503,77337,872671,252179,495341,574238,881915,475997,841544,856203,510968,219819,822576,659562,963977,971653,732721,879077,42435,559554,222804,494516,500558,385445,944929,923084,175612,152167,411705,607652,575158,650594,407870,697309,575214,424833,989349,298616,337918,258393,989,498832,745841,501487,569167,346420,746545,838624,881893,243317,188258,515870,892839,940554,463722,10361,422352,400335,725824,447496,660718,575558,310854,849792
385135,713731,182796,332886,595894,220357,106767,411915,61878,839534,654844,558098,39175,516306,125129,430519,869732,296312,349629,694931,642678,660616,33510,204652,142374,866960,718288,606318,575106,26120,299016,826909,883257,712685,948516,854104,3076,678686,393362,172696,984939,685731,448270,86897,525702,397793,524563,320139,711207,611287,282658,945022,873883,805999,487910,550982,664416,350224,746519,470100,690302,312995,270229,298617,996492,324744,639211,197100,52192,935299,389913,25945,478660,734254,434318,893246,816336,766092,51848,728114,310169,827248,346244,689117,333111,865992,355953,272153,726324,359066,729968,890843,3641,831903,96723,151785,255561,146018,562189,49069
641499,428851,490874,730601,324849,927241,84804,4012,840275,477876,285536,595072,810907,700749,87376,140326,851304,32093,726008,180535,586288,990289,789354,819570,792436,434073,246133,552735,547927,240858,938229,555977,227663,33135,322579,74278,653247,330335,774476,875777,264081,371695,492469,536191,612756,914871,423096,308870,706729,205372,559194,889015,823664,344998,334386,202135,342633,906124,728274,112569,455232,416602,775043,562417,255699,71603,12228,193096,978373,8012,491610,776326,649933,798339,369237,806401,136078,962594,362244,244486,931865,160239,57822,195621,112561,661993,50177,293233,773713,809465,974077,43546,63873,357762,133017,463145,141583,424180,994332,176791
556663,929566,509885,721660,233764,929531,383988,672984,88461,792063,505351,313495,929523,331315,370037,238457,173521,88834,955378,379513,275068,641192,541906,88705,15461,806659,886250,234800,662353,692930,367769,427999,458657,239048,792930,88994,383631,929019,88394,792068,136467,89089,281909,503263,815444,821725,929429,930357,929520,929545,921356,405641,792844,929375,773332,662260,225069,89454,333912,89117,429365,311868,190316,312919,229451,906523,158617,263943,88942,89163,459564,80004,331340,225108,484834,72365,796075,384258,34892,929397,89133,485673,88811,88962,618599,706781,929012,15652,88761,816627,104095,929612,88730,332925,251263,225150,552242,88876,88482,874189
883177,977141,564939,614829,635766,480958,736805,436017,6625,644704,535900,265844,10223,251708,990524,362941,601351,813226,263254,9343,219614,96869,14527,300386,132978,820588,232954,172927,8039,67461,797696,206410,687327,687328,55752,258695,565126,399286,644926,614777,909496,872156,976947,566847,8323,757200,417146,928507,419238,982535,620735,509549,452823,510314,942745,457385,263193,335096,801462,715634,717769,627012,62010,535989,306357,263196,365656,422371,756988,644788,819005,972718,8475,840206,985829,640782,553855,838090,201185,721227,830298,971257,20987,139611,472015,731436,909,63526,97022,801459,934389,184400,371366,243771,631966,331633,419185,56085,513447,536275
920992,726347,726130,213564,346202,689647,129325,63119,506858,417303,461807,290936,58636,663261,824126,378748,989394,82127,32473,252402,876135,577988,720424,558153,432370,752112,299215,797665,500469,164058,96233,588351,566227,841154,926071,553487,890493,512220,478459,550843,297652,324022,840704,870603,717211,186674,473894,932832,97667,11134,923783,486508,224425,885406,264984,36717,588118,116628,688365,694779,547647,910756,902259,6771,36956,805877,905357,490594,673143,424706,474509,875849,245433,263204,781270,240108,755520,305513,10670,487505,75105,943969,392307,392482,449145,203010,424802,833743,818171,805284,296568,355807,901532,661972,839218,668632,603613,213566,528190,253177
